ObjectNum,Name,Type,Constellation,Magnitude,Size,RAHour,RAMinute,DecSign,DecDeg,DecMinute,Distance (ly)
1,NGC 1,Galaxy,Pegasus,13.0,1.9,0,7.3,+,27,43,
2,NGC 2,Galaxy,Pegasus,15.0,1.4,0,7.3,+,27,41,
9,NGC 9,Galaxy,Pegasus,15.0,1.5,0,8.9,+,23,49,
12,NGC 12,Galaxy,Pisces,15.0,1.9,0,8.7,+,4,37,
13,NGC 13,Galaxy,Andromeda,14.0,2.7,0,8.8,+,33,26,
14,NGC 14,Galaxy,Pegasus,12.0,3.0,0,8.8,+,15,49,
16,NGC 16,Galaxy,Pegasus,12.0,2.1,0,9.1,+,27,44,
20,NGC 20,Galaxy,Andromeda,15.0,2.0,0,9.5,+,33,19,
21,NGC 21,Galaxy,Andromeda,14.0,1.4,0,10.7,+,32,59,
23,NGC 23,Galaxy,Pegasus,12.0,2.3,0,9.9,+,25,55,
24,NGC 24,Galaxy,Sculptor,11.5,5.5,0,9.9,-,24,58,
26,NGC 26,Galaxy,Pegasus,14.0,2.2,0,10.4,+,25,50,
29,NGC 29,Galaxy,Andromeda,14.0,1.8,0,10.8,+,33,21,
36,NGC 36,Galaxy,Pisces,15.0,2.4,0,11.4,+,6,23,
40,NGC 40,Planetary Nebula,Cepheus,11.0,0.6,0,13.0,+,72,32,
45,NGC 45,Galaxy,Cetus,10.4,8.1,0,14.1,-,23,11,
48,NGC 48,Galaxy,Andromeda,15.0,1.7,0,14.0,+,48,14,
51,NGC 51,Galaxy,Andromeda,15.0,1.8,0,14.6,+,48,15,
55,NGC 55,Galaxy,Sculptor,8.0,32.0,0,14.9,-,39,11,
63,NGC 63,Galaxy,Pisces,13.0,1.9,0,17.7,+,11,27,
67,NGC 67,Galaxy,Andromeda,16.0,0.4,0,18.2,+,30,4,
68,NGC 68,Galaxy,Andromeda,13.0,1.5,0,18.3,+,30,4,
69,NGC 69,Galaxy,Andromeda,14.8,0.4,0,18.3,+,30,2,
70,NGC 70,Galaxy,Andromeda,15.0,1.7,0,18.4,+,30,5,
71,NGC 71,Galaxy,Andromeda,13.0,1.8,0,18.4,+,30,4,
72,NGC 72,Galaxy,Andromeda,13.4,1.4,0,18.5,+,30,2,
80,NGC 80,Galaxy,Andromeda,12.1,2.5,0,21.2,+,22,21,
82,NGC 82,Galaxy,Andromeda,14.0,1.3,0,21.4,+,22,26,
83,NGC 83,Galaxy,Andromeda,12.6,1.6,0,21.4,+,22,26,
91,NGC 91,Galaxy,Andromeda,15.0,2.5,0,21.8,+,22,25,
95,NGC 95,Galaxy,Pisces,12.6,1.9,0,22.2,+,10,30,
99,NGC 99,Galaxy,Pisces,14.0,1.7,0,24.0,+,15,47,
103,NGC 103,Open Cluster,Cassiopeia,9.8,5.0,0,25.3,+,61,21,
104,NGC 104,Globular Cluster,Tucana,4.0,30.0,0,24.1,-,72,5,
105,NGC 105,Galaxy,Pisces,13.2,1.2,0,25.3,+,12,53,
120,NGC 120,Galaxy,Cetus,15.0,1.8,0,27.5,-,1,31,
121,NGC 121,Globular Cluster,Tucana,10.6,1.5,0,26.8,-,71,32,
124,NGC 124,Galaxy,Cetus,14.0,1.6,0,27.9,-,1,49,
125,NGC 125,Galaxy,Pisces,12.3,2.0,0,28.8,+,2,50,
126,NGC 126,Galaxy,Pisces,16.0,1.4,0,29.1,+,2,49,
127,NGC 127,Galaxy,Pisces,14.0,1.0,0,29.2,+,2,52,
128,NGC 128,Galaxy,Pisces,11.6,3.4,0,29.2,+,2,51,
129,NGC 129,Open Cluster,Cassiopeia,6.5,21.0,0,29.9,+,60,14,
130,NGC 130,Galaxy,Pisces,14.3,0.9,0,29.3,+,2,52,
132,NGC 132,Galaxy,Cetus,14.0,2.0,0,30.2,+,2,6,
133,NGC 133,Open Cluster,Cassiopeia,9.0,7.0,0,31.2,+,63,22,
134,NGC 134,Galaxy,Sculptor,10.1,8.1,0,30.4,-,33,15,
145,NGC 145,Galaxy,Cetus,12.8,1.8,0,31.7,-,5,9,
146,NGC 146,Open Cluster,Cassiopeia,9.1,7.0,0,33.1,+,63,18,
147,NGC 147,Galaxy,Cassiopeia,9.3,12.0,0,33.2,+,48,30,
148,NGC 148,Galaxy,Sculptor,12.1,2.4,0,34.3,-,31,47,
150,NGC 150,Galaxy,Sculptor,11.1,4.2,0,34.3,-,27,48,
151,NGC 151,Galaxy,Cetus,11.5,3.7,0,34.0,-,9,42,
157,NGC 157,Galaxy,Cetus,10.4,4.3,0,34.8,-,8,24,
160,NGC 160,Galaxy,Andromeda,12.4,3.2,0,36.1,+,23,57,
163,NGC 163,Galaxy,Cetus,12.8,1.4,0,36.0,-,10,7,
165,NGC 165,Galaxy,Cetus,13.2,1.6,0,36.5,-,10,6,
169,NGC 169,Galaxy,Andromeda,13.0,3.0,0,36.9,+,23,59,
173,NGC 173,Galaxy,Cetus,15.0,3.5,0,37.2,+,1,56,
175,NGC 175,Galaxy,Cetus,12.1,2.6,0,37.4,-,19,56,
178,NGC 178,Galaxy,Cetus,12.6,2.0,0,39.1,-,14,10,
180,NGC 180,Galaxy,Pisces,14.0,2.6,0,38.0,+,8,38,
182,NGC 182,Galaxy,Pisces,12.6,2.3,0,38.2,+,2,44,
185,NGC 185,Galaxy,Cassiopeia,9.2,11.0,0,39.0,+,48,20,
188,NGC 188,Open Cluster,Cepheus,8.1,14.0,0,44.0,+,85,20,
189,NGC 189,Open Cluster,Cassiopeia,8.8,4.0,0,39.6,+,61,4,
190,NGC 190,Galaxy,Pisces,14.0,1.0,0,38.9,+,7,2,
191,NGC 191,Galaxy,Cetus,12.0,1.5,0,39.0,-,9,0,
192,NGC 192,Galaxy,Cetus,14.0,2.3,0,39.3,+,0,51,
193,NGC 193,Galaxy,Pisces,12.3,1.7,0,39.3,+,3,20,
194,NGC 194,Galaxy,Pisces,12.1,1.9,0,39.3,+,3,2,
198,NGC 198,Galaxy,Pisces,12.8,1.3,0,39.4,+,2,48,
200,NGC 200,Galaxy,Pisces,14.0,2.0,0,39.6,+,2,53,
201,NGC 201,Galaxy,Cetus,15.0,2.2,0,39.7,+,0,51,
205,NGC 205,Galaxy,Andromeda,8.0,17.0,0,40.4,+,41,41,
210,NGC 210,Galaxy,Cetus,10.9,5.4,0,40.6,-,13,52,
214,NGC 214,Galaxy,Andromeda,12.2,2.1,0,41.5,+,25,30,
216,NGC 216,Galaxy,Cetus,13.3,1.8,0,41.4,-,21,3,
221,NGC 221,Galaxy,Andromeda,8.2,7.6,0,42.7,+,40,52,
224,NGC 224,Galaxy,Andromeda,3.5,178.0,0,42.7,+,41,16,
225,NGC 225,Open Cluster,Cassiopeia,7.0,12.0,0,43.4,+,61,47,
227,NGC 227,Galaxy,Cetus,13.0,2.1,0,42.6,-,1,32,
237,NGC 237,Galaxy,Cetus,14.0,1.8,0,43.5,-,0,7,
244,NGC 244,Galaxy,Cetus,13.3,1.3,0,45.8,-,15,36,
245,NGC 245,Galaxy,Cetus,13.0,1.4,0,46.1,-,1,44,
246,NGC 246,Planetary Nebula,Cetus,8.0,3.8,0,47.0,-,11,53,
247,NGC 247,Galaxy,Cetus,8.9,20.0,0,47.1,-,20,46,
252,NGC 252,Galaxy,Andromeda,13.0,1.8,0,48.0,+,27,38,
253,NGC 253,Galaxy,Sculptor,7.1,25.0,0,47.6,-,25,17,
254,NGC 254,Galaxy,Sculptor,11.8,2.1,0,47.5,-,31,25,
255,NGC 255,Galaxy,Cetus,11.8,3.1,0,47.8,-,11,28,
257,NGC 257,Galaxy,Pisces,14.0,2.1,0,48.1,+,8,19,
260,NGC 260,Galaxy,Andromeda,14.0,1.0,0,48.6,+,27,42,
262,NGC 262,Galaxy,Andromeda,15.0,1.4,0,48.8,+,31,57,
266,NGC 266,Galaxy,Pisces,13.0,3.2,0,49.8,+,32,16,
268,NGC 268,Galaxy,Cetus,13.0,1.7,0,50.2,-,5,12,
271,NGC 271,Galaxy,Cetus,13.0,2.5,0,50.8,-,1,53,
273,NGC 273,Galaxy,Cetus,13.0,2.6,0,50.8,-,6,53,
274,NGC 274,Galaxy,Cetus,13.0,1.7,0,51.0,-,7,3,
275,NGC 275,Galaxy,Cetus,12.5,1.5,0,51.1,-,7,4,
278,NGC 278,Galaxy,Cassiopeia,10.9,2.2,0,52.1,+,47,33,
279,NGC 279,Galaxy,Cetus,14.0,1.8,0,52.3,-,2,12,
281,NGC 281,Cluster Nebulosity,Cassiopeia,7.0,35.0,0,52.8,+,56,37,
288,NGC 288,Globular Cluster,Sculptor,8.1,13.0,0,52.8,-,26,35,
289,NGC 289,Galaxy,Sculptor,12.0,3.7,0,52.7,-,31,12,
300,NGC 300,Galaxy,Sculptor,9.0,20.0,0,54.9,-,37,41,
309,NGC 309,Galaxy,Cetus,11.8,3.1,0,56.7,-,9,55,
313,NGC 313,Galaxy,Pisces,12.0,3.6,0,57.8,+,30,21,
315,NGC 315,Galaxy,Pisces,13.0,3.2,0,57.8,+,30,21,
316,NGC 316,Galaxy,Pisces,12.0,3.6,0,57.8,+,30,21,
326,NGC 326,Galaxy,Pisces,13.2,1.5,0,58.4,+,26,52,
327,NGC 327,Galaxy,Cetus,13.0,1.9,0,57.9,-,5,8,
329,NGC 329,Galaxy,Cetus,13.0,1.9,0,58.0,-,5,4,
330,NGC 330,Open Cluster,Tucana,9.6,2.0,0,56.2,-,72,29,
337,NGC 337,Galaxy,Cetus,11.6,2.8,0,59.8,-,7,35,
339,NGC 339,Globular Cluster,Tucana,11.9,2.2,0,57.7,-,74,29,
346,NGC 346,Cluster Nebulosity,Tucana,10.3,14.0,0,59.1,-,72,11,
352,NGC 352,Galaxy,Cetus,13.0,2.7,1,2.1,-,4,15,
354,NGC 354,Galaxy,Pisces,14.0,0.9,1,3.3,+,22,20,
357,NGC 357,Galaxy,Cetus,11.8,2.6,1,3.4,-,6,20,
361,NGC 361,Globular Cluster,Tucana,11.8,1.5,1,2.2,-,71,33,
362,NGC 362,Globular Cluster,Tucana,6.6,12.0,1,3.2,-,70,51,
375,NGC 375,Galaxy,Pisces,16.0,1.3,1,7.1,+,32,21,
379,NGC 379,Galaxy,Pisces,12.6,1.8,1,7.3,+,32,31,
380,NGC 380,Galaxy,Pisces,12.5,1.6,1,7.3,+,32,29,
381,NGC 381,Open Cluster,Cassiopeia,9.0,6.0,1,8.3,+,61,35,
382,NGC 382,Galaxy,Pisces,14.0,0.4,1,7.4,+,32,24,
383,NGC 383,Galaxy,Pisces,11.9,2.3,1,7.4,+,32,25,
384,NGC 384,Galaxy,Pisces,13.0,1.1,1,7.4,+,32,18,
385,NGC 385,Galaxy,Pisces,12.9,1.5,1,7.4,+,32,19,
386,NGC 386,Galaxy,Pisces,14.1,0.9,1,7.5,+,32,22,
388,NGC 388,Galaxy,Pisces,14.3,0.8,1,7.8,+,32,19,
403,NGC 403,Galaxy,Pisces,13.0,2.1,1,9.2,+,32,45,
404,NGC 404,Galaxy,Andromeda,10.1,4.4,1,9.4,+,35,43,
406,NGC 406,Galaxy,Tucana,12.0,3.8,1,7.4,-,69,53,
407,NGC 407,Galaxy,Pisces,14.0,2.0,1,10.6,+,33,7,
410,NGC 410,Galaxy,Pisces,13.0,2.6,1,11.0,+,33,9,
416,NGC 416,Globular Cluster,Tucana,11.0,1.1,1,8.1,-,72,21,
418,NGC 418,Galaxy,Sculptor,13.0,2.3,1,10.6,-,30,13,
419,NGC 419,Globular Cluster,Tucana,10.0,2.6,1,8.3,-,72,53,
428,NGC 428,Galaxy,Cetus,11.4,4.1,1,12.9,+,0,59,
434,NGC 434,Galaxy,Tucana,13.0,1.9,1,12.2,-,58,15,
436,NGC 436,Open Cluster,Cassiopeia,8.8,6.0,1,15.6,+,58,49,
442,NGC 442,Galaxy,Cetus,15.0,1.2,1,14.6,-,1,1,
447,NGC 447,Galaxy,Pisces,14.0,2.6,1,15.6,+,33,4,
449,NGC 449,Galaxy,Pisces,14.3,0.7,1,16.1,+,33,5,
450,NGC 450,Galaxy,Cetus,12.1,3.2,1,15.5,-,0,52,
457,NGC 457,Open Cluster,Cassiopeia,6.4,13.0,1,19.1,+,58,20,
467,NGC 467,Galaxy,Pisces,11.9,2.4,1,19.2,+,3,18,
470,NGC 470,Galaxy,Pisces,11.9,3.0,1,19.7,+,3,25,
473,NGC 473,Galaxy,Pisces,13.0,2.2,1,19.9,+,16,33,
474,NGC 474,Galaxy,Pisces,11.1,7.9,1,20.1,+,3,25,
485,NGC 485,Galaxy,Pisces,14.0,1.9,1,21.4,+,7,1,
488,NGC 488,Galaxy,Pisces,10.3,5.2,1,21.8,+,5,15,
491,NGC 491,Galaxy,Sculptor,13.0,1.5,1,21.4,-,34,3,
493,NGC 493,Galaxy,Cetus,12.5,3.8,1,22.2,+,0,57,
495,NGC 495,Galaxy,Pisces,13.2,1.5,1,22.9,+,33,28,
497,NGC 497,Galaxy,Cetus,14.0,2.4,1,22.4,-,0,53,
499,NGC 499,Galaxy,Pisces,12.0,2.0,1,23.2,+,33,28,
507,NGC 507,Galaxy,Pisces,11.2,4.3,1,23.7,+,33,15,
508,NGC 508,Galaxy,Pisces,12.8,1.6,1,23.7,+,33,17,
509,NGC 509,Galaxy,Pisces,15.0,1.7,1,23.4,+,9,26,
514,NGC 514,Galaxy,Pisces,11.9,3.5,1,24.1,+,12,55,
516,NGC 516,Galaxy,Pisces,14.0,1.6,1,24.1,+,9,33,
518,NGC 518,Galaxy,Pisces,14.0,1.9,1,24.3,+,9,20,
520,NGC 520,Galaxy,Pisces,11.2,4.8,1,24.6,+,3,48,
521,NGC 521,Galaxy,Cetus,13.0,3.4,1,24.6,+,1,44,
522,NGC 522,Galaxy,Pisces,14.0,2.8,1,24.8,+,10,0,
523,NGC 523,Galaxy,Andromeda,14.0,3.1,1,25.3,+,34,2,
524,NGC 524,Galaxy,Pisces,10.6,3.2,1,24.8,+,9,32,
530,NGC 530,Galaxy,Cetus,14.0,1.9,1,24.7,-,1,35,
532,NGC 532,Galaxy,Pisces,14.0,2.8,1,25.3,+,9,16,
533,NGC 533,Galaxy,Cetus,13.0,3.7,1,25.5,+,1,46,
535,NGC 535,Galaxy,Cetus,15.0,1.3,1,25.5,-,1,25,
536,NGC 536,Galaxy,Andromeda,13.0,3.7,1,26.4,+,34,43,
538,NGC 538,Galaxy,Cetus,15.0,1.3,1,25.4,-,1,33,
539,NGC 539,Galaxy,Cetus,14.0,1.8,1,25.3,-,18,9,
541,NGC 541,Galaxy,Cetus,12.0,2.7,1,25.7,-,1,23,
543,NGC 543,Galaxy,Cetus,13.3,0.7,1,25.8,-,1,18,
545,NGC 545,Galaxy,Cetus,14.0,3.0,1,26.0,-,1,20,
547,NGC 547,Galaxy,Cetus,12.3,1.7,1,26.0,-,1,21,
550,NGC 550,Galaxy,Cetus,14.0,1.7,1,26.7,+,2,1,
559,NGC 559,Open Cluster,Cassiopeia,9.5,4.0,1,29.5,+,63,18,
560,NGC 560,Galaxy,Cetus,12.9,2.3,1,27.4,-,1,55,
562,NGC 562,Galaxy,Andromeda,15.0,1.5,1,28.4,+,48,23,
564,NGC 564,Galaxy,Cetus,12.5,1.8,1,27.8,-,1,53,
565,NGC 565,Galaxy,Cetus,15.0,1.6,1,28.2,-,1,18,
570,NGC 570,Galaxy,Cetus,14.0,2.5,1,29.0,-,0,57,
578,NGC 578,Galaxy,Cetus,10.9,4.8,1,30.5,-,22,40,
581,NGC 581,Open Cluster,Cassiopeia,7.4,6.0,1,33.2,+,60,42,
584,NGC 584,Galaxy,Cetus,10.4,3.8,1,31.3,-,6,52,
586,NGC 586,Galaxy,Cetus,13.2,1.6,1,31.6,-,6,54,
596,NGC 596,Galaxy,Cetus,10.9,3.5,1,32.9,-,7,2,
598,NGC 598,Galaxy,Triangulum,5.7,62.0,1,33.9,+,30,39,
600,NGC 600,Galaxy,Cetus,12.4,3.5,1,33.1,-,7,19,
609,NGC 609,Open Cluster,Cassiopeia,11.0,3.0,1,37.2,+,64,33,
613,NGC 613,Galaxy,Sculptor,10.0,5.8,1,34.3,-,29,25,
615,NGC 615,Galaxy,Cetus,11.5,4.0,1,35.1,-,7,20,
622,NGC 622,Galaxy,Cetus,14.0,2.0,1,36.0,+,0,40,
625,NGC 625,Galaxy,Phoenix,12.0,3.0,1,35.1,-,41,26,
628,NGC 628,Galaxy,Pisces,9.2,10.0,1,36.7,+,15,47,
636,NGC 636,Galaxy,Cetus,11.3,2.3,1,39.1,-,7,31,
637,NGC 637,Open Cluster,Cassiopeia,8.2,4.0,1,42.9,+,64,0,
650,NGC 650,Planetary Nebula,Perseus,12.0,4.8,1,42.3,+,51,34,
654,NGC 654,Open Cluster,Cassiopeia,6.5,5.0,1,44.1,+,61,53,
658,NGC 658,Galaxy,Pisces,14.0,3.2,1,42.2,+,12,35,
659,NGC 659,Open Cluster,Cassiopeia,7.9,5.0,1,44.2,+,60,42,
660,NGC 660,Galaxy,Pisces,10.8,9.1,1,43.0,+,13,38,
661,NGC 661,Galaxy,Triangulum,13.0,2.2,1,44.2,+,28,42,
662,NGC 662,Galaxy,Andromeda,14.3,1.0,1,44.5,+,37,41,
663,NGC 663,Open Cluster,Cassiopeia,7.1,16.0,1,46.0,+,61,15,
664,NGC 664,Galaxy,Pisces,14.0,1.8,1,43.8,+,4,14,
668,NGC 668,Galaxy,Andromeda,14.0,2.3,1,46.3,+,36,27,
669,NGC 669,Galaxy,Triangulum,13.0,3.4,1,47.2,+,35,33,
670,NGC 670,Galaxy,Triangulum,12.1,2.5,1,47.4,+,27,53,
672,NGC 672,Galaxy,Triangulum,10.8,6.6,1,47.9,+,27,26,
673,NGC 673,Galaxy,Aries,13.0,2.4,1,48.4,+,11,32,
676,NGC 676,Galaxy,Pisces,11.0,4.3,1,49.0,+,5,54,
678,NGC 678,Galaxy,Aries,13.0,5.0,1,49.4,+,22,0,
679,NGC 679,Galaxy,Andromeda,12.4,2.3,1,49.7,+,35,47,
680,NGC 680,Galaxy,Aries,13.0,2.9,1,49.8,+,21,58,
681,NGC 681,Galaxy,Cetus,11.8,2.8,1,49.2,-,10,26,
684,NGC 684,Galaxy,Triangulum,13.0,3.9,1,50.2,+,27,39,
685,NGC 685,Galaxy,Eridanus,12.0,4.1,1,47.8,-,52,47,
691,NGC 691,Galaxy,Aries,12.0,3.5,1,50.7,+,21,46,
693,NGC 693,Galaxy,Pisces,14.0,2.7,1,50.5,+,6,9,
694,NGC 694,Galaxy,Aries,14.0,0.8,1,51.0,+,22,0,
695,NGC 695,Galaxy,Aries,14.0,0.7,1,51.2,+,22,35,
697,NGC 697,Galaxy,Aries,13.0,4.7,1,51.3,+,22,21,
701,NGC 701,Galaxy,Cetus,12.2,2.5,1,51.1,-,9,42,
702,NGC 702,Galaxy,Cetus,14.0,1.5,1,51.3,-,4,3,
703,NGC 703,Galaxy,Andromeda,15.0,1.5,1,52.8,+,36,9,
706,NGC 706,Galaxy,Pisces,13.0,2.2,1,51.8,+,6,18,
708,NGC 708,Galaxy,Andromeda,15.0,3.3,1,52.8,+,36,10,
718,NGC 718,Galaxy,Pisces,11.7,2.8,1,53.2,+,4,12,
720,NGC 720,Galaxy,Cetus,10.2,4.4,1,53.0,-,13,44,
721,NGC 721,Galaxy,Andromeda,13.4,2.0,1,54.8,+,39,23,
731,NGC 731,Galaxy,Cetus,13.0,1.7,1,54.9,-,9,1,
735,NGC 735,Galaxy,Triangulum,14.0,2.0,1,56.6,+,34,11,
736,NGC 736,Galaxy,Triangulum,12.2,2.0,1,56.7,+,33,3,
740,NGC 740,Galaxy,Triangulum,15.0,1.7,1,56.9,+,33,1,
741,NGC 741,Galaxy,Pisces,11.3,3.2,1,56.4,+,5,38,
742,NGC 742,Galaxy,Pisces,15.0,0.2,1,56.5,+,5,38,
744,NGC 744,Open Cluster,Perseus,7.9,11.0,1,58.4,+,55,29,
746,NGC 746,Galaxy,Andromeda,13.0,1.9,1,57.9,+,44,56,
750,NGC 750,Galaxy,Triangulum,12.2,1.6,1,57.5,+,33,13,
751,NGC 751,Galaxy,Triangulum,12.5,1.3,1,57.6,+,33,12,
752,NGC 752,Open Cluster,Andromeda,5.7,50.0,1,57.8,+,37,41,
753,NGC 753,Galaxy,Andromeda,12.4,2.9,1,57.7,+,35,55,
759,NGC 759,Galaxy,Andromeda,14.0,2.1,1,57.8,+,36,20,
761,NGC 761,Galaxy,Triangulum,15.0,1.6,1,57.8,+,33,23,
770,NGC 770,Galaxy,Aries,14.0,1.3,1,59.2,+,18,57,
772,NGC 772,Galaxy,Aries,10.3,7.1,1,59.3,+,19,1,
777,NGC 777,Galaxy,Triangulum,12.0,3.0,2,0.2,+,31,26,
779,NGC 779,Galaxy,Cetus,11.0,4.1,1,59.7,-,5,58,
782,NGC 782,Galaxy,Eridanus,13.0,2.1,1,57.8,-,57,46,
783,NGC 783,Galaxy,Triangulum,13.0,1.8,2,1.1,+,31,52,
784,NGC 784,Galaxy,Triangulum,11.8,6.2,2,1.3,+,28,50,
788,NGC 788,Galaxy,Cetus,12.3,1.8,2,1.1,-,6,49,
803,NGC 803,Galaxy,Aries,12.4,3.3,2,3.8,+,16,2,
812,NGC 812,Galaxy,Andromeda,13.0,3.2,2,6.8,+,44,34,
818,NGC 818,Galaxy,Andromeda,13.0,3.2,2,8.7,+,38,47,
821,NGC 821,Galaxy,Aries,10.8,3.5,2,8.4,+,11,0,
828,NGC 828,Galaxy,Andromeda,13.0,3.2,2,10.2,+,39,12,
833,NGC 833,Galaxy,Cetus,12.7,1.9,2,9.3,-,10,8,
835,NGC 835,Galaxy,Cetus,12.2,1.4,2,9.4,-,10,8,
838,NGC 838,Galaxy,Cetus,12.8,1.7,2,9.6,-,10,9,
839,NGC 839,Galaxy,Cetus,13.0,1.8,2,9.7,-,10,11,
840,NGC 840,Galaxy,Cetus,15.0,2.5,2,10.2,+,7,50,
841,NGC 841,Galaxy,Andromeda,13.0,2.0,2,11.3,+,37,30,
848,NGC 848,Galaxy,Cetus,13.1,1.9,2,10.3,-,10,19,
851,NGC 851,Galaxy,Cetus,15.0,1.5,2,11.2,+,3,47,
858,NGC 858,Galaxy,Cetus,13.0,1.6,2,12.5,-,22,27,
863,NGC 863,Galaxy,Cetus,14.0,1.4,2,14.6,-,0,46,
864,NGC 864,Galaxy,Cetus,11.0,4.6,2,15.5,+,6,0,
869,NGC 869,Open Cluster,Perseus,4.0,30.0,2,19.0,+,57,9,
871,NGC 871,Galaxy,Aries,13.5,1.3,2,17.2,+,14,33,
877,NGC 877,Galaxy,Aries,11.8,2.3,2,18.0,+,14,33,
884,NGC 884,Open Cluster,Perseus,4.0,30.0,2,22.4,+,57,7,
890,NGC 890,Galaxy,Triangulum,12.0,2.9,2,22.0,+,33,16,
891,NGC 891,Galaxy,Andromeda,10.0,13.0,2,22.6,+,42,21,
895,NGC 895,Galaxy,Cetus,11.8,3.6,2,21.6,-,5,31,
898,NGC 898,Galaxy,Andromeda,14.0,2.1,2,23.3,+,41,57,
899,NGC 899,Galaxy,Cetus,13.0,1.9,2,21.9,-,20,48,
906,NGC 906,Galaxy,Andromeda,14.0,2.0,2,25.2,+,42,6,
907,NGC 907,Galaxy,Cetus,13.0,1.9,2,23.0,-,20,43,
908,NGC 908,Galaxy,Cetus,10.2,5.5,2,23.1,-,21,14,
910,NGC 910,Galaxy,Andromeda,15.0,2.3,2,25.4,+,41,50,
918,NGC 918,Galaxy,Aries,13.0,3.4,2,25.9,+,18,30,
922,NGC 922,Galaxy,Fornax,12.2,1.9,2,25.1,-,24,47,
925,NGC 925,Galaxy,Triangulum,10.0,9.8,2,27.3,+,33,35,
926,NGC 926,Galaxy,Cetus,14.0,2.5,2,26.1,-,0,20,
927,NGC 927,Galaxy,Aries,15.0,1.4,2,26.6,+,12,9,
932,NGC 932,Galaxy,Aries,14.0,1.9,2,27.9,+,20,19,
936,NGC 936,Galaxy,Cetus,10.1,5.2,2,27.6,-,1,9,
941,NGC 941,Galaxy,Cetus,12.4,2.8,2,28.5,-,1,9,
945,NGC 945,Galaxy,Cetus,12.0,2.5,2,28.6,-,10,32,
947,NGC 947,Galaxy,Cetus,12.0,2.6,2,28.5,-,19,4,
948,NGC 948,Galaxy,Cetus,14.0,1.4,2,28.8,-,10,31,
949,NGC 949,Galaxy,Triangulum,11.9,2.8,2,30.8,+,37,8,
955,NGC 955,Galaxy,Cetus,12.0,3.0,2,30.6,-,1,7,
956,NGC 956,Open Cluster,Andromeda,9.0,8.0,2,32.4,+,44,39,
957,NGC 957,Open Cluster,Perseus,7.6,11.0,2,33.6,+,57,32,
958,NGC 958,Galaxy,Cetus,12.2,2.8,2,30.7,-,2,57,
959,NGC 959,Galaxy,Triangulum,13.0,2.2,2,32.3,+,35,30,
972,NGC 972,Galaxy,Aries,11.3,3.6,2,34.2,+,29,19,
976,NGC 976,Galaxy,Aries,12.4,1.7,2,34.0,+,20,59,
985,NGC 985,Galaxy,Cetus,13.5,1.3,2,34.6,-,8,47,
986,NGC 986,Galaxy,Fornax,11.0,3.7,2,33.6,-,39,2,
988,NGC 988,Galaxy,Cetus,11.0,4.7,2,35.4,-,9,21,
991,NGC 991,Galaxy,Cetus,12.0,2.7,2,35.5,-,7,9,
993,NGC 993,Galaxy,Cetus,15.0,1.1,2,36.7,+,2,3,
1003,NGC 1003,Galaxy,Perseus,11.5,5.4,2,39.3,+,40,52,
1012,NGC 1012,Galaxy,Aries,13.0,2.9,2,39.3,+,30,9,
1015,NGC 1015,Galaxy,Cetus,12.0,3.5,2,38.1,-,1,19,
1016,NGC 1016,Galaxy,Cetus,13.0,2.8,2,38.3,+,2,8,
1019,NGC 1019,Galaxy,Cetus,15.0,1.2,2,38.4,+,1,55,
1022,NGC 1022,Galaxy,Cetus,11.4,2.5,2,38.5,-,6,40,
1023,NGC 1023,Galaxy,Perseus,9.5,8.7,2,40.4,+,39,4,
1024,NGC 1024,Galaxy,Aries,14.0,4.7,2,39.2,+,10,51,
1027,NGC 1027,Open Cluster,Cassiopeia,6.7,20.0,2,42.7,+,61,33,
1032,NGC 1032,Galaxy,Cetus,13.0,3.6,2,39.4,+,1,6,
1035,NGC 1035,Galaxy,Cetus,13.0,2.2,2,39.5,-,8,8,
1036,NGC 1036,Galaxy,Aries,13.0,2.0,2,40.5,+,19,18,
1039,NGC 1039,Open Cluster,Perseus,5.2,35.0,2,42.0,+,42,47,
1042,NGC 1042,Galaxy,Cetus,10.9,4.7,2,40.4,-,8,26,
1044,NGC 1044,Galaxy,Cetus,13.2,0.6,2,41.1,+,8,44,
1047,NGC 1047,Galaxy,Cetus,15.0,1.5,2,40.5,-,8,9,
1048,NGC 1048,Galaxy,Cetus,14.0,1.3,2,40.6,-,8,33,
1052,NGC 1052,Galaxy,Cetus,10.6,2.9,2,41.1,-,8,15,
1055,NGC 1055,Galaxy,Cetus,10.6,7.6,2,41.8,+,0,26,
1058,NGC 1058,Galaxy,Perseus,11.5,3.0,2,43.5,+,37,21,
1067,NGC 1067,Galaxy,Triangulum,15.0,1.3,2,43.8,+,32,31,
1068,NGC 1068,Galaxy,Cetus,8.8,6.9,2,42.7,-,0,1,
1072,NGC 1072,Galaxy,Cetus,14.0,1.7,2,43.5,+,0,18,
1073,NGC 1073,Galaxy,Cetus,11.0,4.9,2,43.7,+,1,23,
1079,NGC 1079,Galaxy,Fornax,11.4,3.1,2,43.7,-,29,0,
1084,NGC 1084,Galaxy,Eridanus,10.6,2.9,2,46.0,-,7,35,
1085,NGC 1085,Galaxy,Cetus,14.0,1.7,2,46.4,+,3,37,
1087,NGC 1087,Galaxy,Cetus,11.0,3.5,2,46.4,-,0,30,
1090,NGC 1090,Galaxy,Cetus,11.9,3.8,2,46.6,-,0,15,
1094,NGC 1094,Galaxy,Cetus,14.0,1.4,2,47.5,-,0,17,
1097,NGC 1097,Galaxy,Fornax,9.3,9.3,2,46.3,-,30,17,
1104,NGC 1104,Galaxy,Cetus,15.0,1.3,2,48.6,-,0,16,
1134,NGC 1134,Galaxy,Aries,13.0,2.5,2,53.6,+,13,0,
1140,NGC 1140,Galaxy,Eridanus,12.5,1.4,2,54.6,-,10,2,
1143,NGC 1143,Galaxy,Cetus,13.5,1.1,2,55.1,-,0,10,
1144,NGC 1144,Galaxy,Cetus,13.3,0.9,2,55.2,-,0,11,
1156,NGC 1156,Galaxy,Aries,11.7,3.1,2,59.7,+,25,14,
1160,NGC 1160,Galaxy,Perseus,13.0,1.6,3,1.2,+,44,58,
1161,NGC 1161,Galaxy,Perseus,13.0,3.1,3,1.2,+,44,55,
1167,NGC 1167,Galaxy,Perseus,12.3,3.1,3,1.7,+,35,12,
1169,NGC 1169,Galaxy,Perseus,11.7,4.4,3,3.6,+,46,23,
1171,NGC 1171,Galaxy,Perseus,13.0,3.2,3,4.0,+,43,24,
1172,NGC 1172,Galaxy,Eridanus,12.0,2.2,3,1.6,-,14,50,
1175,NGC 1175,Galaxy,Perseus,12.8,2.5,3,4.5,+,42,20,
1179,NGC 1179,Galaxy,Eridanus,12.0,4.6,3,2.6,-,18,54,
1184,NGC 1184,Galaxy,Cepheus,13.0,3.0,3,16.6,+,80,48,
1186,NGC 1186,Galaxy,Perseus,13.0,3.3,3,5.5,+,42,50,
1187,NGC 1187,Galaxy,Eridanus,11.0,5.0,3,2.6,-,22,52,
1193,NGC 1193,Open Cluster,Perseus,13.0,2.0,3,5.8,+,44,23,
1199,NGC 1199,Galaxy,Eridanus,11.5,2.2,3,3.6,-,15,37,
1201,NGC 1201,Galaxy,Fornax,10.6,4.4,3,4.1,-,26,4,
1209,NGC 1209,Galaxy,Eridanus,11.4,2.6,3,6.0,-,15,37,
1218,NGC 1218,Galaxy,Cetus,12.8,1.3,3,8.4,+,4,7,
1220,NGC 1220,Open Cluster,Perseus,12.0,2.0,3,11.7,+,53,20,
1222,NGC 1222,Galaxy,Eridanus,14.0,1.3,3,8.9,-,2,58,
1224,NGC 1224,Galaxy,Perseus,16.0,1.7,3,11.3,+,41,22,
1229,NGC 1229,Galaxy,Eridanus,14.0,1.9,3,8.2,-,22,58,
1232,NGC 1232,Galaxy,Eridanus,9.9,7.8,3,9.8,-,20,35,
1233,NGC 1233,Galaxy,Perseus,13.2,2.1,3,12.5,+,39,19,
1241,NGC 1241,Galaxy,Eridanus,13.0,3.0,3,11.3,-,8,55,
1242,NGC 1242,Galaxy,Eridanus,14.0,1.3,3,11.3,-,8,54,
1243,NGC 1243,Galaxy,Eridanus,14.0,0.4,3,11.4,-,8,57,
1245,NGC 1245,Open Cluster,Perseus,8.4,10.0,3,14.7,+,47,15,
1247,NGC 1247,Galaxy,Eridanus,13.0,3.6,3,12.2,-,10,29,
1248,NGC 1248,Galaxy,Eridanus,14.0,1.3,3,12.8,-,5,13,
1249,NGC 1249,Galaxy,Horologium,12.0,5.2,3,10.1,-,53,21,
1250,NGC 1250,Galaxy,Perseus,14.0,2.7,3,15.4,+,41,21,
1253,NGC 1253,Galaxy,Eridanus,12.0,4.8,3,14.1,-,2,49,
1255,NGC 1255,Galaxy,Fornax,11.1,4.1,3,13.5,-,25,44,
1260,NGC 1260,Galaxy,Perseus,14.0,1.7,3,17.5,+,41,24,
1261,NGC 1261,Globular Cluster,Horologium,8.4,6.9,3,12.3,-,55,13,
1265,NGC 1265,Galaxy,Perseus,15.0,2.1,3,18.3,+,41,52,
1267,NGC 1267,Galaxy,Perseus,15.0,1.4,3,18.7,+,41,28,
1268,NGC 1268,Galaxy,Perseus,15.0,1.2,3,18.8,+,41,29,
1270,NGC 1270,Galaxy,Perseus,12.9,1.1,3,19.0,+,41,28,
1272,NGC 1272,Galaxy,Perseus,15.0,2.5,3,19.3,+,41,29,
1273,NGC 1273,Galaxy,Perseus,12.9,1.4,3,19.4,+,41,32,
1274,NGC 1274,Galaxy,Perseus,15.0,0.6,3,19.7,+,41,33,
1275,NGC 1275,Galaxy,Perseus,11.6,2.6,3,19.8,+,41,31,
1277,NGC 1277,Galaxy,Perseus,13.5,0.8,3,19.8,+,41,34,
1278,NGC 1278,Galaxy,Perseus,12.6,1.7,3,19.9,+,41,33,
1281,NGC 1281,Galaxy,Perseus,13.5,0.7,3,20.1,+,41,38,
1282,NGC 1282,Galaxy,Perseus,14.0,1.7,3,20.2,+,41,22,
1283,NGC 1283,Galaxy,Perseus,16.0,1.3,3,20.3,+,41,24,
1288,NGC 1288,Galaxy,Fornax,12.1,2.3,3,17.2,-,32,35,
1291,NGC 1291,Galaxy,Eridanus,8.5,10.0,3,17.3,-,41,8,
1292,NGC 1292,Galaxy,Fornax,13.0,3.2,3,18.2,-,27,37,
1293,NGC 1293,Galaxy,Perseus,15.0,1.1,3,21.6,+,41,24,
1294,NGC 1294,Galaxy,Perseus,13.1,1.8,3,21.7,+,41,22,
1297,NGC 1297,Galaxy,Eridanus,13.0,2.3,3,19.2,-,19,6,
1298,NGC 1298,Galaxy,Eridanus,14.0,1.5,3,20.2,-,2,6,
1300,NGC 1300,Galaxy,Eridanus,10.4,6.5,3,19.7,-,19,25,
1302,NGC 1302,Galaxy,Fornax,11.0,4.4,3,19.9,-,26,4,
1305,NGC 1305,Galaxy,Eridanus,15.0,1.9,3,21.4,-,2,19,
1309,NGC 1309,Galaxy,Eridanus,11.6,2.3,3,22.1,-,15,24,
1313,NGC 1313,Galaxy,Reticulum,9.0,8.5,3,18.3,-,66,30,
1315,NGC 1315,Galaxy,Eridanus,13.0,1.8,3,23.1,-,21,23,
1316,NGC 1316,Galaxy,Fornax,8.9,7.1,3,22.7,-,37,12,
1317,NGC 1317,Galaxy,Fornax,11.0,3.2,3,22.8,-,37,6,
1319,NGC 1319,Galaxy,Eridanus,14.0,1.3,3,23.9,-,21,32,
1320,NGC 1320,Galaxy,Eridanus,14.0,1.9,3,24.8,-,3,1,
1325,NGC 1325,Galaxy,Eridanus,11.6,4.6,3,24.4,-,21,33,
1326,NGC 1326,Galaxy,Fornax,10.5,4.0,3,23.9,-,36,28,
1331,NGC 1331,Galaxy,Eridanus,14.0,1.1,3,26.5,-,21,21,
1332,NGC 1332,Galaxy,Eridanus,10.3,4.6,3,26.3,-,21,20,
1337,NGC 1337,Galaxy,Eridanus,11.7,6.8,3,28.1,-,8,23,
1339,NGC 1339,Galaxy,Fornax,13.0,2.3,3,28.1,-,32,17,
1341,NGC 1341,Galaxy,Fornax,13.0,1.6,3,28.0,-,37,9,
1342,NGC 1342,Open Cluster,Perseus,6.7,14.0,3,31.6,+,37,20,
1343,NGC 1343,Galaxy,Cassiopeia,12.3,2.8,3,37.8,+,72,34,
1344,NGC 1344,Galaxy,Fornax,10.3,3.9,3,28.3,-,31,4,
1345,NGC 1345,Galaxy,Eridanus,13.7,1.4,3,29.4,-,17,48,
1350,NGC 1350,Galaxy,Fornax,10.5,4.3,3,31.1,-,33,38,
1351,NGC 1351,Galaxy,Fornax,13.0,1.8,3,30.5,-,34,52,
1353,NGC 1353,Galaxy,Eridanus,11.4,3.4,3,32.1,-,20,49,
1355,NGC 1355,Galaxy,Eridanus,13.1,1.8,3,33.4,-,5,0,
1357,NGC 1357,Galaxy,Eridanus,13.0,2.4,3,33.2,-,13,40,
1358,NGC 1358,Galaxy,Eridanus,12.1,2.8,3,33.7,-,5,5,
1359,NGC 1359,Galaxy,Eridanus,12.2,1.9,3,33.8,-,19,29,
1365,NGC 1365,Galaxy,Fornax,9.5,9.8,3,33.6,-,36,8,
1366,NGC 1366,Galaxy,Fornax,13.0,2.7,3,33.9,-,31,12,
1371,NGC 1371,Galaxy,Fornax,11.0,5.4,3,35.0,-,24,56,
1374,NGC 1374,Galaxy,Fornax,12.0,1.8,3,35.3,-,35,14,
1376,NGC 1376,Galaxy,Eridanus,13.0,2.0,3,37.1,-,5,3,
1379,NGC 1379,Galaxy,Fornax,12.0,2.0,3,36.1,-,35,27,
1380,NGC 1380,Galaxy,Fornax,11.0,4.9,3,36.5,-,34,59,
1381,NGC 1381,Galaxy,Fornax,12.0,2.9,3,36.6,-,35,18,
1385,NGC 1385,Galaxy,Fornax,11.2,3.0,3,37.5,-,24,30,
1386,NGC 1386,Galaxy,Eridanus,12.0,3.5,3,36.9,-,36,0,
1387,NGC 1387,Galaxy,Fornax,12.0,2.4,3,37.0,-,35,31,
1389,NGC 1389,Galaxy,Eridanus,13.0,2.1,3,37.2,-,35,45,
1393,NGC 1393,Galaxy,Eridanus,14.0,1.8,3,38.6,-,18,26,
1394,NGC 1394,Galaxy,Eridanus,14.0,1.5,3,39.1,-,18,17,
1395,NGC 1395,Galaxy,Eridanus,11.0,3.2,3,38.5,-,23,2,
1398,NGC 1398,Galaxy,Fornax,9.7,6.6,3,38.9,-,26,20,
1399,NGC 1399,Galaxy,Fornax,9.9,3.2,3,38.5,-,35,27,
1400,NGC 1400,Galaxy,Eridanus,11.1,1.9,3,39.5,-,18,41,
1401,NGC 1401,Galaxy,Eridanus,13.0,2.8,3,39.4,-,22,44,
1404,NGC 1404,Galaxy,Fornax,10.3,2.5,3,38.9,-,35,35,
1406,NGC 1406,Galaxy,Fornax,13.0,3.9,3,39.4,-,31,19,
1407,NGC 1407,Galaxy,Eridanus,9.8,2.5,3,40.2,-,18,35,
1409,NGC 1409,Galaxy,Taurus,15.0,1.3,3,41.2,-,1,17,
1411,NGC 1411,Galaxy,Horologium,12.0,2.8,3,38.8,-,44,5,
1415,NGC 1415,Galaxy,Eridanus,12.0,3.6,3,41.0,-,22,34,
1416,NGC 1416,Galaxy,Eridanus,14.0,1.5,3,41.0,-,22,43,
1417,NGC 1417,Galaxy,Eridanus,12.0,2.8,3,42.0,-,4,42,
1418,NGC 1418,Galaxy,Eridanus,15.0,1.5,3,42.3,-,4,44,
1421,NGC 1421,Galaxy,Eridanus,11.4,3.6,3,42.5,-,13,29,
1422,NGC 1422,Galaxy,Eridanus,13.0,2.1,3,41.5,-,21,41,
1424,NGC 1424,Galaxy,Eridanus,15.0,2.1,3,43.2,-,4,44,
1425,NGC 1425,Galaxy,Fornax,12.0,5.4,3,42.2,-,29,54,
1426,NGC 1426,Galaxy,Eridanus,11.4,2.1,3,42.8,-,22,7,
1427,NGC 1427,Galaxy,Fornax,12.0,2.8,3,42.3,-,35,25,
1433,NGC 1433,Galaxy,Horologium,10.0,6.8,3,42.0,-,47,13,
1437,NGC 1437,Galaxy,Eridanus,12.0,2.9,3,43.6,-,35,52,
1439,NGC 1439,Galaxy,Eridanus,12.0,2.3,3,44.8,-,21,55,
1440,NGC 1440,Galaxy,Eridanus,13.0,2.3,3,45.0,-,18,16,
1441,NGC 1441,Galaxy,Eridanus,12.9,1.5,3,45.7,-,4,6,
1444,NGC 1444,Open Cluster,Perseus,6.6,4.0,3,49.4,+,52,40,
1446,NGC 1446,Galaxy,Eridanus,14.0,0.4,3,46.0,-,4,4,
1448,NGC 1448,Galaxy,Horologium,11.0,8.1,3,44.5,-,44,39,
1449,NGC 1449,Galaxy,Eridanus,13.5,1.1,3,46.0,-,4,8,
1451,NGC 1451,Galaxy,Eridanus,13.3,0.7,3,46.1,-,4,4,
1452,NGC 1452,Galaxy,Eridanus,13.0,1.7,3,45.4,-,18,38,
1453,NGC 1453,Galaxy,Eridanus,11.6,2.1,3,46.4,-,3,58,
1461,NGC 1461,Galaxy,Eridanus,11.7,3.3,3,48.5,-,16,24,
1466,NGC 1466,Globular Cluster,Hydrus,11.4,2.3,3,44.5,-,71,41,
1469,NGC 1469,Galaxy,Camelopardalis,15.0,2.3,4,0.5,+,68,35,
1482,NGC 1482,Galaxy,Eridanus,14.0,1.5,3,54.7,-,20,30,
1485,NGC 1485,Galaxy,Camelopardalis,14.0,2.4,4,5.1,+,71,0,
1487,NGC 1487,Galaxy,Eridanus,12.0,2.0,3,55.8,-,42,22,
1493,NGC 1493,Galaxy,Horologium,12.0,2.6,3,57.5,-,46,12,
1494,NGC 1494,Galaxy,Horologium,12.0,2.6,3,57.7,-,48,54,
1496,NGC 1496,Open Cluster,Perseus,10.0,6.0,4,4.4,+,52,37,
1501,NGC 1501,Planetary Nebula,Camelopardalis,13.0,0.9,4,7.0,+,60,55,
1502,NGC 1502,Open Cluster,Camelopardalis,5.7,8.0,4,7.7,+,62,20,
1507,NGC 1507,Galaxy,Eridanus,12.2,3.4,4,4.5,-,2,11,
1510,NGC 1510,Galaxy,Horologium,13.0,1.0,4,3.5,-,43,25,
1511,NGC 1511,Galaxy,Hydrus,12.0,3.3,3,59.5,-,67,38,
1512,NGC 1512,Galaxy,Horologium,10.6,4.0,4,3.9,-,43,21,
1513,NGC 1513,Open Cluster,Perseus,8.4,9.0,4,10.0,+,49,31,
1514,NGC 1514,Planetary Nebula,Taurus,10.0,1.9,4,9.2,+,30,47,
1515,NGC 1515,Galaxy,Dorado,11.0,5.4,4,4.1,-,54,6,
1518,NGC 1518,Galaxy,Eridanus,11.8,3.0,4,6.8,-,21,11,
1519,NGC 1519,Galaxy,Eridanus,13.0,2.0,4,8.1,-,17,12,
1521,NGC 1521,Galaxy,Eridanus,11.4,2.9,4,8.3,-,21,3,
1527,NGC 1527,Galaxy,Horologium,12.0,3.4,4,8.4,-,47,53,
1528,NGC 1528,Open Cluster,Perseus,6.4,24.0,4,15.4,+,51,14,
1530,NGC 1530,Galaxy,Camelopardalis,12.0,4.9,4,23.4,+,75,18,
1531,NGC 1531,Galaxy,Eridanus,12.1,1.3,4,12.0,-,32,51,
1532,NGC 1532,Galaxy,Eridanus,11.0,5.6,4,12.1,-,32,52,
1533,NGC 1533,Galaxy,Dorado,10.9,2.9,4,9.9,-,56,7,
1535,NGC 1535,Planetary Nebula,Eridanus,10.0,0.7,4,14.2,-,12,44,
1536,NGC 1536,Galaxy,Reticulum,13.0,2.0,4,11.0,-,56,29,
1543,NGC 1543,Galaxy,Reticulum,10.6,3.9,4,12.8,-,57,44,
1545,NGC 1545,Open Cluster,Perseus,6.2,18.0,4,20.9,+,50,15,
1546,NGC 1546,Galaxy,Dorado,11.6,3.2,4,14.6,-,56,4,
1549,NGC 1549,Galaxy,Dorado,9.9,3.7,4,15.7,-,55,36,
1553,NGC 1553,Galaxy,Dorado,9.5,4.1,4,16.2,-,55,47,
1559,NGC 1559,Galaxy,Reticulum,10.5,3.3,4,17.6,-,62,47,
1560,NGC 1560,Galaxy,Camelopardalis,11.5,9.8,4,32.8,+,71,53,
1566,NGC 1566,Galaxy,Dorado,9.4,7.6,4,20.0,-,54,56,
1569,NGC 1569,Galaxy,Camelopardalis,11.2,2.9,4,30.8,+,64,51,
1573,NGC 1573,Galaxy,Camelopardalis,14.0,2.2,4,35.0,+,73,15,
1574,NGC 1574,Galaxy,Reticulum,10.5,2.0,4,22.0,-,56,58,
1582,NGC 1582,Open Cluster,Perseus,7.0,37.0,4,32.0,+,43,51,
1587,NGC 1587,Galaxy,Taurus,13.0,2.0,4,30.7,+,0,40,
1588,NGC 1588,Galaxy,Taurus,14.0,1.8,4,30.8,+,0,39,
1589,NGC 1589,Galaxy,Taurus,14.0,3.1,4,30.8,+,0,51,
1590,NGC 1590,Galaxy,Taurus,15.0,1.3,4,31.2,+,7,37,
1596,NGC 1596,Galaxy,Dorado,11.0,3.9,4,27.6,-,55,2,
1599,NGC 1599,Galaxy,Eridanus,15.0,1.1,4,31.6,-,4,35,
1600,NGC 1600,Galaxy,Eridanus,11.1,2.5,4,31.7,-,5,5,
1601,NGC 1601,Galaxy,Eridanus,13.8,1.0,4,31.8,-,5,6,
1605,NGC 1605,Open Cluster,Perseus,10.7,5.0,4,35.0,+,45,15,
1614,NGC 1614,Galaxy,Eridanus,12.9,1.3,4,34.0,-,8,35,
1615,NGC 1615,Galaxy,Taurus,15.0,1.6,4,36.0,+,19,57,
1617,NGC 1617,Galaxy,Dorado,10.4,4.7,4,31.7,-,54,36,
1618,NGC 1618,Galaxy,Eridanus,12.6,2.8,4,36.1,-,3,9,
1620,NGC 1620,Galaxy,Eridanus,14.0,3.0,4,36.6,-,0,9,
1622,NGC 1622,Galaxy,Eridanus,12.3,3.9,4,36.6,-,3,11,
1624,NGC 1624,Cluster Nebulosity,Perseus,10.4,5.0,4,40.4,+,50,27,
1625,NGC 1625,Galaxy,Eridanus,12.4,2.7,4,37.1,-,3,18,
1635,NGC 1635,Galaxy,Eridanus,14.0,1.7,4,40.1,-,0,33,
1637,NGC 1637,Galaxy,Eridanus,10.9,3.3,4,41.5,-,2,51,
1638,NGC 1638,Galaxy,Eridanus,12.1,2.5,4,41.6,-,1,49,
1640,NGC 1640,Galaxy,Eridanus,11.7,2.8,4,42.2,-,20,26,
1642,NGC 1642,Galaxy,Taurus,14.0,2.0,4,42.9,+,0,37,
1647,NGC 1647,Open Cluster,Taurus,6.4,45.0,4,46.0,+,19,4,
1653,NGC 1653,Galaxy,Eridanus,13.0,2.0,4,45.8,-,2,25,
1654,NGC 1654,Galaxy,Eridanus,14.0,1.0,4,45.8,-,2,6,
1659,NGC 1659,Galaxy,Eridanus,12.5,1.7,4,46.5,-,4,47,
1662,NGC 1662,Open Cluster,Orion,6.4,20.0,4,48.5,+,10,56,
1664,NGC 1664,Open Cluster,Auriga,7.6,18.0,4,51.1,+,43,42,
1666,NGC 1666,Galaxy,Eridanus,14.0,1.3,4,48.5,-,6,34,
1667,NGC 1667,Galaxy,Eridanus,12.1,1.5,4,48.6,-,6,19,
1672,NGC 1672,Galaxy,Dorado,11.0,4.8,4,45.7,-,59,15,
1688,NGC 1688,Galaxy,Dorado,12.0,2.4,4,48.4,-,59,48,
1690,NGC 1690,Galaxy,Orion,14.0,1.3,4,54.3,+,1,38,
1699,NGC 1699,Galaxy,Eridanus,15.0,1.1,4,57.0,-,4,45,
1700,NGC 1700,Galaxy,Eridanus,11.0,2.9,4,56.9,-,4,52,
1705,NGC 1705,Galaxy,Pictor,12.3,1.8,4,54.2,-,53,22,
1720,NGC 1720,Galaxy,Eridanus,13.0,1.8,4,59.3,-,7,52,
1723,NGC 1723,Galaxy,Eridanus,12.0,3.7,4,59.4,-,10,59,
1726,NGC 1726,Galaxy,Eridanus,12.1,1.4,4,59.7,-,7,45,
1730,NGC 1730,Galaxy,Lepus,13.0,3.0,4,59.6,-,15,50,
1741,NGC 1741,Galaxy,Eridanus,13.4,1.7,5,1.6,-,4,16,
1744,NGC 1744,Galaxy,Lepus,11.2,6.8,5,0.0,-,26,1,
1746,NGC 1746,Open Cluster,Taurus,6.0,42.0,5,3.6,+,23,49,
1752,NGC 1752,Galaxy,Eridanus,13.0,2.6,5,2.1,-,8,14,
1755,NGC 1755,Open Cluster,Dorado,9.9,2.0,4,55.0,-,68,11,
1778,NGC 1778,Open Cluster,Auriga,7.7,7.0,5,8.1,+,37,3,
1779,NGC 1779,Galaxy,Eridanus,13.0,2.6,5,5.3,-,9,9,
1784,NGC 1784,Galaxy,Lepus,11.8,4.2,5,5.4,-,11,52,
1786,NGC 1786,Globular Cluster,Dorado,10.1,1.2,4,59.1,-,67,45,
1792,NGC 1792,Galaxy,Columba,10.2,4.0,5,5.2,-,37,59,
1796,NGC 1796,Galaxy,Dorado,13.0,2.0,5,2.7,-,61,8,
1800,NGC 1800,Galaxy,Columba,12.6,1.6,5,6.4,-,31,57,
1807,NGC 1807,Open Cluster,Taurus,7.0,17.0,5,10.7,+,16,32,
1808,NGC 1808,Galaxy,Columba,9.9,7.2,5,7.7,-,37,31,
1817,NGC 1817,Open Cluster,Taurus,7.7,16.0,5,12.1,+,16,42,
1818,NGC 1818,Open Cluster,Dorado,9.8,3.0,5,4.2,-,66,24,
1832,NGC 1832,Galaxy,Lepus,11.4,2.8,5,12.1,-,15,41,
1835,NGC 1835,Globular Cluster,Dorado,9.8,1.2,5,5.2,-,69,24,
1850,NGC 1850,Open Cluster,Dorado,9.3,3.0,5,8.5,-,68,46,
1851,NGC 1851,Globular Cluster,Columba,7.3,11.0,5,14.1,-,40,3,
1857,NGC 1857,Open Cluster,Auriga,7.0,6.0,5,20.2,+,39,21,
1866,NGC 1866,Open Cluster,Dorado,9.8,5.0,5,13.5,-,65,28,
1879,NGC 1879,Galaxy,Columba,13.0,2.2,5,19.8,-,32,9,
1883,NGC 1883,Open Cluster,Auriga,12.0,3.0,5,25.9,+,46,33,
1888,NGC 1888,Galaxy,Lepus,12.0,3.0,5,22.5,-,11,30,
1889,NGC 1889,Galaxy,Lepus,14.0,0.8,5,22.5,-,11,29,
1893,NGC 1893,Open Cluster,Auriga,7.5,11.0,5,22.7,+,33,24,
1904,NGC 1904,Globular Cluster,Lepus,8.0,8.7,5,24.5,-,24,33,
1907,NGC 1907,Open Cluster,Auriga,8.2,7.0,5,28.0,+,35,19,
1912,NGC 1912,Open Cluster,Auriga,6.4,21.0,5,28.7,+,35,50,
1931,NGC 1931,Cluster Nebulosity,Auriga,11.3,3.0,5,31.4,+,34,15,
1947,NGC 1947,Galaxy,Dorado,10.8,3.0,5,26.8,-,63,46,
1952,NGC 1952,Nebula,Taurus,8.4,6.0,5,34.5,+,22,1,
1954,NGC 1954,Galaxy,Lepus,13.0,4.1,5,32.8,-,14,4,
1960,NGC 1960,Open Cluster,Auriga,6.0,12.0,5,36.1,+,34,8,
1961,NGC 1961,Galaxy,Camelopardalis,11.1,4.3,5,42.1,+,69,23,
1964,NGC 1964,Galaxy,Lepus,10.8,6.2,5,33.4,-,21,57,
1976,NGC 1976,Nebula,Orion,4.0,66.0,5,35.4,-,5,27,
1978,NGC 1978,Globular Cluster,Dorado,9.9,2.7,5,28.6,-,66,14,
1981,NGC 1981,Open Cluster,Orion,4.6,25.0,5,35.2,-,4,26,
1982,NGC 1982,Nebula,Orion,9.0,20.0,5,35.6,-,5,16,
2022,NGC 2022,Planetary Nebula,Orion,12.0,0.3,5,42.1,+,9,5,
2068,NGC 2068,Nebula,Orion,8.0,8.0,5,46.7,+,0,3,
2070,NGC 2070,Cluster Nebulosity,Dorado,8.2,40.0,5,38.6,-,69,5,
2082,NGC 2082,Galaxy,Dorado,13.0,1.6,5,41.8,-,64,18,
2090,NGC 2090,Galaxy,Columba,12.0,4.5,5,47.0,-,34,14,
2099,NGC 2099,Open Cluster,Auriga,5.6,24.0,5,52.4,+,32,33,
2100,NGC 2100,Open Cluster,Dorado,9.6,2.0,5,42.0,-,69,14,
2112,NGC 2112,Open Cluster,Orion,9.0,11.0,5,53.9,+,0,24,
2121,NGC 2121,Globular Cluster,Mensa,11.2,1.8,5,48.0,-,71,28,
2126,NGC 2126,Open Cluster,Auriga,10.0,6.0,6,3.0,+,49,54,
2129,NGC 2129,Open Cluster,Gemini,6.7,7.0,6,1.0,+,23,18,
2139,NGC 2139,Galaxy,Lepus,11.7,2.2,6,1.1,-,23,40,
2141,NGC 2141,Open Cluster,Orion,9.4,10.0,6,3.1,+,10,26,
2146,NGC 2146,Galaxy,Camelopardalis,10.5,6.0,6,18.7,+,78,21,
2158,NGC 2158,Open Cluster,Gemini,8.6,5.0,6,7.5,+,24,6,
2168,NGC 2168,Open Cluster,Gemini,5.1,28.0,6,8.9,+,24,20,
2169,NGC 2169,Open Cluster,Orion,5.9,7.0,6,8.4,+,13,57,
2175,NGC 2175,Open Cluster,Orion,6.8,18.0,6,9.8,+,20,19,
2179,NGC 2179,Galaxy,Lepus,12.5,1.5,6,8.0,-,21,45,
2186,NGC 2186,Open Cluster,Orion,8.7,4.0,6,12.2,+,5,27,
2188,NGC 2188,Galaxy,Columba,11.8,3.7,6,10.1,-,34,6,
2192,NGC 2192,Open Cluster,Auriga,11.0,6.0,6,15.2,+,39,51,
2194,NGC 2194,Open Cluster,Orion,8.5,10.0,6,13.8,+,12,48,
2196,NGC 2196,Galaxy,Lepus,11.2,2.8,6,12.2,-,21,48,
2204,NGC 2204,Open Cluster,Canis_Major,8.6,13.0,6,15.7,-,18,39,
2206,NGC 2206,Galaxy,Canis_Major,13.0,2.3,6,16.0,-,26,46,
2207,NGC 2207,Galaxy,Canis_Major,10.7,4.3,6,16.4,-,21,22,
2210,NGC 2210,Globular Cluster,Dorado,10.2,1.7,6,11.5,-,69,8,
2215,NGC 2215,Open Cluster,Monoceros,8.4,11.0,6,21.0,-,7,17,
2217,NGC 2217,Galaxy,Canis_Major,10.4,4.8,6,21.7,-,27,14,
2223,NGC 2223,Galaxy,Canis_Major,11.4,3.3,6,24.6,-,22,50,
2227,NGC 2227,Galaxy,Canis_Major,14.0,2.3,6,25.9,-,21,59,
2232,NGC 2232,Open Cluster,Monoceros,3.9,30.0,6,26.6,-,4,45,
2236,NGC 2236,Open Cluster,Monoceros,8.5,7.0,6,29.7,+,6,50,
2243,NGC 2243,Open Cluster,Canis_Major,9.4,5.0,6,29.8,-,31,17,
2244,NGC 2244,Open Cluster,Monoceros,4.8,24.0,6,32.4,+,4,52,
2250,NGC 2250,Open Cluster,Monoceros,9.0,8.0,6,32.8,-,5,2,
2251,NGC 2251,Open Cluster,Monoceros,7.3,10.0,6,34.7,+,8,22,
2252,NGC 2252,Open Cluster,Monoceros,8.0,20.0,6,35.0,+,5,23,
2254,NGC 2254,Open Cluster,Monoceros,9.7,4.0,6,36.0,+,7,40,
2256,NGC 2256,Galaxy,Camelopardalis,14.0,2.6,6,47.2,+,74,14,
2257,NGC 2257,Globular Cluster,Dorado,13.5,3.4,6,30.4,-,64,19,
2258,NGC 2258,Galaxy,Camelopardalis,13.0,2.6,6,47.8,+,74,29,
2259,NGC 2259,Open Cluster,Monoceros,11.0,5.0,6,38.6,+,10,53,
2262,NGC 2262,Open Cluster,Monoceros,11.0,4.0,6,38.4,+,1,11,
2264,NGC 2264,Cluster Nebulosity,Monoceros,3.9,60.0,6,41.1,+,9,53,
2266,NGC 2266,Open Cluster,Gemini,10.0,7.0,6,43.2,+,26,58,
2268,NGC 2268,Galaxy,Camelopardalis,11.5,3.4,7,14.0,+,84,23,
2269,NGC 2269,Open Cluster,Monoceros,10.0,4.0,6,43.9,+,4,34,
2272,NGC 2272,Galaxy,Canis_Major,11.9,2.1,6,42.7,-,27,27,
2273,NGC 2273,Galaxy,Lynx,12.0,3.5,6,50.1,+,60,51,
2276,NGC 2276,Galaxy,Cepheus,11.4,2.6,7,27.0,+,85,45,
2280,NGC 2280,Galaxy,Canis_Major,12.0,5.6,6,44.8,-,27,38,
2281,NGC 2281,Open Cluster,Auriga,5.4,15.0,6,49.3,+,41,4,
2286,NGC 2286,Open Cluster,Monoceros,7.5,15.0,6,47.6,-,3,10,
2287,NGC 2287,Open Cluster,Canis_Major,4.5,38.0,6,47.0,-,20,44,
2290,NGC 2290,Galaxy,Gemini,15.0,1.5,6,51.0,+,33,26,
2291,NGC 2291,Galaxy,Gemini,16.0,1.3,6,51.0,+,33,32,
2294,NGC 2294,Galaxy,Gemini,15.0,1.1,6,51.2,+,33,32,
2298,NGC 2298,Globular Cluster,Puppis,9.4,6.8,6,49.0,-,36,0,
2300,NGC 2300,Galaxy,Cepheus,11.0,3.1,7,32.0,+,85,43,
2301,NGC 2301,Open Cluster,Monoceros,6.0,12.0,6,51.8,+,0,28,
2302,NGC 2302,Open Cluster,Monoceros,8.9,3.0,6,51.9,-,7,4,
2304,NGC 2304,Open Cluster,Gemini,10.0,5.0,6,55.0,+,18,1,
2309,NGC 2309,Open Cluster,Monoceros,11.0,3.0,6,56.2,-,7,12,
2310,NGC 2310,Galaxy,Puppis,12.0,5.0,6,54.0,-,40,52,
2311,NGC 2311,Open Cluster,Monoceros,10.0,7.0,6,57.8,-,4,35,
2314,NGC 2314,Galaxy,Camelopardalis,11.9,2.1,7,10.5,+,75,20,
2323,NGC 2323,Open Cluster,Monoceros,5.9,16.0,7,3.2,-,8,20,
2324,NGC 2324,Open Cluster,Monoceros,8.4,8.0,7,4.2,+,1,3,
2325,NGC 2325,Galaxy,Canis_Major,11.2,2.3,7,2.7,-,28,42,
2329,NGC 2329,Galaxy,Lynx,14.0,1.6,7,9.2,+,48,37,
2331,NGC 2331,Open Cluster,Gemini,9.0,18.0,7,7.2,+,27,21,
2335,NGC 2335,Open Cluster,Monoceros,7.2,12.0,7,6.6,-,10,5,
2336,NGC 2336,Galaxy,Camelopardalis,10.5,6.9,7,27.1,+,80,11,
2337,NGC 2337,Galaxy,Lynx,13.0,2.6,7,10.2,+,44,27,
2339,NGC 2339,Galaxy,Gemini,11.6,2.8,7,8.3,+,18,47,
2341,NGC 2341,Galaxy,Gemini,14.0,1.1,7,9.3,+,20,35,
2342,NGC 2342,Galaxy,Gemini,13.0,1.6,7,9.4,+,20,38,
2343,NGC 2343,Open Cluster,Monoceros,6.7,7.0,7,8.3,-,10,39,
2344,NGC 2344,Galaxy,Lynx,12.1,2.0,7,12.5,+,47,10,
2345,NGC 2345,Open Cluster,Canis_Major,7.7,12.0,7,8.3,-,13,10,
2347,NGC 2347,Galaxy,Camelopardalis,12.5,2.0,7,16.1,+,64,43,
2353,NGC 2353,Open Cluster,Monoceros,7.1,20.0,7,14.6,-,10,18,
2354,NGC 2354,Open Cluster,Canis_Major,6.5,20.0,7,14.3,-,25,44,
2355,NGC 2355,Open Cluster,Gemini,10.0,9.0,7,16.9,+,13,47,
2357,NGC 2357,Galaxy,Gemini,14.0,4.5,7,17.6,+,23,22,
2360,NGC 2360,Open Cluster,Canis_Major,7.2,13.0,7,17.8,-,15,37,
2362,NGC 2362,Cluster Nebulosity,Canis_Major,4.1,8.0,7,18.8,-,24,57,
2366,NGC 2366,Galaxy,Camelopardalis,10.9,7.6,7,28.9,+,69,13,
2367,NGC 2367,Open Cluster,Canis_Major,7.9,4.0,7,20.1,-,21,56,
2368,NGC 2368,Open Cluster,Monoceros,12.0,5.0,7,21.0,-,10,23,
2369,NGC 2369,Galaxy,Carina,13.0,4.6,7,16.6,-,62,21,
2371,NGC 2371,Planetary Nebula,Gemini,13.0,0.9,7,25.6,+,29,29,
2374,NGC 2374,Open Cluster,Canis_Major,8.0,19.0,7,24.0,-,13,16,
2377,NGC 2377,Galaxy,Monoceros,15.0,1.8,7,24.9,-,9,40,
2379,NGC 2379,Galaxy,Gemini,13.5,1.1,7,27.4,+,33,49,
2383,NGC 2383,Open Cluster,Canis_Major,8.4,6.0,7,24.8,-,20,56,
2384,NGC 2384,Open Cluster,Canis_Major,7.4,3.0,7,25.1,-,21,2,
2389,NGC 2389,Galaxy,Gemini,12.8,2.1,7,29.1,+,33,51,
2392,NGC 2392,Planetary Nebula,Gemini,10.0,0.7,7,29.2,+,20,55,
2395,NGC 2395,Open Cluster,Gemini,8.0,12.0,7,27.1,+,13,35,
2396,NGC 2396,Open Cluster,Puppis,7.0,10.0,7,28.1,-,11,44,
2397,NGC 2397,Galaxy,Volans,13.0,2.2,7,21.3,-,69,0,
2401,NGC 2401,Open Cluster,Puppis,13.0,2.0,7,29.4,-,13,58,
2403,NGC 2403,Galaxy,Camelopardalis,8.4,17.0,7,36.9,+,65,36,
2414,NGC 2414,Open Cluster,Puppis,7.9,4.0,7,33.3,-,15,27,
2415,NGC 2415,Galaxy,Lynx,12.4,1.0,7,36.9,+,35,15,
2419,NGC 2419,Globular Cluster,Lynx,10.4,4.1,7,38.1,+,38,53,
2420,NGC 2420,Open Cluster,Gemini,8.3,10.0,7,38.5,+,21,34,
2421,NGC 2421,Open Cluster,Puppis,8.3,10.0,7,36.3,-,20,37,
2422,NGC 2422,Open Cluster,Puppis,4.4,30.0,7,36.6,-,14,30,
2423,NGC 2423,Open Cluster,Puppis,6.7,19.0,7,37.1,-,13,52,
2424,NGC 2424,Galaxy,Lynx,12.6,4.0,7,40.7,+,39,14,
2427,NGC 2427,Galaxy,Puppis,11.6,5.6,7,36.5,-,47,38,
2432,NGC 2432,Open Cluster,Puppis,10.0,8.0,7,40.9,-,19,5,
2434,NGC 2434,Galaxy,Volans,11.2,2.5,7,34.9,-,69,17,
2437,NGC 2437,Open Cluster,Puppis,6.1,27.0,7,41.8,-,14,49,
2438,NGC 2438,Planetary Nebula,Puppis,10.0,1.1,7,41.8,-,14,44,
2439,NGC 2439,Open Cluster,Puppis,6.9,10.0,7,40.8,-,31,39,
2440,NGC 2440,Planetary Nebula,Puppis,11.0,0.5,7,41.9,-,18,13,
2441,NGC 2441,Galaxy,Camelopardalis,12.2,2.2,7,52.2,+,73,2,
2442,NGC 2442,Galaxy,Volans,11.0,6.0,7,36.4,-,69,32,
2444,NGC 2444,Galaxy,Lynx,12.9,2.3,7,46.9,+,39,2,
2445,NGC 2445,Galaxy,Lynx,13.0,2.1,7,46.9,+,39,1,
2447,NGC 2447,Open Cluster,Puppis,6.2,22.0,7,44.6,-,23,52,
2451,NGC 2451,Open Cluster,Puppis,2.8,45.0,7,45.4,-,37,58,
2452,NGC 2452,Planetary Nebula,Puppis,13.0,0.3,7,47.4,-,27,20,
2453,NGC 2453,Open Cluster,Puppis,8.3,5.0,7,47.8,-,27,14,
2455,NGC 2455,Open Cluster,Puppis,10.0,8.0,7,49.0,-,21,18,
2460,NGC 2460,Galaxy,Camelopardalis,11.7,2.9,7,56.9,+,60,21,
2464,NGC 2464,Galaxy,Lynx,15.0,0.4,7,57.2,+,56,41,
2467,NGC 2467,Cluster Nebulosity,Puppis,7.0,16.0,7,52.6,-,26,23,
2468,NGC 2468,Galaxy,Lynx,15.0,1.3,7,58.0,+,56,22,
2469,NGC 2469,Galaxy,Lynx,13.0,1.1,7,58.1,+,56,41,
2470,NGC 2470,Galaxy,Canis_Minor,14.0,2.2,7,54.3,+,4,27,
2474,NGC 2474,Galaxy,Lynx,14.0,0.6,7,57.9,+,52,51,
2475,NGC 2475,Galaxy,Lynx,14.0,0.8,7,58.0,+,52,51,
2477,NGC 2477,Open Cluster,Puppis,5.8,27.0,7,52.3,-,38,33,
2479,NGC 2479,Open Cluster,Puppis,10.0,7.0,7,55.1,-,17,43,
2482,NGC 2482,Open Cluster,Puppis,7.3,12.0,7,54.9,-,24,18,
2483,NGC 2483,Open Cluster,Puppis,7.6,10.0,7,55.9,-,27,56,
2484,NGC 2484,Galaxy,Lynx,15.0,1.6,7,58.5,+,37,47,
2487,NGC 2487,Galaxy,Gemini,14.0,2.8,7,58.3,+,25,8,
2489,NGC 2489,Open Cluster,Puppis,7.9,8.0,7,56.2,-,30,4,
2493,NGC 2493,Galaxy,Lynx,13.0,2.5,8,0.4,+,39,50,
2500,NGC 2500,Galaxy,Lynx,11.6,2.9,8,1.9,+,50,44,
2506,NGC 2506,Open Cluster,Monoceros,7.6,7.0,8,0.2,-,10,47,
2507,NGC 2507,Galaxy,Cancer,14.0,2.5,8,1.6,+,15,43,
2509,NGC 2509,Open Cluster,Puppis,9.0,8.0,8,0.7,-,19,4,
2512,NGC 2512,Galaxy,Cancer,14.0,1.7,8,3.1,+,23,24,
2514,NGC 2514,Galaxy,Cancer,14.0,1.4,8,2.8,+,15,49,
2516,NGC 2516,Open Cluster,Carina,3.8,30.0,7,58.3,-,60,52,
2517,NGC 2517,Galaxy,Puppis,12.3,0.8,8,2.8,-,12,19,
2521,NGC 2521,Galaxy,Lynx,14.0,1.5,8,8.8,+,57,46,
2523,NGC 2523,Galaxy,Camelopardalis,12.0,3.0,8,15.0,+,73,35,
2525,NGC 2525,Galaxy,Puppis,11.6,2.9,8,5.6,-,11,26,
2527,NGC 2527,Open Cluster,Puppis,6.5,22.0,8,5.3,-,28,10,
2532,NGC 2532,Galaxy,Lynx,12.4,2.2,8,10.2,+,33,57,
2533,NGC 2533,Open Cluster,Puppis,7.6,4.0,8,7.0,-,29,54,
2534,NGC 2534,Galaxy,Lynx,14.0,1.7,8,12.9,+,55,40,
2535,NGC 2535,Galaxy,Cancer,12.6,3.0,8,11.2,+,25,12,
2536,NGC 2536,Galaxy,Cancer,14.1,0.9,8,11.3,+,25,11,
2537,NGC 2537,Galaxy,Lynx,11.7,1.7,8,13.2,+,46,0,
2539,NGC 2539,Open Cluster,Puppis,6.5,22.0,8,10.7,-,12,50,
2541,NGC 2541,Galaxy,Lynx,11.8,6.6,8,14.7,+,49,4,
2543,NGC 2543,Galaxy,Lynx,13.0,2.5,8,13.0,+,36,15,
2544,NGC 2544,Galaxy,Camelopardalis,12.0,1.1,8,21.7,+,73,59,
2545,NGC 2545,Galaxy,Cancer,12.4,2.2,8,14.2,+,21,21,
2546,NGC 2546,Open Cluster,Puppis,6.3,41.0,8,12.4,-,37,38,
2547,NGC 2547,Open Cluster,Vela,4.7,20.0,8,10.7,-,49,16,
2548,NGC 2548,Open Cluster,Hydra,5.8,54.0,8,13.8,-,5,48,
2549,NGC 2549,Galaxy,Lynx,11.1,4.2,8,19.0,+,57,48,
2550,NGC 2550,Galaxy,Camelopardalis,13.0,1.2,8,24.6,+,74,1,
2551,NGC 2551,Galaxy,Camelopardalis,12.0,1.9,8,24.8,+,73,25,
2552,NGC 2552,Galaxy,Lynx,12.2,3.2,8,19.3,+,50,1,
2554,NGC 2554,Galaxy,Cancer,14.0,3.4,8,17.9,+,23,28,
2557,NGC 2557,Galaxy,Cancer,15.0,1.4,8,19.2,+,21,27,
2560,NGC 2560,Galaxy,Cancer,15.0,1.7,8,19.9,+,20,59,
2562,NGC 2562,Galaxy,Cancer,12.9,1.4,8,20.4,+,21,8,
2563,NGC 2563,Galaxy,Cancer,12.3,2.3,8,20.6,+,21,4,
2565,NGC 2565,Galaxy,Cancer,14.0,1.9,8,19.8,+,22,2,
2566,NGC 2566,Galaxy,Puppis,15.0,3.1,8,18.7,-,25,29,
2567,NGC 2567,Open Cluster,Puppis,7.4,10.0,8,18.6,-,30,38,
2571,NGC 2571,Open Cluster,Puppis,7.0,13.0,8,18.9,-,29,44,
2573,NGC 2573,Galaxy,Octans,13.5,3.6,1,42.0,-,89,20,
2575,NGC 2575,Galaxy,Cancer,14.0,2.5,8,22.8,+,24,17,
2577,NGC 2577,Galaxy,Cancer,13.0,2.1,8,22.7,+,22,33,
2578,NGC 2578,Galaxy,Puppis,12.4,2.4,8,21.4,-,13,19,
2579,NGC 2579,Cluster Nebulosity,Puppis,7.5,10.0,8,21.1,-,36,11,
2580,NGC 2580,Open Cluster,Puppis,10.0,8.0,8,21.6,-,30,19,
2582,NGC 2582,Galaxy,Cancer,14.0,1.3,8,25.3,+,20,20,
2583,NGC 2583,Galaxy,Hydra,13.5,0.7,8,23.2,-,5,1,
2587,NGC 2587,Open Cluster,Puppis,9.0,9.0,8,23.5,-,29,30,
2588,NGC 2588,Open Cluster,Puppis,12.0,2.0,8,23.2,-,32,59,
2591,NGC 2591,Galaxy,Camelopardalis,13.0,3.2,8,37.4,+,78,2,
2595,NGC 2595,Galaxy,Cancer,14.0,3.1,8,27.7,+,21,29,
2597,NGC 2597,Galaxy,Cancer,15.0,1.4,8,30.0,+,21,30,
2598,NGC 2598,Galaxy,Cancer,13.7,1.3,8,30.0,+,21,29,
2599,NGC 2599,Galaxy,Cancer,13.0,2.4,8,32.2,+,22,34,
2608,NGC 2608,Galaxy,Cancer,12.1,2.5,8,35.3,+,28,28,
2610,NGC 2610,Planetary Nebula,Hydra,14.0,0.6,8,33.4,-,16,9,
2612,NGC 2612,Galaxy,Hydra,13.0,3.2,8,33.8,-,13,9,
2613,NGC 2613,Galaxy,Pyxis,10.4,7.2,8,33.4,-,22,58,
2614,NGC 2614,Galaxy,Ursa_Major,14.0,2.8,8,42.8,+,72,59,
2616,NGC 2616,Galaxy,Hydra,12.6,1.3,8,35.6,-,1,51,
2623,NGC 2623,Galaxy,Cancer,13.8,0.6,8,38.4,+,25,45,
2627,NGC 2627,Open Cluster,Pyxis,8.0,11.0,8,37.3,-,29,57,
2629,NGC 2629,Galaxy,Ursa_Major,13.0,2.6,8,47.2,+,72,59,
2631,NGC 2631,Galaxy,Ursa_Major,14.0,0.8,8,47.1,+,73,0,
2632,NGC 2632,Open Cluster,Cancer,3.1,95.0,8,40.1,+,19,59,
2633,NGC 2633,Galaxy,Camelopardalis,11.9,2.6,8,48.1,+,74,6,
2634,NGC 2634,Galaxy,Camelopardalis,13.0,2.2,8,48.4,+,73,58,
2635,NGC 2635,Open Cluster,Pyxis,11.2,3.0,8,38.5,-,34,46,
2636,NGC 2636,Galaxy,Camelopardalis,14.0,0.5,8,48.4,+,73,40,
2639,NGC 2639,Galaxy,Ursa_Major,11.8,2.0,8,43.6,+,50,12,
2642,NGC 2642,Galaxy,Hydra,13.0,2.3,8,40.7,-,4,7,
2646,NGC 2646,Galaxy,Camelopardalis,12.0,1.7,8,50.4,+,73,28,
2648,NGC 2648,Galaxy,Cancer,13.0,3.6,8,42.7,+,14,17,
2649,NGC 2649,Galaxy,Lynx,13.0,1.9,8,44.1,+,34,43,
2650,NGC 2650,Galaxy,Ursa_Major,14.0,1.9,8,50.0,+,70,18,
2654,NGC 2654,Galaxy,Ursa_Major,11.8,4.3,8,49.2,+,60,13,
2655,NGC 2655,Galaxy,Camelopardalis,10.1,5.1,8,55.6,+,78,13,
2656,NGC 2656,Galaxy,Ursa_Major,13.3,1.5,8,47.8,+,53,52,
2658,NGC 2658,Open Cluster,Pyxis,9.0,12.0,8,43.4,-,32,39,
2659,NGC 2659,Open Cluster,Vela,8.6,3.0,8,42.6,-,44,57,
2660,NGC 2660,Open Cluster,Vela,8.8,4.0,8,42.2,-,47,9,
2669,NGC 2669,Open Cluster,Vela,6.1,12.0,8,44.9,-,52,58,
2670,NGC 2670,Open Cluster,Vela,7.8,9.0,8,45.5,-,48,47,
2671,NGC 2671,Open Cluster,Vela,12.0,4.0,8,46.2,-,41,53,
2672,NGC 2672,Galaxy,Cancer,11.6,2.6,8,49.3,+,19,4,
2673,NGC 2673,Galaxy,Cancer,12.9,1.4,8,49.4,+,19,4,
2676,NGC 2676,Galaxy,Ursa_Major,14.0,1.5,8,51.5,+,47,33,
2681,NGC 2681,Galaxy,Ursa_Major,10.3,3.8,8,53.5,+,51,19,
2682,NGC 2682,Open Cluster,Cancer,6.9,30.0,8,50.4,+,11,49,
2683,NGC 2683,Galaxy,Lynx,9.7,9.3,8,52.7,+,33,25,
2685,NGC 2685,Galaxy,Ursa_Major,11.1,5.2,8,55.6,+,58,44,
2691,NGC 2691,Galaxy,Lynx,14.0,1.6,8,54.8,+,39,32,
2692,NGC 2692,Galaxy,Ursa_Major,14.0,1.5,8,57.0,+,52,4,
2693,NGC 2693,Galaxy,Ursa_Major,11.7,2.2,8,57.0,+,51,21,
2694,NGC 2694,Galaxy,Ursa_Major,14.3,0.3,8,57.0,+,51,20,
2698,NGC 2698,Galaxy,Hydra,13.0,1.8,8,55.6,-,3,11,
2701,NGC 2701,Galaxy,Ursa_Major,12.4,2.1,8,59.1,+,53,46,
2708,NGC 2708,Galaxy,Hydra,14.0,3.0,8,56.1,-,3,22,
2712,NGC 2712,Galaxy,Lynx,12.0,2.9,8,59.5,+,44,55,
2713,NGC 2713,Galaxy,Hydra,11.7,3.9,8,57.3,+,2,55,
2715,NGC 2715,Galaxy,Camelopardalis,11.4,5.0,9,8.1,+,78,5,
2716,NGC 2716,Galaxy,Hydra,12.4,1.8,8,57.6,+,3,5,
2718,NGC 2718,Galaxy,Hydra,13.0,2.5,8,58.9,+,6,18,
2719,NGC 2719,Galaxy,Lynx,14.0,1.3,9,0.3,+,35,44,
2721,NGC 2721,Galaxy,Hydra,13.0,2.6,8,58.9,-,4,46,
2723,NGC 2723,Galaxy,Hydra,15.0,1.3,9,0.2,+,3,11,
2726,NGC 2726,Galaxy,Ursa_Major,13.0,1.5,9,4.9,+,59,56,
2732,NGC 2732,Galaxy,Camelopardalis,11.9,2.3,9,13.4,+,79,11,
2735,NGC 2735,Galaxy,Cancer,14.0,1.2,9,2.6,+,25,56,
2742,NGC 2742,Galaxy,Ursa_Major,11.7,3.1,9,7.6,+,60,29,
2744,NGC 2744,Galaxy,Cancer,13.4,1.8,9,4.7,+,18,28,
2748,NGC 2748,Galaxy,Camelopardalis,11.7,3.1,9,13.7,+,76,29,
2749,NGC 2749,Galaxy,Cancer,12.0,2.0,9,5.4,+,18,19,
2750,NGC 2750,Galaxy,Cancer,12.0,2.3,9,5.7,+,25,26,
2752,NGC 2752,Galaxy,Cancer,15.0,2.0,9,5.7,+,18,20,
2756,NGC 2756,Galaxy,Ursa_Major,13.0,1.9,9,9.0,+,53,51,
2763,NGC 2763,Galaxy,Hydra,12.1,2.3,9,6.8,-,15,30,
2764,NGC 2764,Galaxy,Cancer,12.7,1.7,9,8.3,+,21,27,
2765,NGC 2765,Galaxy,Hydra,13.0,2.3,9,7.6,+,3,23,
2768,NGC 2768,Galaxy,Ursa_Major,10.0,6.3,9,11.6,+,60,2,
2770,NGC 2770,Galaxy,Lynx,12.0,3.7,9,9.6,+,33,7,
2775,NGC 2775,Galaxy,Cancer,10.3,4.5,9,10.3,+,7,2,
2776,NGC 2776,Galaxy,Lynx,11.6,2.9,9,12.2,+,44,57,
2777,NGC 2777,Galaxy,Cancer,14.0,1.0,9,10.7,+,7,12,
2778,NGC 2778,Galaxy,Lynx,13.0,1.5,9,12.3,+,35,1,
2780,NGC 2780,Galaxy,Lynx,14.0,1.0,9,12.7,+,34,55,
2781,NGC 2781,Galaxy,Hydra,11.5,3.9,9,11.5,-,14,49,
2782,NGC 2782,Galaxy,Lynx,11.5,3.8,9,14.1,+,40,7,
2784,NGC 2784,Galaxy,Hydra,10.1,5.1,9,12.3,-,24,10,
2787,NGC 2787,Galaxy,Ursa_Major,10.8,3.4,9,19.3,+,69,12,
2792,NGC 2792,Planetary Nebula,Vela,14.0,0.2,9,12.4,-,42,26,
2793,NGC 2793,Galaxy,Lynx,14.0,1.3,9,16.8,+,34,26,
2798,NGC 2798,Galaxy,Lynx,12.3,2.8,9,17.4,+,42,0,
2799,NGC 2799,Galaxy,Lynx,14.0,1.9,9,17.5,+,42,0,
2805,NGC 2805,Galaxy,Ursa_Major,11.3,6.3,9,20.3,+,64,6,
2808,NGC 2808,Globular Cluster,Carina,6.3,13.0,9,12.0,-,64,52,
2810,NGC 2810,Galaxy,Ursa_Major,13.0,2.0,9,22.1,+,71,50,
2811,NGC 2811,Galaxy,Hydra,11.3,2.7,9,16.2,-,16,19,
2814,NGC 2814,Galaxy,Ursa_Major,13.8,1.4,9,21.2,+,64,15,
2815,NGC 2815,Galaxy,Hydra,13.0,3.5,9,16.3,-,23,38,
2818,NGC 2818,Open Cluster,Pyxis,8.2,9.0,9,16.0,-,36,37,
2820,NGC 2820,Galaxy,Ursa_Major,12.8,4.3,9,21.8,+,64,16,
2822,NGC 2822,Galaxy,Carina,12.0,2.1,9,14.0,-,69,38,
2823,NGC 2823,Galaxy,Lynx,16.0,1.0,9,19.3,+,34,0,
2824,NGC 2824,Galaxy,Cancer,14.0,1.3,9,19.0,+,26,16,
2825,NGC 2825,Galaxy,Lynx,16.0,1.1,9,19.4,+,33,44,
2826,NGC 2826,Galaxy,Lynx,15.0,1.8,9,19.4,+,33,37,
2830,NGC 2830,Galaxy,Lynx,15.0,1.3,9,19.7,+,33,44,
2831,NGC 2831,Galaxy,Lynx,13.6,0.8,9,19.7,+,33,44,
2832,NGC 2832,Galaxy,Lynx,11.5,3.3,9,19.8,+,33,44,
2835,NGC 2835,Galaxy,Hydra,11.0,6.3,9,17.9,-,22,21,
2837,NGC 2837,Galaxy,Hydra,14.0,0.3,9,18.4,-,16,30,
2841,NGC 2841,Galaxy,Ursa_Major,9.3,8.1,9,22.0,+,50,58,
2844,NGC 2844,Galaxy,Lynx,12.9,1.9,9,21.8,+,40,9,
2847,NGC 2847,Galaxy,Hydra,15.0,0.4,9,20.1,-,16,31,
2848,NGC 2848,Galaxy,Hydra,12.1,2.7,9,20.2,-,16,32,
2852,NGC 2852,Galaxy,Lynx,14.0,1.2,9,23.2,+,40,10,
2853,NGC 2853,Galaxy,Lynx,14.0,2.0,9,23.3,+,40,12,
2855,NGC 2855,Galaxy,Hydra,11.6,2.7,9,21.5,-,11,55,
2857,NGC 2857,Galaxy,Ursa_Major,14.0,2.4,9,24.5,+,49,21,
2859,NGC 2859,Galaxy,Leo_Minor,10.7,4.8,9,24.3,+,34,31,
2865,NGC 2865,Galaxy,Hydra,11.4,2.0,9,23.5,-,23,10,
2867,NGC 2867,Planetary Nebula,Carina,10.0,0.2,9,21.4,-,58,19,
2870,NGC 2870,Galaxy,Ursa_Major,14.0,2.6,9,27.8,+,57,23,
2872,NGC 2872,Galaxy,Leo,13.0,2.1,9,25.7,+,11,26,
2874,NGC 2874,Galaxy,Leo,14.0,2.5,9,25.8,+,11,26,
2875,NGC 2875,Galaxy,Leo,15.0,0.5,9,25.8,+,11,26,
2880,NGC 2880,Galaxy,Ursa_Major,11.6,2.6,9,29.6,+,62,30,
2884,NGC 2884,Galaxy,Hydra,13.0,2.6,9,26.4,-,11,33,
2888,NGC 2888,Galaxy,Pyxis,12.5,0.8,9,26.3,-,28,2,
2889,NGC 2889,Galaxy,Hydra,11.8,2.0,9,27.2,-,11,38,
2892,NGC 2892,Galaxy,Ursa_Major,14.0,1.7,9,32.9,+,67,37,
2893,NGC 2893,Galaxy,Leo,13.0,1.4,9,30.3,+,29,32,
2902,NGC 2902,Galaxy,Hydra,13.0,1.3,9,30.9,-,14,44,
2903,NGC 2903,Galaxy,Leo,8.9,12.0,9,32.2,+,21,30,
2905,NGC 2905,Galaxy,Leo,10.0,13.0,9,32.2,+,21,31,
2906,NGC 2906,Galaxy,Leo,13.0,1.6,9,32.2,+,8,27,
2907,NGC 2907,Galaxy,Hydra,13.0,1.9,9,31.6,-,16,44,
2910,NGC 2910,Open Cluster,Vela,7.2,5.0,9,30.4,-,52,54,
2911,NGC 2911,Galaxy,Leo,11.6,4.3,9,33.8,+,10,9,
2914,NGC 2914,Galaxy,Leo,13.1,1.2,9,34.0,+,10,7,
2915,NGC 2915,Galaxy,Chameleon,12.6,1.5,9,26.2,-,76,38,
2916,NGC 2916,Galaxy,Leo,12.0,2.6,9,35.0,+,21,42,
2919,NGC 2919,Galaxy,Leo,14.0,1.9,9,34.8,+,10,17,
2924,NGC 2924,Galaxy,Hydra,13.0,1.6,9,35.2,-,16,24,
2925,NGC 2925,Open Cluster,Vela,8.0,12.0,9,33.7,-,53,26,
2935,NGC 2935,Galaxy,Hydra,12.0,3.5,9,36.7,-,21,8,
2936,NGC 2936,Galaxy,Hydra,13.1,1.7,9,37.7,+,2,44,
2937,NGC 2937,Galaxy,Hydra,13.6,1.0,9,37.7,+,2,44,
2939,NGC 2939,Galaxy,Leo,14.0,2.7,9,38.1,+,9,31,
2940,NGC 2940,Galaxy,Leo,15.0,1.3,9,38.1,+,9,36,
2942,NGC 2942,Galaxy,Leo_Minor,13.0,2.2,9,39.1,+,34,0,
2944,NGC 2944,Galaxy,Leo,15.0,1.3,9,39.3,+,32,19,
2950,NGC 2950,Galaxy,Ursa_Major,11.0,3.2,9,42.6,+,58,51,
2955,NGC 2955,Galaxy,Leo_Minor,12.7,1.8,9,41.3,+,35,53,
2959,NGC 2959,Galaxy,Ursa_Major,14.0,1.5,9,45.1,+,68,36,
2962,NGC 2962,Galaxy,Hydra,11.7,3.3,9,40.9,+,5,10,
2963,NGC 2963,Galaxy,Draco,14.0,1.4,9,47.8,+,72,58,
2964,NGC 2964,Galaxy,Leo,11.3,3.0,9,42.9,+,31,51,
2967,NGC 2967,Galaxy,Sextans,11.6,3.0,9,42.1,+,0,20,
2968,NGC 2968,Galaxy,Leo,11.8,2.2,9,43.2,+,31,56,
2970,NGC 2970,Galaxy,Leo,14.0,1.0,9,43.5,+,31,59,
2972,NGC 2972,Open Cluster,Vela,9.9,4.0,9,40.3,-,50,20,
2974,NGC 2974,Galaxy,Sextans,10.8,3.4,9,42.6,-,3,42,
2976,NGC 2976,Galaxy,Ursa_Major,10.2,4.9,9,47.3,+,67,55,
2977,NGC 2977,Galaxy,Draco,13.0,1.7,9,43.8,+,74,52,
2978,NGC 2978,Galaxy,Sextans,14.0,1.2,9,43.3,-,9,45,
2980,NGC 2980,Galaxy,Sextans,13.0,1.8,9,43.2,-,9,37,
2983,NGC 2983,Galaxy,Hydra,11.7,2.6,9,43.7,-,20,29,
2985,NGC 2985,Galaxy,Ursa_Major,10.5,4.3,9,50.4,+,72,17,
2986,NGC 2986,Galaxy,Hydra,10.9,2.5,9,44.3,-,21,17,
2989,NGC 2989,Galaxy,Hydra,13.0,1.4,9,45.4,-,18,23,
2990,NGC 2990,Galaxy,Sextans,12.8,1.3,9,46.3,+,5,43,
2992,NGC 2992,Galaxy,Hydra,11.9,4.1,9,45.7,-,14,20,
2993,NGC 2993,Galaxy,Hydra,12.6,1.6,9,45.8,-,14,22,
2997,NGC 2997,Galaxy,Antlia,11.0,8.1,9,45.6,-,31,11,
2998,NGC 2998,Galaxy,Ursa_Major,13.0,3.0,9,48.7,+,44,5,
3001,NGC 3001,Galaxy,Antlia,13.0,3.1,9,46.3,-,30,26,
3003,NGC 3003,Galaxy,Leo_Minor,11.7,5.9,9,48.6,+,33,25,
3011,NGC 3011,Galaxy,Leo,14.0,1.2,9,49.7,+,32,13,
3020,NGC 3020,Galaxy,Leo,13.0,3.2,9,50.1,+,12,49,
3021,NGC 3021,Galaxy,Leo_Minor,13.0,1.7,9,51.0,+,33,33,
3023,NGC 3023,Galaxy,Sextans,13.0,3.1,9,49.9,+,0,37,
3024,NGC 3024,Galaxy,Leo,14.0,2.2,9,50.5,+,12,46,
3026,NGC 3026,Galaxy,Leo,13.0,2.2,9,50.9,+,28,33,
3027,NGC 3027,Galaxy,Ursa_Major,12.0,4.7,9,55.7,+,72,12,
3031,NGC 3031,Galaxy,Ursa_Major,6.9,25.0,9,55.6,+,69,4,
3032,NGC 3032,Galaxy,Leo,11.9,2.5,9,52.1,+,29,14,
3033,NGC 3033,Open Cluster,Vela,8.8,5.0,9,48.8,-,56,25,
3034,NGC 3034,Galaxy,Ursa_Major,8.4,11.0,9,55.8,+,69,41,
3038,NGC 3038,Galaxy,Antlia,13.0,2.6,9,51.3,-,32,45,
3039,NGC 3039,Galaxy,Sextans,14.0,1.3,9,52.5,+,2,9,
3041,NGC 3041,Galaxy,Leo,11.5,3.7,9,53.1,+,16,41,
3043,NGC 3043,Galaxy,Ursa_Major,14.0,2.0,9,56.2,+,59,18,
3044,NGC 3044,Galaxy,Sextans,12.0,4.8,9,53.7,+,1,35,
3052,NGC 3052,Galaxy,Hydra,13.0,2.1,9,54.5,-,18,38,
3054,NGC 3054,Galaxy,Hydra,12.0,3.9,9,54.5,-,25,42,
3055,NGC 3055,Galaxy,Sextans,12.1,2.2,9,55.3,+,4,16,
3056,NGC 3056,Galaxy,Antlia,13.0,2.0,9,54.5,-,28,18,
3057,NGC 3057,Galaxy,Draco,14.0,2.5,10,5.6,+,80,17,
3059,NGC 3059,Galaxy,Carina,12.0,3.2,9,50.2,-,73,55,
3061,NGC 3061,Galaxy,Draco,14.0,2.0,9,56.2,+,75,52,
3065,NGC 3065,Galaxy,Ursa_Major,12.0,2.0,10,1.9,+,72,10,
3066,NGC 3066,Galaxy,Ursa_Major,12.9,1.2,10,2.2,+,72,7,
3067,NGC 3067,Galaxy,Leo,11.7,2.5,9,58.4,+,32,22,
3073,NGC 3073,Galaxy,Ursa_Major,13.0,1.5,10,0.9,+,55,37,
3074,NGC 3074,Galaxy,Leo_Minor,15.0,2.5,9,59.7,+,35,24,
3077,NGC 3077,Galaxy,Ursa_Major,9.9,4.6,10,3.3,+,68,44,
3078,NGC 3078,Galaxy,Hydra,11.1,1.9,9,58.4,-,26,56,
3079,NGC 3079,Galaxy,Ursa_Major,10.6,7.6,10,2.0,+,55,41,
3081,NGC 3081,Galaxy,Hydra,12.0,2.2,9,59.5,-,22,50,
3087,NGC 3087,Galaxy,Antlia,13.0,1.9,9,59.2,-,34,13,
3089,NGC 3089,Galaxy,Antlia,13.0,1.9,9,59.6,-,28,20,
3091,NGC 3091,Galaxy,Hydra,13.0,2.2,10,0.2,-,19,38,
3095,NGC 3095,Galaxy,Antlia,13.0,3.2,10,0.1,-,31,33,
3098,NGC 3098,Galaxy,Leo,12.0,2.6,10,2.3,+,24,43,
3100,NGC 3100,Galaxy,Antlia,13.0,2.8,10,0.7,-,31,40,
3104,NGC 3104,Galaxy,Leo_Minor,13.0,3.2,10,3.9,+,40,45,
3105,NGC 3105,Open Cluster,Vela,9.7,2.0,10,0.8,-,54,46,
3109,NGC 3109,Galaxy,Hydra,10.0,14.0,10,3.1,-,26,9,
3113,NGC 3113,Galaxy,Antlia,14.0,3.2,10,4.4,-,28,27,
3114,NGC 3114,Open Cluster,Carina,4.2,35.0,10,2.7,-,60,7,
3115,NGC 3115,Galaxy,Sextans,9.2,8.3,10,5.2,-,7,43,
3124,NGC 3124,Galaxy,Hydra,12.0,3.2,10,6.7,-,19,13,
3125,NGC 3125,Galaxy,Antlia,13.0,1.5,10,6.6,-,29,56,
3132,NGC 3132,Planetary Nebula,Vela,8.0,0.8,10,7.0,-,40,26,
3136,NGC 3136,Galaxy,Carina,11.0,2.5,10,5.8,-,67,23,
3140,NGC 3140,Galaxy,Hydra,14.0,1.4,10,9.5,-,16,37,
3143,NGC 3143,Galaxy,Hydra,14.0,0.9,10,10.1,-,12,35,
3144,NGC 3144,Galaxy,Draco,14.0,1.4,10,15.5,+,74,13,
3145,NGC 3145,Galaxy,Hydra,12.0,3.3,10,10.2,-,12,26,
3147,NGC 3147,Galaxy,Draco,10.7,4.0,10,16.9,+,73,24,
3151,NGC 3151,Galaxy,Leo_Minor,15.0,1.0,10,13.5,+,38,37,
3153,NGC 3153,Galaxy,Leo,13.0,2.3,10,12.9,+,12,40,
3156,NGC 3156,Galaxy,Sextans,13.0,2.1,10,12.7,+,3,8,
3158,NGC 3158,Galaxy,Leo_Minor,11.8,2.3,10,13.8,+,38,46,
3159,NGC 3159,Galaxy,Leo_Minor,13.4,1.3,10,13.9,+,38,39,
3162,NGC 3162,Galaxy,Leo,11.6,3.1,10,13.5,+,22,44,
3163,NGC 3163,Galaxy,Leo_Minor,13.1,1.4,10,14.1,+,38,39,
3165,NGC 3165,Galaxy,Sextans,15.0,1.6,10,13.5,+,3,23,
3166,NGC 3166,Galaxy,Sextans,10.6,5.2,10,13.8,+,3,26,
3169,NGC 3169,Galaxy,Sextans,10.5,4.8,10,14.2,+,3,28,
3172,NGC 3172,Galaxy,Ursa_Minor,13.6,0.7,11,50.0,+,89,7,
3175,NGC 3175,Galaxy,Antlia,11.3,4.8,10,14.7,-,28,52,
3177,NGC 3177,Galaxy,Leo,12.3,1.7,10,16.6,+,21,7,
3182,NGC 3182,Galaxy,Ursa_Major,13.0,2.3,10,19.5,+,58,12,
3183,NGC 3183,Galaxy,Draco,13.0,2.5,10,21.8,+,74,10,
3184,NGC 3184,Galaxy,Ursa_Major,9.8,6.9,10,18.3,+,41,25,
3185,NGC 3185,Galaxy,Leo,12.2,2.3,10,17.6,+,21,41,
3187,NGC 3187,Galaxy,Leo,13.1,3.3,10,17.8,+,21,52,
3188,NGC 3188,Galaxy,Ursa_Major,15.0,1.1,10,19.7,+,57,25,
3189,NGC 3189,Galaxy,Leo,12.0,4.5,10,18.2,+,21,50,
3190,NGC 3190,Galaxy,Leo,11.0,4.6,10,18.1,+,21,50,
3191,NGC 3191,Galaxy,Ursa_Major,14.0,0.8,10,19.1,+,46,28,
3193,NGC 3193,Galaxy,Leo,10.9,2.8,10,18.4,+,21,54,
3198,NGC 3198,Galaxy,Ursa_Major,10.4,8.3,10,19.9,+,45,33,
3200,NGC 3200,Galaxy,Hydra,12.0,4.8,10,18.6,-,17,59,
3201,NGC 3201,Globular Cluster,Vela,6.8,18.0,10,17.6,-,46,25,
3202,NGC 3202,Galaxy,Ursa_Major,14.0,1.4,10,20.5,+,43,1,
3203,NGC 3203,Galaxy,Hydra,13.0,3.0,10,19.6,-,26,42,
3206,NGC 3206,Galaxy,Ursa_Major,12.0,3.0,10,21.8,+,56,56,
3208,NGC 3208,Galaxy,Hydra,14.0,1.9,10,19.7,-,25,51,
3211,NGC 3211,Planetary Nebula,Carina,12.0,0.2,10,17.8,-,62,40,
3213,NGC 3213,Galaxy,Leo,14.0,1.2,10,21.3,+,19,39,
3214,NGC 3214,Galaxy,Ursa_Major,15.0,1.0,10,23.1,+,57,2,
3220,NGC 3220,Galaxy,Ursa_Major,14.0,1.6,10,23.7,+,57,2,
3221,NGC 3221,Galaxy,Leo,14.0,3.3,10,22.3,+,21,34,
3222,NGC 3222,Galaxy,Leo,12.8,1.3,10,22.6,+,19,53,
3223,NGC 3223,Galaxy,Antlia,12.0,4.1,10,21.6,-,34,16,
3225,NGC 3225,Galaxy,Ursa_Major,13.0,2.3,10,25.1,+,58,9,
3226,NGC 3226,Galaxy,Leo,11.4,2.8,10,23.4,+,19,54,
3227,NGC 3227,Galaxy,Leo,10.8,5.6,10,23.5,+,19,52,
3228,NGC 3228,Open Cluster,Vela,6.0,18.0,10,21.8,-,51,43,
3238,NGC 3238,Galaxy,Ursa_Major,14.0,1.6,10,26.7,+,57,14,
3239,NGC 3239,Galaxy,Leo,12.0,5.2,10,25.1,+,17,10,
3241,NGC 3241,Galaxy,Antlia,12.7,1.5,10,24.3,-,32,29,
3242,NGC 3242,Planetary Nebula,Hydra,9.0,20.0,10,24.8,-,18,38,
3245,NGC 3245,Galaxy,Leo_Minor,10.8,3.2,10,27.3,+,28,30,
3246,NGC 3246,Galaxy,Sextans,13.0,2.3,10,26.7,+,3,52,
3247,NGC 3247,Cluster Nebulosity,Carina,7.6,7.0,10,25.9,-,57,56,
3250,NGC 3250,Galaxy,Antlia,11.0,3.2,10,26.5,-,39,57,
3252,NGC 3252,Galaxy,Draco,14.0,2.1,10,34.4,+,73,46,
3253,NGC 3253,Galaxy,Leo,14.0,1.4,10,28.5,+,12,42,
3254,NGC 3254,Galaxy,Leo_Minor,11.5,5.1,10,29.3,+,29,30,
3255,NGC 3255,Open Cluster,Carina,11.0,2.0,10,26.5,-,60,40,
3256,NGC 3256,Galaxy,Vela,11.3,3.5,10,27.8,-,43,54,
3258,NGC 3258,Galaxy,Antlia,11.7,1.8,10,28.9,-,35,36,
3259,NGC 3259,Galaxy,Ursa_Major,13.0,2.3,10,32.6,+,65,3,
3261,NGC 3261,Galaxy,Vela,12.0,4.1,10,29.0,-,44,39,
3264,NGC 3264,Galaxy,Ursa_Major,13.0,3.4,10,32.4,+,56,5,
3265,NGC 3265,Galaxy,Leo_Minor,14.0,1.2,10,31.1,+,28,48,
3266,NGC 3266,Galaxy,Ursa_Major,14.0,1.7,10,33.3,+,64,45,
3267,NGC 3267,Galaxy,Antlia,13.0,2.4,10,29.8,-,35,19,
3268,NGC 3268,Galaxy,Antlia,11.8,2.0,10,30.0,-,35,20,
3269,NGC 3269,Galaxy,Antlia,13.0,3.1,10,30.0,-,35,13,
3271,NGC 3271,Galaxy,Antlia,11.7,2.3,10,30.5,-,35,22,
3273,NGC 3273,Galaxy,Antlia,13.0,2.3,10,30.5,-,35,37,
3274,NGC 3274,Galaxy,Leo,12.8,2.2,10,32.3,+,27,40,
3275,NGC 3275,Galaxy,Antlia,12.0,2.8,10,30.9,-,36,44,
3277,NGC 3277,Galaxy,Leo_Minor,11.7,2.0,10,32.9,+,28,31,
3281,NGC 3281,Galaxy,Antlia,11.7,3.3,10,31.9,-,34,51,
3285,NGC 3285,Galaxy,Hydra,13.0,2.5,10,33.6,-,27,27,
3287,NGC 3287,Galaxy,Leo,13.0,2.2,10,34.8,+,21,39,
3288,NGC 3288,Galaxy,Ursa_Major,15.0,1.2,10,36.4,+,58,33,
3290,NGC 3290,Galaxy,Hydra,14.0,1.4,10,35.1,-,17,16,
3291,NGC 3291,Galaxy,Leo_Minor,14.0,1.0,10,36.1,+,37,15,
3293,NGC 3293,Cluster Nebulosity,Carina,4.7,40.0,10,35.8,-,58,14,
3294,NGC 3294,Galaxy,Leo_Minor,11.7,3.3,10,36.3,+,37,20,
3299,NGC 3299,Galaxy,Leo,13.0,2.1,10,36.4,+,12,42,
3300,NGC 3300,Galaxy,Leo,13.0,2.1,10,36.6,+,14,10,
3301,NGC 3301,Galaxy,Leo,11.4,3.6,10,36.9,+,21,53,
3303,NGC 3303,Galaxy,Leo,15.0,3.0,10,37.1,+,18,8,
3304,NGC 3304,Galaxy,Leo_Minor,14.0,1.7,10,37.6,+,37,27,
3306,NGC 3306,Galaxy,Leo,14.0,1.5,10,37.2,+,12,39,
3307,NGC 3307,Galaxy,Hydra,16.0,1.0,10,36.3,-,27,32,
3308,NGC 3308,Galaxy,Hydra,12.2,2.0,10,36.4,-,27,26,
3309,NGC 3309,Galaxy,Hydra,11.9,1.9,10,36.6,-,27,31,
3310,NGC 3310,Galaxy,Ursa_Major,10.9,3.6,10,38.7,+,53,30,
3311,NGC 3311,Galaxy,Hydra,11.6,2.5,10,36.7,-,27,32,
3312,NGC 3312,Galaxy,Hydra,12.0,3.6,10,37.0,-,27,34,
3314,NGC 3314,Galaxy,Hydra,14.0,2.0,10,37.2,-,27,41,
3316,NGC 3316,Galaxy,Hydra,15.0,1.2,10,37.6,-,27,36,
3317,NGC 3317,Galaxy,Hydra,14.0,0.6,10,37.4,-,27,29,
3318,NGC 3318,Galaxy,Vela,12.0,2.6,10,37.3,-,41,38,
3319,NGC 3319,Galaxy,Ursa_Major,11.3,6.8,10,39.2,+,41,41,
3320,NGC 3320,Galaxy,Ursa_Major,13.0,2.2,10,39.6,+,47,24,
3324,NGC 3324,Cluster Nebulosity,Carina,6.7,16.0,10,37.3,-,58,38,
3329,NGC 3329,Galaxy,Draco,13.0,2.1,10,44.7,+,76,49,
3330,NGC 3330,Open Cluster,Vela,7.4,7.0,10,38.6,-,54,9,
3338,NGC 3338,Galaxy,Leo,10.8,5.5,10,42.1,+,13,45,
3343,NGC 3343,Galaxy,Draco,15.0,1.6,10,46.1,+,73,21,
3344,NGC 3344,Galaxy,Leo_Minor,10.0,6.9,10,43.5,+,24,55,
3346,NGC 3346,Galaxy,Leo,12.0,2.8,10,43.7,+,14,52,
3347,NGC 3347,Galaxy,Antlia,13.0,4.4,10,42.8,-,36,22,
3348,NGC 3348,Galaxy,Ursa_Major,11.2,2.2,10,47.2,+,72,50,
3351,NGC 3351,Galaxy,Leo,9.7,7.4,10,44.0,+,11,42,
3353,NGC 3353,Galaxy,Ursa_Major,12.7,1.5,10,45.4,+,55,58,
3357,NGC 3357,Galaxy,Leo,15.0,1.9,10,44.4,+,14,5,
3358,NGC 3358,Galaxy,Antlia,13.0,3.8,10,43.6,-,36,23,
3359,NGC 3359,Galaxy,Ursa_Major,10.5,6.8,10,46.6,+,63,13,
3364,NGC 3364,Galaxy,Ursa_Major,14.0,1.9,10,48.5,+,72,25,
3365,NGC 3365,Galaxy,Sextans,13.0,4.7,10,46.3,+,1,49,
3367,NGC 3367,Galaxy,Leo,11.5,2.3,10,46.6,+,13,45,
3368,NGC 3368,Galaxy,Leo,9.2,7.1,10,46.8,+,11,49,
3370,NGC 3370,Galaxy,Leo,12.0,3.1,10,47.1,+,17,16,
3377,NGC 3377,Galaxy,Leo,10.2,4.4,10,47.7,+,13,59,
3379,NGC 3379,Galaxy,Leo,9.3,4.5,10,47.8,+,12,35,
3380,NGC 3380,Galaxy,Leo_Minor,14.0,1.9,10,48.2,+,28,36,
3381,NGC 3381,Galaxy,Leo_Minor,13.0,2.4,10,48.4,+,34,42,
3384,NGC 3384,Galaxy,Leo,10.0,5.9,10,48.3,+,12,38,
3389,NGC 3389,Galaxy,Leo,11.8,2.7,10,48.5,+,12,32,
3390,NGC 3390,Galaxy,Hydra,12.2,4.0,10,48.1,-,31,32,
3395,NGC 3395,Galaxy,Leo_Minor,12.1,1.9,10,49.8,+,32,59,
3396,NGC 3396,Galaxy,Leo_Minor,12.2,2.8,10,49.9,+,32,59,
3400,NGC 3400,Galaxy,Leo_Minor,14.0,1.4,10,50.8,+,28,28,
3403,NGC 3403,Galaxy,Draco,13.0,3.1,10,53.9,+,73,41,
3404,NGC 3404,Galaxy,Hydra,14.0,2.6,10,50.3,-,12,7,
3407,NGC 3407,Galaxy,Ursa_Major,15.0,1.7,10,52.3,+,61,23,
3408,NGC 3408,Galaxy,Ursa_Major,14.0,1.0,10,52.2,+,58,26,
3412,NGC 3412,Galaxy,Leo,10.6,3.6,10,50.9,+,13,25,
3413,NGC 3413,Galaxy,Leo_Minor,13.0,2.4,10,51.3,+,32,46,
3414,NGC 3414,Galaxy,Leo_Minor,10.8,3.6,10,51.3,+,27,59,
3415,NGC 3415,Galaxy,Ursa_Major,13.0,2.4,10,51.7,+,43,43,
3418,NGC 3418,Galaxy,Leo_Minor,14.0,1.2,10,51.3,+,28,7,
3419,NGC 3419,Galaxy,Leo,13.0,1.1,10,51.3,+,13,57,
3423,NGC 3423,Galaxy,Sextans,11.2,3.9,10,51.2,+,5,50,
3424,NGC 3424,Galaxy,Leo_Minor,13.0,3.0,10,51.8,+,32,54,
3430,NGC 3430,Galaxy,Leo_Minor,11.5,3.9,10,52.2,+,32,57,
3432,NGC 3432,Galaxy,Leo_Minor,11.3,6.2,10,52.5,+,36,37,
3433,NGC 3433,Galaxy,Leo,12.0,3.5,10,52.1,+,10,9,
3437,NGC 3437,Galaxy,Leo,13.0,2.6,10,52.6,+,22,56,
3440,NGC 3440,Galaxy,Ursa_Major,14.0,2.3,10,53.9,+,57,7,
3442,NGC 3442,Galaxy,Leo_Minor,13.0,0.7,10,53.1,+,33,55,
3443,NGC 3443,Galaxy,Leo,14.0,2.5,10,53.0,+,17,34,
3445,NGC 3445,Galaxy,Ursa_Major,12.4,1.6,10,54.6,+,56,59,
3447,NGC 3447,Galaxy,Leo,13.0,3.8,10,53.4,+,16,46,
3448,NGC 3448,Galaxy,Ursa_Major,11.7,5.4,10,54.7,+,54,19,
3449,NGC 3449,Galaxy,Antlia,13.0,2.6,10,52.9,-,32,56,
3450,NGC 3450,Galaxy,Hydra,14.0,2.7,10,48.1,-,20,51,
3454,NGC 3454,Galaxy,Leo,14.0,2.2,10,54.5,+,17,21,
3455,NGC 3455,Galaxy,Leo,13.0,2.8,10,54.5,+,17,17,
3456,NGC 3456,Galaxy,Crater,13.0,2.1,10,54.1,-,16,2,
3458,NGC 3458,Galaxy,Ursa_Major,13.0,1.7,10,56.0,+,57,7,
3464,NGC 3464,Galaxy,Hydra,13.0,2.8,10,54.7,-,21,4,
3466,NGC 3466,Galaxy,Leo,15.0,1.3,10,56.3,+,9,45,
3470,NGC 3470,Galaxy,Ursa_Major,14.0,1.7,10,58.7,+,59,31,
3471,NGC 3471,Galaxy,Ursa_Major,13.0,2.0,10,59.1,+,61,32,
3478,NGC 3478,Galaxy,Ursa_Major,13.0,2.8,10,59.5,+,46,7,
3485,NGC 3485,Galaxy,Leo,13.0,2.5,11,0.0,+,14,50,
3486,NGC 3486,Galaxy,Leo_Minor,10.3,6.9,11,0.4,+,28,58,
3488,NGC 3488,Galaxy,Ursa_Major,14.0,2.0,11,1.4,+,57,41,
3489,NGC 3489,Galaxy,Leo,10.3,3.7,11,0.3,+,13,54,
3495,NGC 3495,Galaxy,Leo,13.0,4.6,11,1.3,+,3,38,
3496,NGC 3496,Open Cluster,Carina,8.2,9.0,10,59.8,-,60,20,
3499,NGC 3499,Galaxy,Ursa_Major,14.0,1.0,11,3.2,+,56,13,
3501,NGC 3501,Galaxy,Leo,13.0,3.7,11,2.9,+,17,59,
3504,NGC 3504,Galaxy,Leo_Minor,11.1,2.7,11,3.2,+,27,58,
3506,NGC 3506,Galaxy,Leo,13.0,1.3,11,3.2,+,11,5,
3507,NGC 3507,Galaxy,Leo,11.0,3.5,11,3.5,+,18,8,
3509,NGC 3509,Galaxy,Leo,14.0,2.3,11,4.4,+,4,50,
3510,NGC 3510,Galaxy,Leo_Minor,12.9,3.8,11,3.7,+,28,53,
3511,NGC 3511,Galaxy,Crater,12.0,5.4,11,3.4,-,23,5,
3512,NGC 3512,Galaxy,Leo_Minor,12.4,1.7,11,4.0,+,28,2,
3513,NGC 3513,Galaxy,Crater,12.0,2.8,11,3.8,-,23,15,
3515,NGC 3515,Galaxy,Leo_Minor,15.0,1.1,11,4.6,+,28,14,
3516,NGC 3516,Galaxy,Ursa_Major,11.6,2.3,11,6.8,+,72,34,
3517,NGC 3517,Galaxy,Ursa_Major,14.0,1.2,11,5.6,+,56,31,
3521,NGC 3521,Galaxy,Leo,8.9,9.5,11,5.8,-,0,2,
3532,NGC 3532,Open Cluster,Carina,3.0,55.0,11,6.4,-,58,40,
3547,NGC 3547,Galaxy,Leo,12.8,2.2,11,9.9,+,10,43,
3549,NGC 3549,Galaxy,Ursa_Major,12.0,3.2,11,10.9,+,53,23,
3550,NGC 3550,Galaxy,Ursa_Major,14.0,1.4,11,10.6,+,28,46,
3556,NGC 3556,Galaxy,Ursa_Major,10.1,8.3,11,11.5,+,55,40,
3557,NGC 3557,Galaxy,Centaurus,10.4,4.0,11,10.0,-,37,32,
3558,NGC 3558,Galaxy,Ursa_Major,15.0,1.3,11,10.9,+,28,33,
3559,NGC 3559,Galaxy,Leo,14.0,1.5,11,10.7,+,12,1,
3561,NGC 3561,Galaxy,Ursa_Major,15.0,1.1,11,11.2,+,28,43,
3563,NGC 3563,Galaxy,Leo,15.0,1.4,11,11.4,+,26,58,
3564,NGC 3564,Galaxy,Centaurus,12.2,2.1,11,10.6,-,37,33,
3570,NGC 3570,Galaxy,Leo,15.0,1.3,11,12.1,+,27,35,
3571,NGC 3571,Galaxy,Crater,13.0,3.3,11,11.5,-,18,17,
3572,NGC 3572,Cluster Nebulosity,Carina,6.6,20.0,11,10.4,-,60,14,
3577,NGC 3577,Galaxy,Ursa_Major,15.0,1.7,11,13.8,+,48,16,
3583,NGC 3583,Galaxy,Ursa_Major,12.0,2.8,11,14.2,+,48,19,
3585,NGC 3585,Galaxy,Hydra,10.0,2.9,11,13.3,-,26,45,
3587,NGC 3587,Planetary Nebula,Ursa_Major,11.2,3.2,11,14.8,+,55,1,
3589,NGC 3589,Galaxy,Ursa_Major,15.0,1.7,11,15.2,+,60,42,
3590,NGC 3590,Open Cluster,Carina,8.2,4.0,11,12.9,-,60,47,
3592,NGC 3592,Galaxy,Leo,15.0,2.0,11,14.4,+,17,16,
3593,NGC 3593,Galaxy,Leo,11.0,5.8,11,14.6,+,12,49,
3595,NGC 3595,Galaxy,Ursa_Major,13.0,1.7,11,15.4,+,47,27,
3596,NGC 3596,Galaxy,Leo,12.0,4.2,11,15.1,+,14,47,
3599,NGC 3599,Galaxy,Leo,11.9,2.8,11,15.4,+,18,7,
3600,NGC 3600,Galaxy,Ursa_Major,12.0,4.3,11,15.8,+,41,36,
3603,NGC 3603,Cluster Nebulosity,Carina,9.1,12.0,11,15.1,-,61,15,
3605,NGC 3605,Galaxy,Leo,13.0,1.7,11,16.8,+,18,1,
3607,NGC 3607,Galaxy,Leo,10.0,3.7,11,16.9,+,18,3,
3608,NGC 3608,Galaxy,Leo,11.0,3.0,11,17.0,+,18,9,
3610,NGC 3610,Galaxy,Ursa_Major,10.8,3.2,11,18.4,+,58,47,
3611,NGC 3611,Galaxy,Leo,12.2,2.4,11,17.5,+,4,33,
3613,NGC 3613,Galaxy,Ursa_Major,12.0,3.6,11,18.6,+,58,0,
3614,NGC 3614,Galaxy,Ursa_Major,12.0,4.6,11,18.3,+,45,45,
3619,NGC 3619,Galaxy,Ursa_Major,13.0,3.1,11,19.4,+,57,46,
3621,NGC 3621,Galaxy,Hydra,10.0,10.0,11,18.3,-,32,49,
3623,NGC 3623,Galaxy,Leo,9.3,10.0,11,18.9,+,13,5,
3625,NGC 3625,Galaxy,Ursa_Major,14.0,2.2,11,20.5,+,57,47,
3626,NGC 3626,Galaxy,Leo,10.9,3.1,11,20.1,+,18,21,
3627,NGC 3627,Galaxy,Leo,9.0,8.7,11,20.2,+,12,59,
3628,NGC 3628,Galaxy,Leo,9.5,14.0,11,20.3,+,13,36,
3629,NGC 3629,Galaxy,Leo,13.0,2.2,11,20.5,+,26,58,
3630,NGC 3630,Galaxy,Leo,13.0,2.3,11,20.3,+,2,58,
3631,NGC 3631,Galaxy,Ursa_Major,10.4,4.6,11,21.0,+,53,10,
3633,NGC 3633,Galaxy,Leo,14.0,1.4,11,20.4,+,3,35,
3636,NGC 3636,Galaxy,Crater,13.0,1.1,11,20.4,-,10,17,
3637,NGC 3637,Galaxy,Crater,13.0,1.7,11,20.7,-,10,16,
3640,NGC 3640,Galaxy,Leo,10.3,4.1,11,21.1,+,3,14,
3641,NGC 3641,Galaxy,Leo,14.0,1.1,11,21.2,+,3,12,
3642,NGC 3642,Galaxy,Ursa_Major,11.1,5.8,11,22.3,+,59,5,
3643,NGC 3643,Galaxy,Leo,15.0,1.1,11,21.4,+,3,1,
3646,NGC 3646,Galaxy,Leo,11.2,3.9,11,21.7,+,20,10,
3649,NGC 3649,Galaxy,Leo,15.0,1.6,11,22.2,+,20,13,
3650,NGC 3650,Galaxy,Leo,15.0,1.9,11,22.6,+,20,42,
3652,NGC 3652,Galaxy,Ursa_Major,13.0,2.4,11,22.6,+,37,46,
3655,NGC 3655,Galaxy,Leo,11.6,1.6,11,22.9,+,16,35,
3656,NGC 3656,Galaxy,Ursa_Major,13.0,1.7,11,23.6,+,53,51,
3657,NGC 3657,Galaxy,Ursa_Major,12.0,1.8,11,23.9,+,52,55,
3658,NGC 3658,Galaxy,Ursa_Major,13.0,2.1,11,24.0,+,38,34,
3659,NGC 3659,Galaxy,Leo,13.0,2.1,11,23.8,+,17,49,
3660,NGC 3660,Galaxy,Crater,13.0,2.8,11,23.6,-,8,40,
3662,NGC 3662,Galaxy,Leo,14.0,1.6,11,23.8,-,1,6,
3664,NGC 3664,Galaxy,Leo,13.0,2.0,11,24.4,+,3,20,
3665,NGC 3665,Galaxy,Ursa_Major,10.8,3.2,11,24.7,+,38,46,
3666,NGC 3666,Galaxy,Leo,12.0,4.2,11,24.4,+,11,21,
3669,NGC 3669,Galaxy,Ursa_Major,13.0,2.3,11,25.4,+,57,43,
3672,NGC 3672,Galaxy,Crater,11.0,4.1,11,25.0,-,9,48,
3673,NGC 3673,Galaxy,Hydra,12.0,3.5,11,25.2,-,26,44,
3674,NGC 3674,Galaxy,Ursa_Major,13.0,2.0,11,26.4,+,57,3,
3675,NGC 3675,Galaxy,Ursa_Major,11.0,5.9,11,26.1,+,43,35,
3677,NGC 3677,Galaxy,Ursa_Major,14.0,2.0,11,26.3,+,46,58,
3680,NGC 3680,Open Cluster,Centaurus,7.6,12.0,11,25.7,-,43,15,
3681,NGC 3681,Galaxy,Leo,11.7,2.5,11,26.5,+,16,52,
3682,NGC 3682,Galaxy,Draco,13.0,2.0,11,27.7,+,66,35,
3683,NGC 3683,Galaxy,Ursa_Major,13.0,2.0,11,27.5,+,56,53,
3684,NGC 3684,Galaxy,Leo,11.7,3.2,11,27.2,+,17,2,
3686,NGC 3686,Galaxy,Leo,11.4,3.3,11,27.7,+,17,13,
3687,NGC 3687,Galaxy,Ursa_Major,13.0,2.0,11,28.0,+,29,31,
3689,NGC 3689,Galaxy,Leo,12.3,1.6,11,28.2,+,25,40,
3690,NGC 3690,Galaxy,Ursa_Major,12.0,2.4,11,28.5,+,58,33,
3691,NGC 3691,Galaxy,Leo,14.0,1.3,11,28.2,+,16,55,
3692,NGC 3692,Galaxy,Leo,13.0,3.3,11,28.4,+,9,24,
3694,NGC 3694,Galaxy,Ursa_Major,13.0,1.0,11,28.9,+,35,24,
3705,NGC 3705,Galaxy,Leo,11.0,5.0,11,30.1,+,9,17,
3706,NGC 3706,Galaxy,Centaurus,12.0,2.9,11,29.7,-,36,25,
3717,NGC 3717,Galaxy,Hydra,12.0,5.8,11,31.5,-,30,19,
3718,NGC 3718,Galaxy,Ursa_Major,10.5,8.7,11,32.6,+,53,4,
3719,NGC 3719,Galaxy,Leo,14.0,2.0,11,32.2,+,0,49,
3720,NGC 3720,Galaxy,Leo,13.3,1.1,11,32.4,+,0,48,
3725,NGC 3725,Galaxy,Ursa_Major,14.0,1.4,11,33.7,+,61,53,
3726,NGC 3726,Galaxy,Ursa_Major,10.4,6.0,11,33.3,+,47,2,
3729,NGC 3729,Galaxy,Ursa_Major,11.4,3.1,11,33.8,+,53,8,
3732,NGC 3732,Galaxy,Crater,13.0,1.3,11,34.2,-,9,51,
3733,NGC 3733,Galaxy,Ursa_Major,12.0,4.8,11,35.0,+,54,51,
3735,NGC 3735,Galaxy,Draco,12.0,4.2,11,36.0,+,70,32,
3737,NGC 3737,Galaxy,Ursa_Major,14.0,1.3,11,35.6,+,54,57,
3738,NGC 3738,Galaxy,Ursa_Major,11.7,2.6,11,35.8,+,54,31,
3746,NGC 3746,Galaxy,Leo,15.0,1.3,11,37.7,+,22,0,
3751,NGC 3751,Galaxy,Leo,15.0,0.4,11,37.9,+,21,56,
3753,NGC 3753,Galaxy,Leo,15.0,2.0,11,37.9,+,21,59,
3755,NGC 3755,Galaxy,Ursa_Major,13.0,3.2,11,36.6,+,36,25,
3756,NGC 3756,Galaxy,Ursa_Major,11.5,4.4,11,36.8,+,54,18,
3759,NGC 3759,Galaxy,Ursa_Major,14.0,1.5,11,36.9,+,54,49,
3766,NGC 3766,Open Cluster,Centaurus,5.3,12.0,11,36.1,-,61,37,
3769,NGC 3769,Galaxy,Ursa_Major,12.0,3.2,11,37.7,+,47,54,
3773,NGC 3773,Galaxy,Leo,13.0,1.6,11,38.2,+,12,7,
3780,NGC 3780,Galaxy,Ursa_Major,12.0,3.1,11,39.4,+,56,16,
3782,NGC 3782,Galaxy,Ursa_Major,13.0,1.7,11,39.3,+,46,31,
3783,NGC 3783,Galaxy,Centaurus,13.0,1.9,11,39.0,-,37,45,
3786,NGC 3786,Galaxy,Ursa_Major,13.0,2.4,11,39.7,+,31,55,
3788,NGC 3788,Galaxy,Ursa_Major,13.0,2.2,11,39.7,+,31,56,
3795,NGC 3795,Galaxy,Ursa_Major,14.0,2.4,11,40.1,+,58,37,
3797,NGC 3797,Galaxy,Ursa_Major,15.0,0.2,11,40.1,+,31,54,
3799,NGC 3799,Galaxy,Leo,14.0,0.9,11,40.2,+,15,20,
3800,NGC 3800,Galaxy,Leo,13.0,2.1,11,40.2,+,15,21,
3801,NGC 3801,Galaxy,Leo,12.1,3.2,11,40.3,+,17,44,
3802,NGC 3802,Galaxy,Leo,13.6,1.4,11,40.3,+,17,46,
3804,NGC 3804,Galaxy,Ursa_Major,13.0,2.4,11,40.9,+,56,12,
3807,NGC 3807,Galaxy,Leo,15.0,1.5,11,40.8,+,17,47,
3808,NGC 3808,Galaxy,Leo,11.9,0.7,11,40.7,+,22,27,
3810,NGC 3810,Galaxy,Leo,10.8,4.3,11,41.0,+,11,28,
3811,NGC 3811,Galaxy,Ursa_Major,13.0,2.4,11,41.3,+,47,42,
3813,NGC 3813,Galaxy,Ursa_Major,11.7,2.3,11,41.3,+,36,33,
3818,NGC 3818,Galaxy,Virgo,11.8,2.1,11,42.0,-,6,9,
3824,NGC 3824,Galaxy,Ursa_Major,15.0,1.6,11,42.8,+,52,47,
3829,NGC 3829,Galaxy,Ursa_Major,15.0,1.2,11,43.5,+,52,43,
3835,NGC 3835,Galaxy,Ursa_Major,13.0,2.0,11,44.1,+,60,7,
3838,NGC 3838,Galaxy,Ursa_Major,13.0,1.7,11,44.2,+,57,57,
3842,NGC 3842,Galaxy,Leo,13.0,1.2,11,44.0,+,19,57,
3846,NGC 3846,Galaxy,Ursa_Major,15.0,1.2,11,44.5,+,55,40,
3850,NGC 3850,Galaxy,Ursa_Major,14.0,2.3,11,45.6,+,55,53,
3858,NGC 3858,Galaxy,Crater,13.0,1.9,11,44.9,-,9,16,
3862,NGC 3862,Galaxy,Leo,12.6,1.6,11,45.1,+,19,36,
3865,NGC 3865,Galaxy,Crater,13.0,2.3,11,44.9,-,9,14,
3870,NGC 3870,Galaxy,Ursa_Major,13.0,1.3,11,45.9,+,50,12,
3872,NGC 3872,Galaxy,Leo,11.7,2.2,11,45.8,+,13,46,
3877,NGC 3877,Galaxy,Ursa_Major,12.0,5.4,11,46.1,+,47,30,
3885,NGC 3885,Galaxy,Hydra,13.0,1.7,11,46.8,-,27,55,
3887,NGC 3887,Galaxy,Crater,11.0,3.3,11,47.1,-,16,51,
3888,NGC 3888,Galaxy,Ursa_Major,13.0,1.8,11,47.6,+,55,58,
3892,NGC 3892,Galaxy,Crater,12.0,2.8,11,48.0,-,10,58,
3893,NGC 3893,Galaxy,Ursa_Major,11.0,4.4,11,48.6,+,48,43,
3894,NGC 3894,Galaxy,Ursa_Major,13.0,2.4,11,48.8,+,59,25,
3895,NGC 3895,Galaxy,Ursa_Major,14.0,1.4,11,49.1,+,59,26,
3896,NGC 3896,Galaxy,Ursa_Major,14.0,1.7,11,48.9,+,48,41,
3897,NGC 3897,Galaxy,Ursa_Major,14.0,2.1,11,49.0,+,35,1,
3898,NGC 3898,Galaxy,Ursa_Major,10.8,4.4,11,49.2,+,56,5,
3900,NGC 3900,Galaxy,Leo,11.4,3.5,11,49.2,+,27,1,
3902,NGC 3902,Galaxy,Leo,14.0,1.8,11,49.3,+,26,7,
3904,NGC 3904,Galaxy,Hydra,11.0,2.2,11,49.2,-,29,17,
3906,NGC 3906,Galaxy,Ursa_Major,14.0,1.9,11,49.7,+,48,26,
3912,NGC 3912,Galaxy,Leo,13.0,1.7,11,50.1,+,26,29,
3913,NGC 3913,Galaxy,Ursa_Major,13.0,2.6,11,50.6,+,55,21,
3916,NGC 3916,Galaxy,Ursa_Major,15.0,1.8,11,50.8,+,55,9,
3917,NGC 3917,Galaxy,Ursa_Major,12.0,4.9,11,50.8,+,51,50,
3918,NGC 3918,Planetary Nebula,Centaurus,8.0,0.2,11,50.3,-,57,11,
3921,NGC 3921,Galaxy,Ursa_Major,13.0,2.2,11,51.1,+,55,5,
3923,NGC 3923,Galaxy,Hydra,10.1,2.9,11,51.0,-,28,48,
3924,NGC 3924,Galaxy,Ursa_Major,15.0,1.9,11,52.6,+,50,1,
3928,NGC 3928,Galaxy,Ursa_Major,13.0,1.8,11,51.8,+,48,41,
3930,NGC 3930,Galaxy,Ursa_Major,12.0,3.8,11,51.8,+,38,1,
3931,NGC 3931,Galaxy,Ursa_Major,15.0,1.4,11,51.2,+,52,0,
3936,NGC 3936,Galaxy,Hydra,13.0,4.0,11,52.3,-,26,54,
3938,NGC 3938,Galaxy,Ursa_Major,10.4,5.4,11,52.8,+,44,7,
3941,NGC 3941,Galaxy,Ursa_Major,11.0,3.8,11,52.9,+,36,59,
3945,NGC 3945,Galaxy,Ursa_Major,10.6,5.5,11,53.2,+,60,41,
3947,NGC 3947,Galaxy,Leo,14.0,1.6,11,53.4,+,20,45,
3948,NGC 3948,Galaxy,Leo,15.0,0.5,11,53.4,+,20,59,
3949,NGC 3949,Galaxy,Ursa_Major,11.0,3.0,11,53.7,+,47,52,
3952,NGC 3952,Galaxy,Virgo,13.0,1.5,11,53.7,-,4,0,
3953,NGC 3953,Galaxy,Ursa_Major,10.1,6.6,11,53.8,+,52,20,
3955,NGC 3955,Galaxy,Crater,11.9,3.2,11,54.0,-,23,10,
3956,NGC 3956,Galaxy,Crater,13.0,3.5,11,54.0,-,20,34,
3957,NGC 3957,Galaxy,Crater,13.0,3.5,11,54.0,-,19,34,
3958,NGC 3958,Galaxy,Ursa_Major,13.0,1.6,11,54.6,+,58,22,
3960,NGC 3960,Open Cluster,Centaurus,8.3,7.0,11,50.9,-,55,42,
3962,NGC 3962,Galaxy,Crater,10.6,2.9,11,54.7,-,13,58,
3963,NGC 3963,Galaxy,Ursa_Major,12.0,2.8,11,55.0,+,58,30,
3968,NGC 3968,Galaxy,Leo,13.0,3.0,11,55.5,+,11,58,
3972,NGC 3972,Galaxy,Ursa_Major,13.0,4.0,11,55.8,+,55,19,
3975,NGC 3975,Galaxy,Ursa_Major,15.0,0.8,11,55.9,+,60,32,
3976,NGC 3976,Galaxy,Virgo,12.0,3.9,11,56.0,+,6,45,
3977,NGC 3977,Galaxy,Ursa_Major,13.0,1.7,11,56.1,+,55,24,
3978,NGC 3978,Galaxy,Ursa_Major,15.0,1.8,11,56.2,+,60,31,
3980,NGC 3980,Galaxy,Ursa_Major,15.0,1.8,11,56.1,+,55,23,
3981,NGC 3981,Galaxy,Crater,12.0,3.9,11,56.1,-,19,54,
3982,NGC 3982,Galaxy,Ursa_Major,12.0,2.5,11,56.5,+,55,8,
3985,NGC 3985,Galaxy,Ursa_Major,13.0,1.2,11,56.7,+,48,20,
3986,NGC 3986,Galaxy,Ursa_Major,14.0,3.1,11,56.7,+,32,1,
3987,NGC 3987,Galaxy,Leo,14.0,2.5,11,57.3,+,25,12,
3990,NGC 3990,Galaxy,Ursa_Major,12.6,1.7,11,57.6,+,55,28,
3991,NGC 3991,Galaxy,Ursa_Major,13.2,1.4,11,57.5,+,32,20,
3992,NGC 3992,Galaxy,Ursa_Major,9.8,7.6,11,57.6,+,53,23,
3993,NGC 3993,Galaxy,Leo,15.0,1.9,11,57.6,+,25,15,
3994,NGC 3994,Galaxy,Ursa_Major,12.7,1.1,11,57.6,+,32,17,
3995,NGC 3995,Galaxy,Ursa_Major,12.6,2.8,11,57.7,+,32,18,
3997,NGC 3997,Galaxy,Leo,14.0,1.8,11,57.8,+,25,16,
3998,NGC 3998,Galaxy,Ursa_Major,10.6,3.1,11,57.9,+,55,27,
4004,NGC 4004,Galaxy,Leo,14.0,2.2,11,58.1,+,27,53,
4008,NGC 4008,Galaxy,Leo,12.0,2.5,11,58.3,+,28,12,
4010,NGC 4010,Galaxy,Ursa_Major,13.0,4.2,11,58.6,+,47,16,
4013,NGC 4013,Galaxy,Ursa_Major,12.0,5.2,11,58.5,+,43,57,
4016,NGC 4016,Galaxy,Leo,15.0,1.5,11,58.4,+,27,31,
4017,NGC 4017,Galaxy,Coma_Berenices,13.0,1.8,11,58.7,+,27,26,
4020,NGC 4020,Galaxy,Ursa_Major,13.0,2.1,11,58.9,+,30,25,
4024,NGC 4024,Galaxy,Corvus,13.0,2.3,11,58.5,-,18,21,
4025,NGC 4025,Galaxy,Ursa_Major,15.0,3.3,11,59.2,+,37,48,
4026,NGC 4026,Galaxy,Ursa_Major,12.0,5.1,11,59.4,+,50,58,
4027,NGC 4027,Galaxy,Corvus,11.1,3.0,11,59.5,-,19,16,
4030,NGC 4030,Galaxy,Virgo,12.0,4.3,12,0.4,-,1,6,
4032,NGC 4032,Galaxy,Coma_Berenices,13.0,2.1,12,0.6,+,20,4,
4033,NGC 4033,Galaxy,Corvus,13.0,2.5,12,0.6,-,17,51,
4036,NGC 4036,Galaxy,Ursa_Major,10.6,4.5,12,1.4,+,61,54,
4037,NGC 4037,Galaxy,Coma_Berenices,13.0,2.7,12,1.4,+,13,24,
4038,NGC 4038,Galaxy,Corvus,10.7,2.6,12,1.9,-,18,52,
4039,NGC 4039,Galaxy,Corvus,13.0,3.2,12,1.9,-,18,53,
4041,NGC 4041,Galaxy,Ursa_Major,11.1,2.8,12,2.2,+,62,8,
4045,NGC 4045,Galaxy,Virgo,11.8,2.8,12,2.7,+,1,59,
4047,NGC 4047,Galaxy,Ursa_Major,13.0,1.5,12,2.9,+,48,38,
4050,NGC 4050,Galaxy,Corvus,12.0,3.1,12,2.9,-,16,22,
4051,NGC 4051,Galaxy,Ursa_Major,10.3,5.0,12,3.2,+,44,32,
4052,NGC 4052,Open Cluster,Crux,9.0,8.0,12,1.9,-,63,12,
4061,NGC 4061,Galaxy,Coma_Berenices,14.0,1.5,12,4.1,+,20,13,
4062,NGC 4062,Galaxy,Ursa_Major,11.2,4.3,12,4.1,+,31,54,
4064,NGC 4064,Galaxy,Coma_Berenices,11.5,4.5,12,4.2,+,18,27,
4065,NGC 4065,Galaxy,Coma_Berenices,14.0,1.5,12,4.2,+,20,13,
4067,NGC 4067,Galaxy,Virgo,13.0,1.5,12,4.2,+,10,51,
4068,NGC 4068,Galaxy,Ursa_Major,13.0,3.2,12,4.0,+,52,35,
4073,NGC 4073,Galaxy,Virgo,13.0,2.5,12,4.5,+,1,54,
4079,NGC 4079,Galaxy,Virgo,14.0,2.4,12,4.8,-,2,23,
4081,NGC 4081,Galaxy,Ursa_Major,14.0,1.8,12,4.6,+,64,26,
4085,NGC 4085,Galaxy,Ursa_Major,12.3,2.8,12,5.4,+,50,21,
4088,NGC 4088,Galaxy,Ursa_Major,10.5,5.8,12,5.6,+,50,33,
4094,NGC 4094,Galaxy,Corvus,12.0,4.2,12,5.9,-,14,32,
4096,NGC 4096,Galaxy,Ursa_Major,10.6,6.5,12,6.0,+,47,29,
4100,NGC 4100,Galaxy,Ursa_Major,12.0,5.2,12,6.2,+,49,35,
4102,NGC 4102,Galaxy,Ursa_Major,12.0,3.2,12,6.4,+,52,43,
4103,NGC 4103,Open Cluster,Crux,7.0,7.0,12,6.7,-,61,15,
4104,NGC 4104,Galaxy,Coma_Berenices,14.0,3.0,12,6.6,+,28,10,
4105,NGC 4105,Galaxy,Hydra,12.0,2.4,12,6.7,-,29,46,
4106,NGC 4106,Galaxy,Hydra,11.4,1.9,12,6.8,-,29,46,
4108,NGC 4108,Galaxy,Draco,13.0,1.9,12,6.8,+,67,10,
4109,NGC 4109,Galaxy,Canes_Venatici,15.0,0.8,12,6.9,+,43,0,
4111,NGC 4111,Galaxy,Canes_Venatici,10.8,4.8,12,7.1,+,43,4,
4114,NGC 4114,Galaxy,Corvus,13.0,2.3,12,7.2,-,14,11,
4116,NGC 4116,Galaxy,Virgo,11.9,3.8,12,7.6,+,2,42,
4117,NGC 4117,Galaxy,Canes_Venatici,14.0,2.8,12,7.8,+,43,8,
4118,NGC 4118,Galaxy,Canes_Venatici,16.0,0.9,12,7.9,+,43,7,
4120,NGC 4120,Galaxy,Draco,14.0,1.9,12,8.5,+,69,33,
4121,NGC 4121,Galaxy,Draco,14.0,0.6,12,7.9,+,65,7,
4123,NGC 4123,Galaxy,Virgo,11.2,4.5,12,8.2,+,2,53,
4124,NGC 4124,Galaxy,Virgo,12.0,4.6,12,8.2,+,10,23,
4125,NGC 4125,Galaxy,Draco,9.8,5.1,12,8.1,+,65,11,
4127,NGC 4127,Galaxy,Camelopardalis,13.0,2.3,12,8.4,+,76,48,
4128,NGC 4128,Galaxy,Draco,13.0,2.8,12,8.5,+,68,46,
4129,NGC 4129,Galaxy,Virgo,12.6,2.6,12,8.9,-,9,2,
4131,NGC 4131,Galaxy,Coma_Berenices,14.0,1.6,12,8.7,+,29,18,
4132,NGC 4132,Galaxy,Coma_Berenices,15.0,1.1,12,9.0,+,29,14,
4135,NGC 4135,Galaxy,Canes_Venatici,15.0,1.0,12,9.2,+,44,0,
4136,NGC 4136,Galaxy,Coma_Berenices,12.0,4.1,12,9.3,+,29,56,
4137,NGC 4137,Galaxy,Canes_Venatici,15.0,1.2,12,9.3,+,44,6,
4138,NGC 4138,Galaxy,Canes_Venatici,12.0,2.9,12,9.5,+,43,41,
4142,NGC 4142,Galaxy,Ursa_Major,14.0,2.3,12,9.5,+,53,6,
4143,NGC 4143,Galaxy,Canes_Venatici,12.0,2.9,12,9.6,+,42,32,
4144,NGC 4144,Galaxy,Ursa_Major,12.0,5.9,12,10.0,+,46,27,
4145,NGC 4145,Galaxy,Canes_Venatici,11.0,5.8,12,10.0,+,39,53,
4146,NGC 4146,Galaxy,Coma_Berenices,14.0,1.6,12,10.3,+,26,26,
4147,NGC 4147,Globular Cluster,Coma_Berenices,10.3,4.0,12,10.1,+,18,33,
4148,NGC 4148,Galaxy,Canes_Venatici,15.0,1.8,12,10.1,+,35,52,
4150,NGC 4150,Galaxy,Coma_Berenices,11.7,2.5,12,10.6,+,30,24,
4151,NGC 4151,Galaxy,Canes_Venatici,10.4,5.9,12,10.5,+,39,24,
4152,NGC 4152,Galaxy,Coma_Berenices,12.0,2.3,12,10.6,+,16,2,
4156,NGC 4156,Galaxy,Canes_Venatici,13.0,1.5,12,10.8,+,39,28,
4157,NGC 4157,Galaxy,Ursa_Major,12.0,6.9,12,11.1,+,50,29,
4158,NGC 4158,Galaxy,Coma_Berenices,13.0,2.0,12,11.2,+,20,11,
4162,NGC 4162,Galaxy,Coma_Berenices,11.5,2.5,12,11.9,+,24,7,
4163,NGC 4163,Galaxy,Canes_Venatici,13.0,1.9,12,12.2,+,36,10,
4165,NGC 4165,Galaxy,Virgo,13.6,1.5,12,12.2,+,13,15,
4168,NGC 4168,Galaxy,Virgo,11.3,2.8,12,12.3,+,13,12,
4169,NGC 4169,Galaxy,Coma_Berenices,13.0,2.1,12,12.2,+,29,10,
4171,NGC 4171,Galaxy,Coma_Berenices,14.0,5.1,12,12.3,+,29,12,
4173,NGC 4173,Galaxy,Coma_Berenices,13.0,4.8,12,12.3,+,29,11,
4174,NGC 4174,Galaxy,Coma_Berenices,14.0,0.8,12,12.4,+,29,8,
4175,NGC 4175,Galaxy,Coma_Berenices,14.0,2.0,12,12.5,+,29,9,
4178,NGC 4178,Galaxy,Virgo,11.4,5.0,12,12.8,+,10,52,
4179,NGC 4179,Galaxy,Virgo,10.9,4.2,12,12.9,+,1,18,
4180,NGC 4180,Galaxy,Virgo,13.0,1.8,12,13.1,+,7,2,
4183,NGC 4183,Galaxy,Canes_Venatici,13.0,5.0,12,13.3,+,43,42,
4186,NGC 4186,Galaxy,Coma_Berenices,14.0,1.4,12,14.1,+,14,44,
4189,NGC 4189,Galaxy,Coma_Berenices,11.7,2.5,12,13.8,+,13,26,
4190,NGC 4190,Galaxy,Canes_Venatici,13.0,1.7,12,13.7,+,36,38,
4192,NGC 4192,Galaxy,Coma_Berenices,10.1,9.5,12,13.8,+,14,54,
4193,NGC 4193,Galaxy,Virgo,12.4,2.3,12,13.9,+,13,10,
4194,NGC 4194,Galaxy,Ursa_Major,12.4,2.5,12,14.2,+,54,32,
4196,NGC 4196,Galaxy,Coma_Berenices,14.0,1.6,12,14.4,+,28,25,
4197,NGC 4197,Galaxy,Virgo,13.0,3.5,12,14.6,+,5,48,
4203,NGC 4203,Galaxy,Coma_Berenices,10.7,3.6,12,15.1,+,33,12,
4204,NGC 4204,Galaxy,Coma_Berenices,13.0,4.2,12,15.2,+,20,39,
4206,NGC 4206,Galaxy,Virgo,12.1,5.2,12,15.3,+,13,2,
4207,NGC 4207,Galaxy,Virgo,13.0,1.8,12,15.5,+,9,35,
4210,NGC 4210,Galaxy,Draco,13.0,2.2,12,15.3,+,65,59,
4211,NGC 4211,Galaxy,Coma_Berenices,14.0,1.4,12,15.6,+,28,11,
4212,NGC 4212,Galaxy,Coma_Berenices,11.2,3.0,12,15.7,+,13,54,
4214,NGC 4214,Galaxy,Canes_Venatici,9.7,7.9,12,15.6,+,36,20,
4215,NGC 4215,Galaxy,Virgo,13.0,1.9,12,15.9,+,6,24,
4216,NGC 4216,Galaxy,Virgo,10.0,8.3,12,15.9,+,13,9,
4217,NGC 4217,Galaxy,Canes_Venatici,12.0,5.5,12,15.8,+,47,6,
4218,NGC 4218,Galaxy,Canes_Venatici,13.0,1.2,12,15.8,+,48,8,
4219,NGC 4219,Galaxy,Centaurus,12.0,4.5,12,16.4,-,43,20,
4220,NGC 4220,Galaxy,Canes_Venatici,12.0,4.1,12,16.2,+,47,53,
4221,NGC 4221,Galaxy,Draco,14.0,2.3,12,16.0,+,66,14,
4222,NGC 4222,Galaxy,Coma_Berenices,14.0,3.3,12,16.4,+,13,19,
4224,NGC 4224,Galaxy,Virgo,11.8,2.4,12,16.6,+,7,28,
4226,NGC 4226,Galaxy,Canes_Venatici,14.0,1.3,12,16.4,+,47,2,
4227,NGC 4227,Galaxy,Canes_Venatici,14.0,1.8,12,16.5,+,33,31,
4230,NGC 4230,Open Cluster,Centaurus,9.0,6.0,12,17.3,-,55,8,
4231,NGC 4231,Galaxy,Canes_Venatici,15.0,1.4,12,16.8,+,47,27,
4232,NGC 4232,Galaxy,Canes_Venatici,15.0,1.5,12,16.8,+,47,26,
4233,NGC 4233,Galaxy,Virgo,11.9,2.3,12,17.1,+,7,37,
4234,NGC 4234,Galaxy,Virgo,12.9,1.3,12,17.2,+,3,41,
4235,NGC 4235,Galaxy,Virgo,11.6,4.3,12,17.2,+,7,11,
4236,NGC 4236,Galaxy,Draco,9.7,18.0,12,16.7,+,69,28,
4237,NGC 4237,Galaxy,Coma_Berenices,11.7,2.3,12,17.2,+,15,19,
4238,NGC 4238,Galaxy,Draco,14.0,1.9,12,16.9,+,63,25,
4241,NGC 4241,Galaxy,Virgo,12.0,2.5,12,17.4,+,6,41,
4242,NGC 4242,Galaxy,Canes_Venatici,11.0,4.8,12,17.5,+,45,37,
4244,NGC 4244,Galaxy,Canes_Venatici,10.2,16.0,12,17.5,+,37,49,
4245,NGC 4245,Galaxy,Coma_Berenices,11.4,3.3,12,17.6,+,29,36,
4246,NGC 4246,Galaxy,Virgo,12.7,2.5,12,18.0,+,7,11,
4247,NGC 4247,Galaxy,Virgo,15.0,0.7,12,18.0,+,7,16,
4248,NGC 4248,Galaxy,Canes_Venatici,12.6,3.0,12,17.8,+,47,25,
4250,NGC 4250,Galaxy,Draco,13.0,2.7,12,17.4,+,70,48,
4251,NGC 4251,Galaxy,Coma_Berenices,12.0,4.2,12,18.1,+,28,10,
4252,NGC 4252,Galaxy,Virgo,15.0,1.5,12,18.5,+,5,34,
4253,NGC 4253,Galaxy,Coma_Berenices,14.0,1.1,12,18.4,+,29,49,
4254,NGC 4254,Galaxy,Coma_Berenices,9.8,5.4,12,18.8,+,14,25,
4256,NGC 4256,Galaxy,Draco,12.0,4.6,12,18.7,+,65,54,
4257,NGC 4257,Galaxy,Virgo,15.0,1.2,12,19.1,+,5,44,
4258,NGC 4258,Galaxy,Canes_Venatici,8.3,18.0,12,19.0,+,47,18,
4259,NGC 4259,Galaxy,Virgo,13.6,1.1,12,19.4,+,5,23,
4260,NGC 4260,Galaxy,Virgo,11.8,2.6,12,19.4,+,6,6,
4261,NGC 4261,Galaxy,Virgo,10.3,3.9,12,19.4,+,5,49,
4262,NGC 4262,Galaxy,Coma_Berenices,11.5,2.2,12,19.5,+,14,53,
4264,NGC 4264,Galaxy,Virgo,12.9,1.1,12,19.6,+,5,51,
4266,NGC 4266,Galaxy,Virgo,15.0,2.1,12,19.7,+,5,32,
4267,NGC 4267,Galaxy,Virgo,10.9,3.5,12,19.8,+,12,48,
4268,NGC 4268,Galaxy,Virgo,12.7,1.6,12,19.8,+,5,17,
4269,NGC 4269,Galaxy,Virgo,14.0,1.5,12,19.8,+,6,1,
4270,NGC 4270,Galaxy,Virgo,12.2,2.2,12,19.8,+,5,28,
4273,NGC 4273,Galaxy,Virgo,11.9,2.3,12,19.9,+,5,21,
4274,NGC 4274,Galaxy,Coma_Berenices,10.4,6.9,12,19.8,+,29,37,
4275,NGC 4275,Galaxy,Coma_Berenices,13.0,1.0,12,19.9,+,27,37,
4277,NGC 4277,Galaxy,Virgo,13.5,0.9,12,20.1,+,5,21,
4278,NGC 4278,Galaxy,Coma_Berenices,10.2,3.6,12,20.1,+,29,17,
4281,NGC 4281,Galaxy,Virgo,11.3,3.1,12,20.4,+,5,23,
4283,NGC 4283,Galaxy,Coma_Berenices,12.0,1.4,12,20.3,+,29,19,
4286,NGC 4286,Galaxy,Coma_Berenices,15.0,1.9,12,20.7,+,29,21,
4288,NGC 4288,Galaxy,Canes_Venatici,13.0,2.3,12,20.6,+,46,17,
4289,NGC 4289,Galaxy,Virgo,14.0,3.9,12,21.0,+,3,43,
4290,NGC 4290,Galaxy,Ursa_Major,12.0,2.5,12,20.8,+,58,6,
4291,NGC 4291,Galaxy,Draco,12.0,2.2,12,20.3,+,75,22,
4292,NGC 4292,Galaxy,Virgo,14.0,2.1,12,21.3,+,4,36,
4293,NGC 4293,Galaxy,Coma_Berenices,11.0,6.0,12,21.2,+,18,23,
4294,NGC 4294,Galaxy,Virgo,12.1,3.1,12,21.3,+,11,31,
4298,NGC 4298,Galaxy,Coma_Berenices,11.4,3.2,12,21.5,+,14,36,
4299,NGC 4299,Galaxy,Virgo,12.5,1.7,12,21.7,+,11,30,
4301,NGC 4301,Galaxy,Virgo,15.0,1.4,12,21.6,+,4,47,
4302,NGC 4302,Galaxy,Coma_Berenices,11.6,5.2,12,21.7,+,14,36,
4303,NGC 4303,Galaxy,Virgo,9.7,6.0,12,21.9,+,4,28,
4304,NGC 4304,Galaxy,Hydra,12.0,2.4,12,22.2,-,33,29,
4305,NGC 4305,Galaxy,Virgo,12.6,2.2,12,22.1,+,12,44,
4306,NGC 4306,Galaxy,Virgo,14.0,1.6,12,22.1,+,12,47,
4307,NGC 4307,Galaxy,Virgo,13.0,3.7,12,22.1,+,9,2,
4308,NGC 4308,Galaxy,Coma_Berenices,14.0,1.0,12,21.9,+,30,3,
4309,NGC 4309,Galaxy,Virgo,14.0,2.0,12,22.2,+,7,9,
4310,NGC 4310,Galaxy,Coma_Berenices,13.0,2.6,12,22.4,+,29,12,
4311,NGC 4311,Galaxy,Coma_Berenices,13.0,2.3,12,22.4,+,29,12,
4312,NGC 4312,Galaxy,Coma_Berenices,11.8,4.7,12,22.5,+,15,32,
4313,NGC 4313,Galaxy,Virgo,13.0,3.9,12,22.6,+,11,48,
4314,NGC 4314,Galaxy,Coma_Berenices,10.5,4.8,12,22.6,+,29,53,
4318,NGC 4318,Galaxy,Virgo,14.0,0.9,12,22.7,+,8,12,
4319,NGC 4319,Galaxy,Draco,12.0,3.1,12,21.7,+,75,19,
4321,NGC 4321,Galaxy,Coma_Berenices,9.4,6.9,12,22.9,+,15,49,
4322,NGC 4322,Galaxy,Coma_Berenices,13.9,1.3,12,23.0,+,15,54,
4324,NGC 4324,Galaxy,Virgo,13.0,2.5,12,23.1,+,5,15,
4326,NGC 4326,Galaxy,Virgo,14.0,1.7,12,23.2,+,6,4,
4328,NGC 4328,Galaxy,Coma_Berenices,13.5,1.5,12,23.3,+,15,48,
4329,NGC 4329,Galaxy,Corvus,14.0,1.2,12,23.4,-,12,34,
4331,NGC 4331,Galaxy,Draco,15.0,2.0,12,22.4,+,76,11,
4332,NGC 4332,Galaxy,Draco,13.0,2.3,12,22.8,+,65,51,
4333,NGC 4333,Galaxy,Virgo,14.0,1.1,12,23.4,+,6,2,
4334,NGC 4334,Galaxy,Virgo,14.0,2.4,12,23.4,+,7,28,
4335,NGC 4335,Galaxy,Ursa_Major,14.0,2.2,12,23.0,+,58,27,
4337,NGC 4337,Open Cluster,Crux,8.9,4.0,12,23.9,-,58,8,
4339,NGC 4339,Galaxy,Virgo,11.4,2.3,12,23.6,+,6,5,
4340,NGC 4340,Galaxy,Coma_Berenices,11.0,4.1,12,23.6,+,16,43,
4342,NGC 4342,Galaxy,Virgo,14.0,1.1,12,23.6,+,7,3,
4343,NGC 4343,Galaxy,Virgo,12.1,2.8,12,23.7,+,6,57,
4344,NGC 4344,Galaxy,Coma_Berenices,13.0,1.9,12,23.6,+,17,32,
4346,NGC 4346,Galaxy,Canes_Venatici,12.0,3.5,12,23.5,+,47,0,
4348,NGC 4348,Galaxy,Virgo,13.0,3.5,12,23.9,-,3,27,
4349,NGC 4349,Open Cluster,Crux,7.4,16.0,12,24.5,-,61,54,
4350,NGC 4350,Galaxy,Coma_Berenices,11.1,3.2,12,24.0,+,16,42,
4351,NGC 4351,Galaxy,Virgo,12.7,2.0,12,24.0,+,12,12,
4352,NGC 4352,Galaxy,Virgo,12.7,1.9,12,24.1,+,11,13,
4353,NGC 4353,Galaxy,Virgo,14.0,1.3,12,24.0,+,7,47,
4357,NGC 4357,Galaxy,Canes_Venatici,14.0,3.8,12,24.0,+,48,46,
4359,NGC 4359,Galaxy,Coma_Berenices,13.0,3.5,12,24.2,+,31,31,
4360,NGC 4360,Galaxy,Virgo,13.0,1.7,12,24.3,+,9,17,
4361,NGC 4361,Planetary Nebula,Corvus,10.0,1.8,12,24.5,-,18,48,
4363,NGC 4363,Galaxy,Draco,15.0,1.5,12,23.5,+,74,57,
4365,NGC 4365,Galaxy,Virgo,11.0,6.2,12,24.5,+,7,19,
4369,NGC 4369,Galaxy,Canes_Venatici,12.0,2.5,12,24.6,+,39,23,
4370,NGC 4370,Galaxy,Virgo,14.0,1.6,12,24.9,+,7,27,
4371,NGC 4371,Galaxy,Virgo,10.8,3.9,12,24.9,+,11,42,
4372,NGC 4372,Globular Cluster,Musca,7.8,18.0,12,25.8,-,72,40,
4373,NGC 4373,Galaxy,Centaurus,11.1,3.2,12,25.3,-,39,45,
4374,NGC 4374,Galaxy,Virgo,9.3,5.0,12,25.1,+,12,53,
4375,NGC 4375,Galaxy,Coma_Berenices,14.0,1.6,12,25.0,+,28,33,
4377,NGC 4377,Galaxy,Coma_Berenices,11.8,1.8,12,25.2,+,14,46,
4378,NGC 4378,Galaxy,Virgo,12.0,3.3,12,25.3,+,4,55,
4379,NGC 4379,Galaxy,Coma_Berenices,11.7,2.1,12,25.2,+,15,36,
4380,NGC 4380,Galaxy,Virgo,12.0,3.7,12,25.4,+,10,1,
4382,NGC 4382,Galaxy,Coma_Berenices,9.2,7.1,12,25.4,+,18,11,
4383,NGC 4383,Galaxy,Coma_Berenices,13.0,2.2,12,25.4,+,16,28,
4384,NGC 4384,Galaxy,Ursa_Major,13.0,1.5,12,25.2,+,54,30,
4385,NGC 4385,Galaxy,Virgo,12.4,2.3,12,25.7,+,0,34,
4386,NGC 4386,Galaxy,Draco,12.0,3.0,12,24.5,+,75,32,
4387,NGC 4387,Galaxy,Virgo,12.0,1.9,12,25.7,+,12,49,
4388,NGC 4388,Galaxy,Virgo,11.1,5.1,12,25.8,+,12,40,
4389,NGC 4389,Galaxy,Canes_Venatici,12.0,2.7,12,25.6,+,45,41,
4390,NGC 4390,Galaxy,Virgo,13.0,1.8,12,25.8,+,10,27,
4391,NGC 4391,Galaxy,Draco,14.0,1.4,12,25.3,+,64,56,
4393,NGC 4393,Galaxy,Coma_Berenices,13.0,3.3,12,25.8,+,27,33,
4394,NGC 4394,Galaxy,Coma_Berenices,10.9,3.9,12,25.9,+,18,13,
4395,NGC 4395,Galaxy,Canes_Venatici,10.2,12.0,12,25.8,+,33,33,
4396,NGC 4396,Galaxy,Coma_Berenices,13.0,3.5,12,26.0,+,15,40,
4402,NGC 4402,Galaxy,Virgo,11.7,4.1,12,26.1,+,13,7,
4405,NGC 4405,Galaxy,Coma_Berenices,13.0,2.0,12,26.1,+,16,11,
4406,NGC 4406,Galaxy,Virgo,9.2,7.4,12,26.2,+,12,57,
4410,NGC 4410,Galaxy,Virgo,14.0,1.3,12,26.5,+,9,1,
4411,NGC 4411,Galaxy,Virgo,12.8,2.2,12,26.5,+,8,52,
4412,NGC 4412,Galaxy,Virgo,13.0,1.5,12,26.6,+,3,58,
4413,NGC 4413,Galaxy,Virgo,13.0,2.5,12,26.5,+,12,37,
4414,NGC 4414,Galaxy,Coma_Berenices,10.3,3.6,12,26.4,+,31,13,
4415,NGC 4415,Galaxy,Virgo,14.0,1.5,12,26.6,+,8,25,
4417,NGC 4417,Galaxy,Virgo,11.2,3.6,12,26.8,+,9,35,
4419,NGC 4419,Galaxy,Coma_Berenices,11.1,3.4,12,26.9,+,15,3,
4420,NGC 4420,Galaxy,Virgo,13.0,2.2,12,27.0,+,2,30,
4421,NGC 4421,Galaxy,Coma_Berenices,11.6,2.7,12,27.0,+,15,28,
4423,NGC 4423,Galaxy,Virgo,14.0,2.3,12,27.1,+,5,52,
4424,NGC 4424,Galaxy,Virgo,11.6,3.7,12,27.2,+,9,25,
4425,NGC 4425,Galaxy,Virgo,11.9,3.4,12,27.2,+,12,44,
4428,NGC 4428,Galaxy,Virgo,13.0,1.9,12,27.5,-,8,10,
4429,NGC 4429,Galaxy,Virgo,10.2,5.5,12,27.4,+,11,7,
4430,NGC 4430,Galaxy,Virgo,12.0,2.7,12,27.4,+,6,15,
4431,NGC 4431,Galaxy,Virgo,12.8,2.0,12,27.5,+,12,18,
4433,NGC 4433,Galaxy,Virgo,13.0,2.3,12,27.6,-,8,17,
4434,NGC 4434,Galaxy,Virgo,13.0,1.6,12,27.5,+,8,9,
4435,NGC 4435,Galaxy,Virgo,10.9,3.0,12,27.7,+,13,5,
4436,NGC 4436,Galaxy,Virgo,13.1,1.9,12,27.7,+,12,19,
4438,NGC 4438,Galaxy,Virgo,10.1,9.3,12,27.8,+,13,1,
4439,NGC 4439,Open Cluster,Crux,8.4,4.0,12,28.4,-,60,6,
4440,NGC 4440,Galaxy,Virgo,11.8,2.0,12,27.9,+,12,18,
4441,NGC 4441,Galaxy,Draco,14.0,4.7,12,27.3,+,64,48,
4442,NGC 4442,Galaxy,Virgo,10.5,4.6,12,28.1,+,9,48,
4445,NGC 4445,Galaxy,Virgo,12.8,2.8,12,28.3,+,9,26,
4448,NGC 4448,Galaxy,Coma_Berenices,11.1,4.0,12,28.2,+,28,37,
4449,NGC 4449,Galaxy,Canes_Venatici,9.4,5.1,12,28.2,+,44,6,
4450,NGC 4450,Galaxy,Coma_Berenices,10.1,4.8,12,28.5,+,17,5,
4451,NGC 4451,Galaxy,Virgo,12.5,1.5,12,28.7,+,9,16,
4452,NGC 4452,Galaxy,Virgo,12.4,2.4,12,28.7,+,11,45,
4454,NGC 4454,Galaxy,Virgo,12.1,2.2,12,28.8,-,1,56,
4455,NGC 4455,Galaxy,Coma_Berenices,13.0,2.8,12,28.7,+,22,49,
4457,NGC 4457,Galaxy,Virgo,10.8,3.0,12,29.0,+,3,34,
4458,NGC 4458,Galaxy,Virgo,12.1,1.9,12,29.0,+,13,15,
4459,NGC 4459,Galaxy,Coma_Berenices,10.4,3.8,12,29.0,+,13,59,
4460,NGC 4460,Galaxy,Canes_Venatici,12.0,4.4,12,28.8,+,44,52,
4461,NGC 4461,Galaxy,Virgo,11.2,3.7,12,29.0,+,13,11,
4462,NGC 4462,Galaxy,Corvus,12.0,3.7,12,29.3,-,23,10,
4463,NGC 4463,Open Cluster,Musca,7.2,5.0,12,30.0,-,64,48,
4464,NGC 4464,Galaxy,Virgo,12.7,1.1,12,29.4,+,8,10,
4466,NGC 4466,Galaxy,Virgo,15.0,1.4,12,29.5,+,7,42,
4467,NGC 4467,Galaxy,Virgo,14.5,0.7,12,29.5,+,8,0,
4468,NGC 4468,Galaxy,Coma_Berenices,13.0,1.5,12,29.5,+,14,3,
4469,NGC 4469,Galaxy,Virgo,12.0,3.9,12,29.5,+,8,45,
4470,NGC 4470,Galaxy,Virgo,13.0,1.5,12,29.6,+,7,49,
4471,NGC 4471,Galaxy,Virgo,15.0,0.2,12,29.7,+,7,55,
4472,NGC 4472,Galaxy,Virgo,8.4,8.9,12,29.8,+,8,0,
4473,NGC 4473,Galaxy,Coma_Berenices,10.2,4.5,12,29.8,+,13,26,
4474,NGC 4474,Galaxy,Coma_Berenices,11.8,2.3,12,29.9,+,14,4,
4475,NGC 4475,Galaxy,Coma_Berenices,15.0,2.1,12,29.8,+,27,15,
4476,NGC 4476,Galaxy,Virgo,12.3,1.9,12,30.0,+,12,21,
4477,NGC 4477,Galaxy,Coma_Berenices,10.4,4.0,12,30.0,+,13,38,
4478,NGC 4478,Galaxy,Virgo,11.2,2.0,12,30.3,+,12,20,
4479,NGC 4479,Galaxy,Coma_Berenices,12.5,1.8,12,30.3,+,13,35,
4480,NGC 4480,Galaxy,Virgo,12.4,2.6,12,30.4,+,4,15,
4483,NGC 4483,Galaxy,Virgo,13.0,1.8,12,30.7,+,9,1,
4485,NGC 4485,Galaxy,Canes_Venatici,12.0,2.4,12,30.5,+,41,42,
4486,NGC 4486,Galaxy,Virgo,8.6,7.2,12,30.8,+,12,24,
4487,NGC 4487,Galaxy,Virgo,11.0,4.1,12,31.1,-,8,3,
4488,NGC 4488,Galaxy,Virgo,13.0,3.6,12,30.9,+,8,22,
4489,NGC 4489,Galaxy,Coma_Berenices,13.0,2.2,12,30.8,+,16,45,
4490,NGC 4490,Galaxy,Canes_Venatici,9.8,5.9,12,30.6,+,41,38,
4491,NGC 4491,Galaxy,Virgo,12.5,1.9,12,31.0,+,11,29,
4492,NGC 4492,Galaxy,Virgo,12.5,2.0,12,31.0,+,8,5,
4494,NGC 4494,Galaxy,Coma_Berenices,9.9,4.8,12,31.4,+,25,47,
4496,NGC 4496,Galaxy,Virgo,12.0,3.9,12,31.6,+,3,56,
4497,NGC 4497,Galaxy,Virgo,12.6,2.3,12,31.5,+,11,37,
4498,NGC 4498,Galaxy,Coma_Berenices,13.0,3.2,12,31.7,+,16,51,
4500,NGC 4500,Galaxy,Ursa_Major,13.0,1.9,12,31.4,+,57,58,
4501,NGC 4501,Galaxy,Coma_Berenices,9.5,6.9,12,32.0,+,14,25,
4503,NGC 4503,Galaxy,Virgo,11.1,3.5,12,32.1,+,11,11,
4504,NGC 4504,Galaxy,Virgo,12.0,4.0,12,32.3,-,7,34,
4506,NGC 4506,Galaxy,Coma_Berenices,14.0,1.6,12,32.2,+,13,25,
4507,NGC 4507,Galaxy,Centaurus,13.0,2.3,12,35.6,-,39,55,
4509,NGC 4509,Galaxy,Canes_Venatici,14.0,1.1,12,33.1,+,32,6,
4515,NGC 4515,Galaxy,Coma_Berenices,13.0,1.6,12,33.0,+,16,15,
4516,NGC 4516,Galaxy,Coma_Berenices,14.0,1.9,12,33.1,+,14,34,
4517,NGC 4517,Galaxy,Virgo,10.5,10.0,12,32.8,+,0,7,
4519,NGC 4519,Galaxy,Virgo,11.7,3.1,12,33.5,+,8,39,
4522,NGC 4522,Galaxy,Virgo,13.0,3.7,12,33.7,+,9,10,
4523,NGC 4523,Galaxy,Coma_Berenices,14.0,2.6,12,33.8,+,15,10,
4525,NGC 4525,Galaxy,Coma_Berenices,13.0,2.9,12,33.8,+,30,17,
4526,NGC 4526,Galaxy,Virgo,9.6,7.2,12,34.0,+,7,42,
4527,NGC 4527,Galaxy,Virgo,10.4,6.3,12,34.1,+,2,39,
4528,NGC 4528,Galaxy,Virgo,11.7,1.8,12,34.1,+,11,19,
4531,NGC 4531,Galaxy,Virgo,13.0,3.0,12,34.3,+,13,5,
4532,NGC 4532,Galaxy,Virgo,11.9,2.9,12,34.3,+,6,28,
4533,NGC 4533,Galaxy,Virgo,15.0,2.0,12,34.4,+,2,20,
4534,NGC 4534,Galaxy,Canes_Venatici,12.0,3.0,12,34.1,+,35,31,
4535,NGC 4535,Galaxy,Virgo,9.8,6.8,12,34.3,+,8,12,
4536,NGC 4536,Galaxy,Virgo,10.4,7.4,12,34.5,+,2,11,
4539,NGC 4539,Galaxy,Coma_Berenices,12.0,3.5,12,34.6,+,18,12,
4540,NGC 4540,Galaxy,Coma_Berenices,12.0,2.0,12,34.8,+,15,33,
4541,NGC 4541,Galaxy,Virgo,14.0,1.8,12,35.2,-,0,13,
4544,NGC 4544,Galaxy,Virgo,14.0,2.1,12,35.6,+,3,2,
4545,NGC 4545,Galaxy,Draco,13.0,2.8,12,34.6,+,63,31,
4546,NGC 4546,Galaxy,Virgo,10.3,3.5,12,35.5,-,3,48,
4548,NGC 4548,Galaxy,Coma_Berenices,10.2,5.4,12,35.4,+,14,30,
4550,NGC 4550,Galaxy,Virgo,11.6,3.5,12,35.5,+,12,13,
4551,NGC 4551,Galaxy,Virgo,11.9,2.0,12,35.6,+,12,16,
4552,NGC 4552,Galaxy,Virgo,9.8,4.2,12,35.7,+,12,33,
4555,NGC 4555,Galaxy,Coma_Berenices,14.0,1.7,12,35.7,+,26,31,
4556,NGC 4556,Galaxy,Coma_Berenices,14.0,1.5,12,35.8,+,26,54,
4559,NGC 4559,Galaxy,Coma_Berenices,9.9,10.0,12,36.0,+,27,58,
4561,NGC 4561,Galaxy,Coma_Berenices,13.0,1.5,12,36.1,+,19,20,
4562,NGC 4562,Galaxy,Coma_Berenices,14.0,2.5,12,35.6,+,25,51,
4564,NGC 4564,Galaxy,Virgo,11.1,3.1,12,36.4,+,11,26,
4565,NGC 4565,Galaxy,Coma_Berenices,9.6,16.0,12,36.3,+,25,59,
4566,NGC 4566,Galaxy,Ursa_Major,14.0,1.5,12,35.9,+,54,13,
4567,NGC 4567,Galaxy,Virgo,11.3,3.0,12,36.5,+,11,15,
4568,NGC 4568,Galaxy,Virgo,10.8,4.6,12,36.6,+,11,14,
4569,NGC 4569,Galaxy,Virgo,9.5,9.5,12,36.8,+,13,10,
4570,NGC 4570,Galaxy,Virgo,10.9,4.1,12,36.9,+,7,15,
4571,NGC 4571,Galaxy,Coma_Berenices,11.3,3.8,12,36.9,+,14,13,
4575,NGC 4575,Galaxy,Centaurus,13.0,2.2,12,37.9,-,40,32,
4576,NGC 4576,Galaxy,Virgo,13.5,1.4,12,37.6,+,4,22,
4578,NGC 4578,Galaxy,Virgo,11.4,3.6,12,37.5,+,9,33,
4579,NGC 4579,Galaxy,Virgo,9.8,5.4,12,37.7,+,11,49,
4580,NGC 4580,Galaxy,Virgo,13.0,2.4,12,37.8,+,5,22,
4584,NGC 4584,Galaxy,Virgo,14.0,1.5,12,38.3,+,13,7,
4586,NGC 4586,Galaxy,Virgo,11.6,4.4,12,38.5,+,4,19,
4589,NGC 4589,Galaxy,Draco,12.0,3.0,12,37.4,+,74,12,
4590,NGC 4590,Globular Cluster,Hydra,8.2,12.0,12,39.5,-,26,45,
4592,NGC 4592,Galaxy,Virgo,12.0,4.6,12,39.3,-,0,32,
4593,NGC 4593,Galaxy,Virgo,12.0,4.0,12,39.7,-,5,21,
4594,NGC 4594,Galaxy,Virgo,8.3,8.9,12,40.0,-,11,37,
4595,NGC 4595,Galaxy,Coma_Berenices,13.0,1.8,12,39.9,+,15,18,
4596,NGC 4596,Galaxy,Virgo,10.5,3.9,12,39.9,+,10,11,
4597,NGC 4597,Galaxy,Virgo,12.0,3.6,12,40.2,-,5,48,
4602,NGC 4602,Galaxy,Virgo,12.0,3.6,12,40.6,-,5,8,
4603,NGC 4603,Galaxy,Centaurus,12.0,3.8,12,40.9,-,40,59,
4605,NGC 4605,Galaxy,Ursa_Major,11.0,5.5,12,40.0,+,61,37,
4606,NGC 4606,Galaxy,Virgo,11.9,2.8,12,41.0,+,11,55,
4607,NGC 4607,Galaxy,Virgo,12.9,3.2,12,41.2,+,11,53,
4608,NGC 4608,Galaxy,Virgo,11.1,3.2,12,41.2,+,10,9,
4609,NGC 4609,Open Cluster,Crux,6.9,5.0,12,42.3,-,62,58,
4612,NGC 4612,Galaxy,Virgo,13.0,2.2,12,41.5,+,7,19,
4617,NGC 4617,Galaxy,Canes_Venatici,14.0,3.1,12,41.1,+,50,26,
4618,NGC 4618,Galaxy,Canes_Venatici,10.8,4.4,12,41.5,+,41,9,
4619,NGC 4619,Galaxy,Canes_Venatici,14.0,1.5,12,41.7,+,35,4,
4620,NGC 4620,Galaxy,Virgo,13.0,2.0,12,42.0,+,12,57,
4621,NGC 4621,Galaxy,Virgo,9.8,5.1,12,42.0,+,11,39,
4623,NGC 4623,Galaxy,Virgo,13.0,2.6,12,42.2,+,7,41,
4625,NGC 4625,Galaxy,Canes_Venatici,12.3,2.4,12,41.9,+,41,16,
4627,NGC 4627,Galaxy,Canes_Venatici,12.3,2.7,12,42.0,+,32,34,
4630,NGC 4630,Galaxy,Virgo,13.0,1.7,12,42.5,+,3,58,
4631,NGC 4631,Galaxy,Canes_Venatici,9.3,15.0,12,42.1,+,32,32,
4632,NGC 4632,Galaxy,Virgo,12.0,3.2,12,42.5,-,0,5,
4633,NGC 4633,Galaxy,Coma_Berenices,13.2,2.1,12,42.6,+,14,21,
4634,NGC 4634,Galaxy,Coma_Berenices,12.4,2.4,12,42.7,+,14,18,
4635,NGC 4635,Galaxy,Coma_Berenices,13.0,2.0,12,42.6,+,19,57,
4636,NGC 4636,Galaxy,Virgo,9.6,6.2,12,42.8,+,2,41,
4637,NGC 4637,Galaxy,Virgo,15.0,1.5,12,42.9,+,11,26,
4638,NGC 4638,Galaxy,Virgo,11.3,2.8,12,42.8,+,11,26,
4639,NGC 4639,Galaxy,Virgo,11.5,2.9,12,42.9,+,13,15,
4642,NGC 4642,Galaxy,Virgo,14.0,2.0,12,43.3,-,0,39,
4643,NGC 4643,Galaxy,Virgo,10.6,3.4,12,43.3,+,1,59,
4644,NGC 4644,Galaxy,Ursa_Major,14.0,1.8,12,42.7,+,55,9,
4645,NGC 4645,Galaxy,Centaurus,13.0,2.2,12,44.2,-,41,45,
4646,NGC 4646,Galaxy,Ursa_Major,14.0,0.7,12,42.9,+,54,51,
4647,NGC 4647,Galaxy,Virgo,11.4,3.0,12,43.5,+,11,35,
4648,NGC 4648,Galaxy,Draco,13.0,2.2,12,41.8,+,74,25,
4649,NGC 4649,Galaxy,Virgo,8.8,7.2,12,43.7,+,11,33,
4651,NGC 4651,Galaxy,Coma_Berenices,10.7,3.8,12,43.7,+,16,24,
4653,NGC 4653,Galaxy,Virgo,12.3,2.6,12,43.9,-,0,34,
4654,NGC 4654,Galaxy,Virgo,10.5,4.7,12,44.0,+,13,8,
4656,NGC 4656,Galaxy,Canes_Venatici,10.4,13.0,12,44.0,+,32,10,
4658,NGC 4658,Galaxy,Virgo,13.0,2.2,12,44.6,-,10,5,
4659,NGC 4659,Galaxy,Coma_Berenices,13.0,1.8,12,44.5,+,13,31,
4660,NGC 4660,Galaxy,Virgo,11.0,2.8,12,44.5,+,11,11,
4662,NGC 4662,Galaxy,Canes_Venatici,14.0,2.5,12,44.5,+,37,7,
4663,NGC 4663,Galaxy,Virgo,14.0,1.4,12,44.8,-,10,12,
4665,NGC 4665,Galaxy,Virgo,12.0,4.2,12,45.1,+,3,3,
4666,NGC 4666,Galaxy,Virgo,10.8,4.5,12,45.1,-,0,28,
4668,NGC 4668,Galaxy,Virgo,13.1,1.4,12,45.5,-,0,32,
4669,NGC 4669,Galaxy,Ursa_Major,15.0,1.7,12,44.8,+,54,53,
4670,NGC 4670,Galaxy,Coma_Berenices,12.7,1.8,12,45.3,+,27,8,
4673,NGC 4673,Galaxy,Coma_Berenices,14.0,1.2,12,45.6,+,27,4,
4674,NGC 4674,Galaxy,Virgo,15.0,1.9,12,46.1,-,8,39,
4675,NGC 4675,Galaxy,Ursa_Major,15.0,1.6,12,45.6,+,54,44,
4676,NGC 4676,Galaxy,Coma_Berenices,14.0,2.8,12,46.1,+,30,44,
4677,NGC 4677,Galaxy,Centaurus,12.7,2.9,12,47.0,-,41,35,
4679,NGC 4679,Galaxy,Centaurus,13.0,2.3,12,47.5,-,39,34,
4682,NGC 4682,Galaxy,Virgo,13.0,2.8,12,47.3,-,10,4,
4683,NGC 4683,Galaxy,Centaurus,12.9,2.1,12,47.7,-,41,32,
4684,NGC 4684,Galaxy,Virgo,13.0,2.9,12,47.3,-,2,43,
4686,NGC 4686,Galaxy,Ursa_Major,14.0,2.3,12,46.7,+,54,33,
4687,NGC 4687,Galaxy,Canes_Venatici,14.0,1.2,12,47.4,+,35,21,
4688,NGC 4688,Galaxy,Virgo,13.0,3.3,12,47.8,+,4,20,
4689,NGC 4689,Galaxy,Coma_Berenices,10.9,4.0,12,47.8,+,13,46,
4691,NGC 4691,Galaxy,Virgo,11.2,3.2,12,48.2,-,3,20,
4692,NGC 4692,Galaxy,Coma_Berenices,14.0,1.4,12,47.9,+,27,13,
4694,NGC 4694,Galaxy,Virgo,12.0,3.6,12,48.2,+,10,59,
4695,NGC 4695,Galaxy,Ursa_Major,15.0,1.3,12,47.5,+,54,23,
4696,NGC 4696,Galaxy,Centaurus,10.7,3.5,12,48.8,-,41,19,
4697,NGC 4697,Galaxy,Virgo,9.3,6.0,12,48.6,-,5,48,
4698,NGC 4698,Galaxy,Virgo,10.7,4.3,12,48.4,+,8,29,
4699,NGC 4699,Galaxy,Virgo,9.6,3.5,12,49.0,-,8,40,
4700,NGC 4700,Galaxy,Virgo,12.0,3.0,12,49.1,-,11,25,
4701,NGC 4701,Galaxy,Virgo,12.4,3.0,12,49.2,+,3,23,
4703,NGC 4703,Galaxy,Virgo,15.0,2.8,12,49.3,-,9,7,
4704,NGC 4704,Galaxy,Canes_Venatici,15.0,1.2,12,48.8,+,41,55,
4705,NGC 4705,Galaxy,Virgo,14.0,3.0,12,49.4,-,5,12,
4706,NGC 4706,Galaxy,Centaurus,12.7,2.2,12,49.9,-,41,17,
4707,NGC 4707,Galaxy,Canes_Venatici,14.0,2.3,12,48.4,+,51,10,
4708,NGC 4708,Galaxy,Virgo,14.0,1.6,12,49.7,-,11,6,
4710,NGC 4710,Galaxy,Coma_Berenices,11.0,5.1,12,49.6,+,15,10,
4712,NGC 4712,Galaxy,Coma_Berenices,13.0,2.6,12,49.6,+,25,28,
4713,NGC 4713,Galaxy,Virgo,11.8,2.8,12,50.0,+,5,19,
4715,NGC 4715,Galaxy,Coma_Berenices,15.0,2.0,12,49.8,+,27,49,
4718,NGC 4718,Galaxy,Virgo,15.0,2.1,12,50.5,-,5,17,
4719,NGC 4719,Galaxy,Canes_Venatici,14.0,1.8,12,50.1,+,33,9,
4724,NGC 4724,Galaxy,Corvus,15.0,1.5,12,50.9,-,14,20,
4725,NGC 4725,Galaxy,Coma_Berenices,9.2,11.0,12,50.4,+,25,30,
4727,NGC 4727,Galaxy,Corvus,13.0,1.6,12,51.0,-,14,20,
4731,NGC 4731,Galaxy,Virgo,11.0,6.5,12,51.0,-,6,24,
4733,NGC 4733,Galaxy,Virgo,13.0,2.3,12,51.1,+,10,55,
4734,NGC 4734,Galaxy,Virgo,14.0,1.2,12,51.2,+,4,52,
4735,NGC 4735,Galaxy,Coma_Berenices,15.0,0.7,12,51.0,+,28,56,
4736,NGC 4736,Galaxy,Canes_Venatici,8.2,11.0,12,50.9,+,41,7,
4738,NGC 4738,Galaxy,Coma_Berenices,15.0,2.3,12,51.1,+,28,48,
4739,NGC 4739,Galaxy,Virgo,14.0,1.7,12,51.6,-,8,25,
4742,NGC 4742,Galaxy,Virgo,11.1,2.3,12,51.8,-,10,27,
4746,NGC 4746,Galaxy,Virgo,13.0,2.5,12,51.9,+,12,5,
4747,NGC 4747,Galaxy,Coma_Berenices,12.4,3.6,12,51.8,+,25,47,
4749,NGC 4749,Galaxy,Draco,14.0,1.9,12,51.2,+,71,38,
4750,NGC 4750,Galaxy,Draco,12.0,2.3,12,50.1,+,72,52,
4753,NGC 4753,Galaxy,Virgo,9.9,5.4,12,52.4,-,1,12,
4754,NGC 4754,Galaxy,Virgo,10.6,4.7,12,52.3,+,11,19,
4755,NGC 4755,Open Cluster,Crux,4.2,10.0,12,53.6,-,60,20,
4756,NGC 4756,Galaxy,Corvus,13.0,2.0,12,52.9,-,15,25,
4757,NGC 4757,Galaxy,Virgo,15.0,1.8,12,52.8,-,10,19,
4758,NGC 4758,Galaxy,Coma_Berenices,14.0,3.2,12,52.7,+,15,51,
4760,NGC 4760,Galaxy,Virgo,13.0,1.8,12,53.1,-,10,30,
4762,NGC 4762,Galaxy,Virgo,10.2,8.7,12,52.9,+,11,14,
4763,NGC 4763,Galaxy,Corvus,13.0,1.7,12,53.4,-,17,0,
4765,NGC 4765,Galaxy,Virgo,13.0,1.4,12,53.2,+,4,28,
4766,NGC 4766,Galaxy,Virgo,15.0,1.6,12,53.1,-,10,23,
4767,NGC 4767,Galaxy,Centaurus,13.0,2.6,12,53.9,-,39,43,
4771,NGC 4771,Galaxy,Virgo,13.0,4.0,12,53.4,+,1,16,
4772,NGC 4772,Galaxy,Virgo,13.0,3.3,12,53.5,+,2,10,
4773,NGC 4773,Galaxy,Virgo,15.0,2.0,12,53.6,-,8,38,
4774,NGC 4774,Galaxy,Canes_Venatici,14.4,0.6,12,53.2,+,36,49,
4775,NGC 4775,Galaxy,Virgo,12.0,2.2,12,53.8,-,6,37,
4777,NGC 4777,Galaxy,Virgo,15.0,2.3,12,54.0,-,8,47,
4779,NGC 4779,Galaxy,Virgo,13.0,2.3,12,53.8,+,9,44,
4780,NGC 4780,Galaxy,Virgo,14.0,2.1,12,54.1,-,8,37,
4781,NGC 4781,Galaxy,Virgo,12.0,3.5,12,54.4,-,10,32,
4782,NGC 4782,Galaxy,Corvus,11.7,1.5,12,54.6,-,12,34,
4783,NGC 4783,Galaxy,Corvus,11.8,1.7,12,54.6,-,12,33,
4784,NGC 4784,Galaxy,Virgo,15.0,1.8,12,54.6,-,10,37,
4786,NGC 4786,Galaxy,Virgo,13.0,2.0,12,54.5,-,6,52,
4789,NGC 4789,Galaxy,Coma_Berenices,12.0,1.7,12,54.3,+,27,4,
4790,NGC 4790,Galaxy,Virgo,13.0,1.8,12,54.9,-,10,15,
4793,NGC 4793,Galaxy,Coma_Berenices,11.7,2.9,12,54.6,+,28,56,
4794,NGC 4794,Galaxy,Corvus,14.0,2.3,12,55.2,-,12,37,
4795,NGC 4795,Galaxy,Virgo,13.0,1.7,12,55.0,+,8,4,
4798,NGC 4798,Galaxy,Coma_Berenices,13.1,1.3,12,55.0,+,27,25,
4800,NGC 4800,Galaxy,Canes_Venatici,12.0,1.8,12,54.6,+,46,32,
4807,NGC 4807,Galaxy,Coma_Berenices,14.0,1.2,12,55.5,+,27,31,
4808,NGC 4808,Galaxy,Virgo,12.0,2.7,12,55.8,+,4,18,
4809,NGC 4809,Galaxy,Virgo,14.0,1.9,12,54.8,+,2,39,
4810,NGC 4810,Galaxy,Virgo,15.0,0.8,12,54.8,+,2,38,
4814,NGC 4814,Galaxy,Ursa_Major,13.0,3.2,12,55.4,+,58,21,
4815,NGC 4815,Open Cluster,Musca,8.6,3.0,12,58.0,-,64,57,
4816,NGC 4816,Galaxy,Coma_Berenices,15.0,1.6,12,56.2,+,27,45,
4818,NGC 4818,Galaxy,Virgo,12.0,4.5,12,56.8,-,8,31,
4819,NGC 4819,Galaxy,Coma_Berenices,14.0,1.2,12,56.5,+,26,59,
4821,NGC 4821,Galaxy,Coma_Berenices,15.0,0.7,12,56.5,+,26,57,
4825,NGC 4825,Galaxy,Virgo,12.1,2.0,12,57.2,-,13,40,
4826,NGC 4826,Galaxy,Coma_Berenices,8.5,9.3,12,56.7,+,21,41,
4827,NGC 4827,Galaxy,Coma_Berenices,13.0,1.7,12,56.7,+,27,11,
4833,NGC 4833,Globular Cluster,Musca,7.4,13.0,12,59.6,-,70,53,
4835,NGC 4835,Galaxy,Centaurus,12.0,3.4,12,58.1,-,46,15,
4837,NGC 4837,Galaxy,Canes_Venatici,14.0,1.4,12,56.9,+,48,18,
4839,NGC 4839,Galaxy,Coma_Berenices,14.0,4.2,12,57.4,+,27,30,
4840,NGC 4840,Galaxy,Coma_Berenices,15.0,0.6,12,57.5,+,27,37,
4841,NGC 4841,Galaxy,Coma_Berenices,11.5,1.9,12,57.5,+,28,29,
4842,NGC 4842,Galaxy,Coma_Berenices,15.0,0.6,12,57.6,+,27,29,
4845,NGC 4845,Galaxy,Virgo,12.0,5.0,12,58.0,+,1,35,
4848,NGC 4848,Galaxy,Coma_Berenices,14.0,1.8,12,58.1,+,28,15,
4849,NGC 4849,Galaxy,Coma_Berenices,15.0,2.2,12,58.2,+,26,24,
4850,NGC 4850,Galaxy,Coma_Berenices,16.0,1.6,12,58.4,+,27,58,
4852,NGC 4852,Open Cluster,Centaurus,9.0,11.0,13,0.1,-,59,36,
4853,NGC 4853,Galaxy,Coma_Berenices,13.1,1.2,12,58.6,+,27,36,
4856,NGC 4856,Galaxy,Virgo,10.4,4.6,12,59.3,-,15,2,
4858,NGC 4858,Galaxy,Coma_Berenices,16.0,0.4,12,59.0,+,28,7,
4859,NGC 4859,Galaxy,Coma_Berenices,15.0,1.7,12,59.0,+,26,49,
4860,NGC 4860,Galaxy,Coma_Berenices,13.5,1.0,12,59.1,+,28,7,
4861,NGC 4861,Galaxy,Canes_Venatici,12.2,4.1,12,59.0,+,34,52,
4864,NGC 4864,Galaxy,Coma_Berenices,13.6,0.6,12,59.2,+,27,59,
4865,NGC 4865,Galaxy,Coma_Berenices,13.3,1.4,12,59.3,+,28,5,
4866,NGC 4866,Galaxy,Virgo,11.0,6.5,12,59.5,+,14,10,
4867,NGC 4867,Galaxy,Coma_Berenices,16.0,1.1,12,59.3,+,27,58,
4868,NGC 4868,Galaxy,Canes_Venatici,13.0,1.7,12,59.1,+,37,19,
4869,NGC 4869,Galaxy,Coma_Berenices,13.5,1.1,12,59.4,+,27,55,
4871,NGC 4871,Galaxy,Coma_Berenices,15.0,0.5,12,59.5,+,27,57,
4872,NGC 4872,Galaxy,Coma_Berenices,13.7,1.0,12,59.6,+,27,57,
4873,NGC 4873,Galaxy,Coma_Berenices,14.2,0.8,12,59.6,+,27,59,
4874,NGC 4874,Galaxy,Coma_Berenices,11.9,2.7,12,59.6,+,27,58,
4876,NGC 4876,Galaxy,Coma_Berenices,15.0,0.4,12,59.7,+,27,55,
4877,NGC 4877,Galaxy,Virgo,13.0,2.7,13,0.4,-,15,17,
4880,NGC 4880,Galaxy,Virgo,12.0,3.3,13,0.2,+,12,29,
4881,NGC 4881,Galaxy,Coma_Berenices,13.5,1.0,13,0.0,+,28,15,
4886,NGC 4886,Galaxy,Coma_Berenices,13.9,0.8,13,0.0,+,27,59,
4887,NGC 4887,Galaxy,Virgo,14.0,1.6,13,0.6,-,14,40,
4889,NGC 4889,Galaxy,Coma_Berenices,11.4,3.0,13,0.1,+,27,58,
4892,NGC 4892,Galaxy,Coma_Berenices,15.0,1.6,13,0.0,+,26,54,
4895,NGC 4895,Galaxy,Coma_Berenices,12.8,2.3,13,0.3,+,28,12,
4896,NGC 4896,Galaxy,Coma_Berenices,13.7,1.3,13,0.5,+,28,21,
4897,NGC 4897,Galaxy,Virgo,13.0,2.8,13,0.9,-,13,27,
4899,NGC 4899,Galaxy,Virgo,12.0,2.7,13,0.9,-,13,57,
4900,NGC 4900,Galaxy,Virgo,11.5,2.3,13,0.6,+,2,30,
4902,NGC 4902,Galaxy,Virgo,11.2,3.0,13,1.0,-,14,31,
4904,NGC 4904,Galaxy,Virgo,12.1,2.3,13,1.0,-,0,2,
4907,NGC 4907,Galaxy,Coma_Berenices,13.4,1.4,13,0.8,+,28,9,
4908,NGC 4908,Galaxy,Coma_Berenices,15.0,1.1,13,0.9,+,28,2,
4911,NGC 4911,Galaxy,Coma_Berenices,12.8,1.3,13,0.9,+,27,47,
4914,NGC 4914,Galaxy,Canes_Venatici,12.0,3.6,13,0.7,+,37,19,
4915,NGC 4915,Galaxy,Virgo,11.9,1.7,13,1.5,-,4,33,
4919,NGC 4919,Galaxy,Coma_Berenices,15.0,1.4,13,1.3,+,27,48,
4921,NGC 4921,Galaxy,Coma_Berenices,12.1,2.7,13,1.4,+,27,53,
4922,NGC 4922,Galaxy,Coma_Berenices,14.0,2.1,13,1.4,+,29,19,
4923,NGC 4923,Galaxy,Coma_Berenices,13.6,1.3,13,1.5,+,27,51,
4924,NGC 4924,Galaxy,Virgo,14.0,0.7,13,2.2,-,14,58,
4926,NGC 4926,Galaxy,Coma_Berenices,12.9,1.4,13,1.9,+,27,37,
4928,NGC 4928,Galaxy,Virgo,13.0,1.3,13,3.0,-,8,5,
4929,NGC 4929,Galaxy,Coma_Berenices,15.0,1.5,13,2.7,+,28,3,
4931,NGC 4931,Galaxy,Coma_Berenices,13.5,2.0,13,3.0,+,28,2,
4933,NGC 4933,Galaxy,Virgo,13.0,2.5,13,3.9,-,11,29,
4936,NGC 4936,Galaxy,Centaurus,11.3,1.9,13,4.3,-,30,32,
4939,NGC 4939,Galaxy,Virgo,11.0,5.8,13,4.2,-,10,20,
4941,NGC 4941,Galaxy,Virgo,11.1,3.7,13,4.2,-,5,33,
4942,NGC 4942,Galaxy,Virgo,14.0,1.8,13,4.3,-,7,39,
4944,NGC 4944,Galaxy,Coma_Berenices,13.0,1.9,13,3.8,+,28,11,
4945,NGC 4945,Galaxy,Centaurus,9.0,20.0,13,5.4,-,49,28,
4947,NGC 4947,Galaxy,Centaurus,12.0,2.8,13,5.4,-,35,20,
4948,NGC 4948,Galaxy,Virgo,14.0,1.8,13,4.9,-,7,57,
4951,NGC 4951,Galaxy,Virgo,12.0,3.3,13,5.1,-,6,30,
4952,NGC 4952,Galaxy,Coma_Berenices,14.0,1.6,13,5.0,+,29,8,
4957,NGC 4957,Galaxy,Coma_Berenices,12.9,1.3,13,5.2,+,27,34,
4958,NGC 4958,Galaxy,Virgo,10.5,4.1,13,5.8,-,8,1,
4961,NGC 4961,Galaxy,Coma_Berenices,13.5,1.7,13,5.8,+,27,44,
4965,NGC 4965,Galaxy,Hydra,14.0,2.6,13,7.2,-,28,14,
4966,NGC 4966,Galaxy,Coma_Berenices,14.0,1.2,13,6.3,+,29,4,
4971,NGC 4971,Galaxy,Coma_Berenices,15.0,1.3,13,6.9,+,28,32,
4976,NGC 4976,Galaxy,Centaurus,10.2,4.3,13,8.6,-,49,30,
4980,NGC 4980,Galaxy,Hydra,15.0,2.2,13,9.2,-,28,38,
4981,NGC 4981,Galaxy,Virgo,12.0,2.8,13,8.8,-,6,47,
4984,NGC 4984,Galaxy,Virgo,12.0,2.8,13,9.0,-,15,31,
4995,NGC 4995,Galaxy,Virgo,11.0,2.5,13,9.7,-,7,50,
4999,NGC 4999,Galaxy,Virgo,13.0,2.6,13,9.6,+,1,40,
5000,NGC 5000,Galaxy,Coma_Berenices,14.0,1.9,13,9.8,+,28,54,
5004,NGC 5004,Galaxy,Coma_Berenices,14.0,1.9,13,11.1,+,29,38,
5005,NGC 5005,Galaxy,Canes_Venatici,9.8,5.4,13,10.9,+,37,3,
5011,NGC 5011,Galaxy,Centaurus,13.0,2.0,13,12.9,-,43,6,
5012,NGC 5012,Galaxy,Coma_Berenices,13.0,2.9,13,11.6,+,22,55,
5014,NGC 5014,Galaxy,Canes_Venatici,13.0,1.7,13,11.5,+,36,17,
5015,NGC 5015,Galaxy,Virgo,13.0,1.9,13,12.4,-,4,19,
5016,NGC 5016,Galaxy,Coma_Berenices,14.0,1.9,13,12.1,+,24,6,
5017,NGC 5017,Galaxy,Virgo,13.0,1.7,13,12.9,-,16,46,
5018,NGC 5018,Galaxy,Virgo,10.8,2.6,13,13.0,-,19,31,
5022,NGC 5022,Galaxy,Virgo,13.0,2.5,13,13.5,-,19,33,
5023,NGC 5023,Galaxy,Canes_Venatici,12.0,6.5,13,12.2,+,44,2,
5024,NGC 5024,Globular Cluster,Coma_Berenices,7.7,12.0,13,12.9,+,18,10,
5026,NGC 5026,Galaxy,Centaurus,13.0,2.3,13,14.2,-,42,58,
5028,NGC 5028,Galaxy,Virgo,14.0,1.7,13,13.8,-,13,3,
5030,NGC 5030,Galaxy,Virgo,14.0,1.9,13,13.9,-,16,30,
5033,NGC 5033,Galaxy,Canes_Venatici,10.1,10.0,13,13.4,+,36,36,
5035,NGC 5035,Galaxy,Virgo,14.0,1.6,13,14.8,-,16,30,
5037,NGC 5037,Galaxy,Virgo,13.0,2.5,13,15.0,-,16,35,
5042,NGC 5042,Galaxy,Hydra,13.0,4.2,13,15.5,-,23,59,
5044,NGC 5044,Galaxy,Virgo,11.0,2.6,13,15.4,-,16,23,
5046,NGC 5046,Galaxy,Virgo,15.0,1.2,13,15.8,-,16,20,
5047,NGC 5047,Galaxy,Virgo,13.0,3.0,13,15.8,-,16,31,
5049,NGC 5049,Galaxy,Virgo,12.9,2.1,13,16.0,-,16,24,
5053,NGC 5053,Globular Cluster,Coma_Berenices,9.8,10.0,13,16.4,+,17,42,
5054,NGC 5054,Galaxy,Virgo,11.0,5.0,13,17.0,-,16,38,
5055,NGC 5055,Galaxy,Canes_Venatici,8.6,12.0,13,15.8,+,42,2,
5061,NGC 5061,Galaxy,Hydra,12.0,2.6,13,18.1,-,26,50,
5064,NGC 5064,Galaxy,Centaurus,13.0,2.8,13,19.0,-,47,55,
5068,NGC 5068,Galaxy,Virgo,11.0,6.9,13,18.9,-,21,2,
5073,NGC 5073,Galaxy,Virgo,13.0,3.5,13,19.4,-,14,52,
5074,NGC 5074,Galaxy,Canes_Venatici,14.0,1.0,13,18.4,+,31,28,
5077,NGC 5077,Galaxy,Virgo,11.5,2.0,13,19.5,-,12,39,
5078,NGC 5078,Galaxy,Hydra,12.0,3.2,13,19.8,-,27,24,
5079,NGC 5079,Galaxy,Virgo,12.0,1.7,13,19.6,-,12,42,
5084,NGC 5084,Galaxy,Virgo,12.0,4.8,13,20.3,-,21,50,
5085,NGC 5085,Galaxy,Hydra,12.0,3.4,13,20.3,-,24,26,
5087,NGC 5087,Galaxy,Virgo,11.0,2.3,13,20.4,-,20,37,
5088,NGC 5088,Galaxy,Virgo,13.0,2.7,13,20.3,-,12,34,
5089,NGC 5089,Galaxy,Coma_Berenices,14.0,2.1,13,19.6,+,30,15,
5090,NGC 5090,Galaxy,Centaurus,13.0,2.6,13,21.1,-,43,44,
5098,NGC 5098,Galaxy,Canes_Venatici,15.0,0.9,13,20.2,+,33,9,
5101,NGC 5101,Galaxy,Hydra,12.0,5.5,13,21.8,-,27,26,
5102,NGC 5102,Galaxy,Centaurus,9.7,9.3,13,22.0,-,36,38,
5105,NGC 5105,Galaxy,Virgo,13.0,2.6,13,21.8,-,13,13,
5107,NGC 5107,Galaxy,Canes_Venatici,14.0,1.9,13,21.4,+,38,32,
5109,NGC 5109,Galaxy,Ursa_Major,14.0,1.9,13,20.9,+,57,39,
5112,NGC 5112,Galaxy,Canes_Venatici,12.0,3.9,13,21.9,+,38,44,
5116,NGC 5116,Galaxy,Coma_Berenices,14.0,2.2,13,22.9,+,26,59,
5117,NGC 5117,Galaxy,Canes_Venatici,14.0,2.3,13,23.0,+,28,19,
5120,NGC 5120,Open Cluster,Centaurus,13.0,3.0,13,26.1,-,63,25,
5121,NGC 5121,Galaxy,Centaurus,12.0,2.3,13,24.8,-,37,41,
5127,NGC 5127,Galaxy,Canes_Venatici,14.0,2.6,13,23.8,+,31,34,
5128,NGC 5128,Galaxy,Centaurus,7.0,18.0,13,25.5,-,43,1,
5134,NGC 5134,Galaxy,Virgo,12.0,2.8,13,25.3,-,21,8,
5135,NGC 5135,Galaxy,Hydra,13.0,2.4,13,25.7,-,29,50,
5138,NGC 5138,Open Cluster,Centaurus,7.6,8.0,13,27.3,-,59,1,
5139,NGC 5139,Globular Cluster,Centaurus,3.7,36.0,13,26.8,-,47,29,
5140,NGC 5140,Galaxy,Centaurus,13.0,0.5,13,26.3,-,33,53,
5141,NGC 5141,Galaxy,Canes_Venatici,12.8,1.7,13,24.9,+,36,23,
5142,NGC 5142,Galaxy,Canes_Venatici,13.3,1.1,13,25.0,+,36,24,
5144,NGC 5144,Galaxy,Ursa_Minor,13.0,1.4,13,22.9,+,70,31,
5145,NGC 5145,Galaxy,Canes_Venatici,13.0,2.3,13,25.2,+,43,15,
5147,NGC 5147,Galaxy,Virgo,11.8,1.8,13,26.3,+,2,6,
5150,NGC 5150,Galaxy,Hydra,13.0,1.4,13,27.6,-,29,34,
5156,NGC 5156,Galaxy,Centaurus,13.0,2.1,13,28.7,-,48,55,
5161,NGC 5161,Galaxy,Centaurus,12.0,5.4,13,29.2,-,33,10,
5164,NGC 5164,Galaxy,Ursa_Major,15.0,1.2,13,27.2,+,55,29,
5168,NGC 5168,Open Cluster,Centaurus,9.1,4.0,13,31.2,-,60,56,
5169,NGC 5169,Galaxy,Canes_Venatici,14.0,2.4,13,28.2,+,46,40,
5170,NGC 5170,Galaxy,Virgo,12.0,8.1,13,29.8,-,17,58,
5172,NGC 5172,Galaxy,Coma_Berenices,11.9,3.3,13,29.3,+,17,3,
5173,NGC 5173,Galaxy,Canes_Venatici,13.0,1.3,13,28.4,+,46,36,
5189,NGC 5189,Planetary Nebula,Musca,10.0,2.6,13,33.5,-,65,59,
5193,NGC 5193,Galaxy,Centaurus,13.0,1.8,13,31.9,-,33,14,
5194,NGC 5194,Galaxy,Canes_Venatici,8.4,11.0,13,29.9,+,47,12,
5195,NGC 5195,Galaxy,Canes_Venatici,9.6,5.4,13,30.0,+,47,16,
5198,NGC 5198,Galaxy,Canes_Venatici,13.0,2.1,13,30.2,+,46,40,
5204,NGC 5204,Galaxy,Ursa_Major,11.3,4.8,13,29.6,+,58,25,
5205,NGC 5205,Galaxy,Ursa_Major,13.0,3.4,13,29.9,+,62,31,
5216,NGC 5216,Galaxy,Ursa_Major,14.0,3.0,13,32.1,+,62,42,
5218,NGC 5218,Galaxy,Ursa_Major,12.3,2.1,13,32.2,+,62,46,
5223,NGC 5223,Galaxy,Canes_Venatici,14.0,1.8,13,34.4,+,34,42,
5227,NGC 5227,Galaxy,Virgo,15.0,1.9,13,35.3,+,1,25,
5229,NGC 5229,Galaxy,Canes_Venatici,14.0,3.3,13,34.1,+,47,55,
5230,NGC 5230,Galaxy,Virgo,13.0,2.2,13,35.5,+,13,40,
5236,NGC 5236,Galaxy,Hydra,7.6,11.0,13,37.0,-,29,52,
5238,NGC 5238,Galaxy,Canes_Venatici,13.0,2.0,13,34.7,+,51,37,
5243,NGC 5243,Galaxy,Canes_Venatici,14.0,1.7,13,36.2,+,38,21,
5247,NGC 5247,Galaxy,Virgo,10.5,5.4,13,38.1,-,17,53,
5248,NGC 5248,Galaxy,Boötes,10.2,6.5,13,37.5,+,8,53,
5253,NGC 5253,Galaxy,Centaurus,10.6,4.0,13,39.9,-,31,39,
5254,NGC 5254,Galaxy,Virgo,13.0,3.2,13,39.6,-,11,30,
5256,NGC 5256,Galaxy,Ursa_Major,14.0,1.4,13,38.3,+,48,17,
5257,NGC 5257,Galaxy,Virgo,14.0,1.9,13,39.9,+,0,50,
5258,NGC 5258,Galaxy,Virgo,14.0,1.8,13,40.0,+,0,50,
5260,NGC 5260,Galaxy,Hydra,13.0,1.9,13,40.4,-,23,51,
5264,NGC 5264,Galaxy,Hydra,13.0,1.8,13,41.6,-,29,55,
5266,NGC 5266,Galaxy,Centaurus,12.0,3.2,13,43.0,-,48,11,
5272,NGC 5272,Globular Cluster,Canes_Venatici,6.4,16.0,13,42.2,+,28,23,
5273,NGC 5273,Galaxy,Canes_Venatici,11.6,3.1,13,42.1,+,35,39,
5276,NGC 5276,Galaxy,Canes_Venatici,15.0,1.1,13,42.4,+,35,38,
5278,NGC 5278,Galaxy,Ursa_Major,14.0,1.4,13,41.6,+,55,40,
5279,NGC 5279,Galaxy,Ursa_Major,14.0,1.3,13,41.7,+,55,40,
5281,NGC 5281,Open Cluster,Centaurus,5.9,5.0,13,46.6,-,62,54,
5283,NGC 5283,Galaxy,Draco,14.0,1.3,13,41.1,+,67,40,
5286,NGC 5286,Globular Cluster,Centaurus,7.6,9.1,13,46.4,-,51,22,
5288,NGC 5288,Open Cluster,Circinus,12.0,4.0,13,48.7,-,64,41,
5289,NGC 5289,Galaxy,Canes_Venatici,14.0,1.9,13,45.1,+,41,30,
5290,NGC 5290,Galaxy,Canes_Venatici,13.0,3.7,13,45.3,+,41,43,
5292,NGC 5292,Galaxy,Centaurus,14.0,1.6,13,47.7,-,30,57,
5293,NGC 5293,Galaxy,Boötes,14.0,1.9,13,46.9,+,16,16,
5296,NGC 5296,Galaxy,Canes_Venatici,15.0,1.2,13,46.3,+,43,51,
5297,NGC 5297,Galaxy,Canes_Venatici,12.0,5.6,13,46.4,+,43,52,
5298,NGC 5298,Galaxy,Centaurus,14.0,1.4,13,48.2,-,30,27,
5300,NGC 5300,Galaxy,Virgo,12.0,3.9,13,48.3,+,3,57,
5301,NGC 5301,Galaxy,Canes_Venatici,13.0,4.4,13,46.4,+,46,6,
5302,NGC 5302,Galaxy,Centaurus,12.2,1.7,13,48.8,-,30,31,
5303,NGC 5303,Galaxy,Canes_Venatici,13.0,1.1,13,47.8,+,38,18,
5304,NGC 5304,Galaxy,Centaurus,15.0,1.0,13,50.0,-,30,35,
5307,NGC 5307,Planetary Nebula,Centaurus,12.0,0.2,13,51.1,-,51,12,
5308,NGC 5308,Galaxy,Ursa_Major,11.3,3.5,13,47.0,+,60,58,
5313,NGC 5313,Galaxy,Canes_Venatici,13.0,1.9,13,49.7,+,39,59,
5315,NGC 5315,Planetary Nebula,Circinus,13.0,0.1,13,53.9,-,66,31,
5316,NGC 5316,Open Cluster,Centaurus,6.0,14.0,13,53.9,-,61,52,
5320,NGC 5320,Galaxy,Canes_Venatici,13.0,3.5,13,50.3,+,41,22,
5322,NGC 5322,Galaxy,Ursa_Major,10.0,5.5,13,49.3,+,60,12,
5324,NGC 5324,Galaxy,Virgo,12.0,2.4,13,52.1,-,6,3,
5326,NGC 5326,Galaxy,Canes_Venatici,13.0,2.5,13,50.8,+,39,34,
5328,NGC 5328,Galaxy,Hydra,11.8,1.7,13,52.9,-,28,29,
5334,NGC 5334,Galaxy,Virgo,12.0,4.4,13,52.9,-,1,7,
5339,NGC 5339,Galaxy,Virgo,12.0,2.1,13,53.8,-,7,56,
5347,NGC 5347,Galaxy,Canes_Venatici,12.6,1.9,13,53.3,+,33,29,
5348,NGC 5348,Galaxy,Virgo,14.0,3.6,13,54.2,+,5,14,
5350,NGC 5350,Galaxy,Canes_Venatici,11.4,3.2,13,53.4,+,40,22,
5351,NGC 5351,Galaxy,Canes_Venatici,12.1,3.1,13,53.5,+,37,55,
5353,NGC 5353,Galaxy,Canes_Venatici,11.1,2.8,13,53.5,+,40,17,
5354,NGC 5354,Galaxy,Canes_Venatici,11.5,2.3,13,53.5,+,40,18,
5356,NGC 5356,Galaxy,Virgo,14.0,3.2,13,55.0,+,5,20,
5360,NGC 5360,Galaxy,Virgo,14.0,2.0,13,55.7,+,4,59,
5362,NGC 5362,Galaxy,Canes_Venatici,13.0,2.4,13,54.9,+,41,19,
5363,NGC 5363,Galaxy,Virgo,10.2,4.2,13,56.1,+,5,15,
5364,NGC 5364,Galaxy,Virgo,10.4,7.1,13,56.2,+,5,1,
5365,NGC 5365,Galaxy,Centaurus,12.0,3.1,13,57.9,-,43,57,
5368,NGC 5368,Galaxy,Ursa_Major,14.0,1.1,13,54.5,+,54,20,
5371,NGC 5371,Galaxy,Canes_Venatici,10.8,4.4,13,55.7,+,40,28,
5374,NGC 5374,Galaxy,Virgo,14.0,1.9,13,57.5,+,6,6,
5375,NGC 5375,Galaxy,Canes_Venatici,12.0,3.5,13,56.8,+,29,10,
5376,NGC 5376,Galaxy,Ursa_Major,13.0,2.1,13,55.3,+,59,30,
5377,NGC 5377,Galaxy,Canes_Venatici,11.2,4.6,13,56.3,+,47,14,
5378,NGC 5378,Galaxy,Canes_Venatici,14.0,2.7,13,56.8,+,37,48,
5379,NGC 5379,Galaxy,Ursa_Major,14.0,2.2,13,55.6,+,59,45,
5380,NGC 5380,Galaxy,Canes_Venatici,13.0,2.1,13,56.9,+,37,37,
5383,NGC 5383,Galaxy,Canes_Venatici,11.4,3.5,13,57.1,+,41,51,
5387,NGC 5387,Galaxy,Virgo,15.0,1.8,13,58.4,+,6,4,
5389,NGC 5389,Galaxy,Ursa_Major,13.0,4.1,13,56.1,+,59,44,
5394,NGC 5394,Galaxy,Canes_Venatici,13.0,1.9,13,58.6,+,37,27,
5395,NGC 5395,Galaxy,Canes_Venatici,11.6,3.1,13,58.6,+,37,25,
5398,NGC 5398,Galaxy,Centaurus,13.0,2.9,14,1.4,-,33,4,
5403,NGC 5403,Galaxy,Canes_Venatici,15.0,3.2,13,59.9,+,38,11,
5406,NGC 5406,Galaxy,Canes_Venatici,13.0,2.1,14,0.3,+,38,55,
5422,NGC 5422,Galaxy,Ursa_Major,13.0,3.9,14,0.7,+,55,10,
5426,NGC 5426,Galaxy,Virgo,12.2,2.9,14,3.4,-,6,4,
5427,NGC 5427,Galaxy,Virgo,11.4,2.5,14,3.4,-,6,2,
5430,NGC 5430,Galaxy,Ursa_Major,13.0,2.4,14,0.8,+,59,20,
5433,NGC 5433,Galaxy,Canes_Venatici,14.0,1.7,14,2.5,+,32,31,
5440,NGC 5440,Galaxy,Canes_Venatici,13.0,3.3,14,3.0,+,34,46,
5443,NGC 5443,Galaxy,Ursa_Major,13.0,2.8,14,2.2,+,55,49,
5444,NGC 5444,Galaxy,Canes_Venatici,13.0,2.7,14,3.4,+,35,8,
5448,NGC 5448,Galaxy,Ursa_Major,12.0,4.2,14,2.8,+,49,10,
5452,NGC 5452,Galaxy,Ursa_Minor,13.0,2.3,13,54.5,+,78,13,
5457,NGC 5457,Galaxy,Ursa_Major,7.7,26.0,14,3.2,+,54,21,
5460,NGC 5460,Open Cluster,Centaurus,5.6,25.0,14,7.6,-,48,19,
5464,NGC 5464,Galaxy,Hydra,13.0,1.0,14,7.1,-,30,1,
5465,NGC 5465,Galaxy,Virgo,15.0,0.8,14,6.4,-,5,32,
5466,NGC 5466,Globular Cluster,Boötes,9.1,11.0,14,5.5,+,28,32,
5468,NGC 5468,Galaxy,Virgo,12.0,2.5,14,6.6,-,5,27,
5472,NGC 5472,Galaxy,Virgo,15.0,1.4,14,6.9,-,5,28,
5473,NGC 5473,Galaxy,Ursa_Major,11.4,2.6,14,4.7,+,54,54,
5474,NGC 5474,Galaxy,Ursa_Major,10.9,4.5,14,5.0,+,53,40,
5475,NGC 5475,Galaxy,Ursa_Major,13.0,2.2,14,5.2,+,55,45,
5477,NGC 5477,Galaxy,Ursa_Major,13.8,1.7,14,5.6,+,54,28,
5480,NGC 5480,Galaxy,Ursa_Major,13.0,1.8,14,6.4,+,50,43,
5481,NGC 5481,Galaxy,Boötes,13.0,1.7,14,6.7,+,50,43,
5483,NGC 5483,Galaxy,Centaurus,12.0,3.1,14,10.4,-,43,19,
5485,NGC 5485,Galaxy,Ursa_Major,11.5,2.6,14,7.2,+,55,0,
5486,NGC 5486,Galaxy,Ursa_Major,14.0,1.7,14,7.4,+,55,6,
5490,NGC 5490,Galaxy,Boötes,13.0,2.6,14,10.0,+,17,33,
5492,NGC 5492,Galaxy,Boötes,14.0,1.8,14,10.5,+,19,37,
5493,NGC 5493,Galaxy,Virgo,11.5,2.0,14,11.5,-,5,3,
5494,NGC 5494,Galaxy,Centaurus,13.0,2.2,14,12.4,-,30,39,
5496,NGC 5496,Galaxy,Virgo,13.0,4.4,14,11.6,-,1,9,
5506,NGC 5506,Galaxy,Virgo,13.0,2.9,14,13.2,-,3,13,
5507,NGC 5507,Galaxy,Virgo,13.0,2.0,14,13.3,-,3,9,
5523,NGC 5523,Galaxy,Boötes,13.0,4.5,14,14.8,+,25,19,
5529,NGC 5529,Galaxy,Boötes,13.0,5.9,14,15.6,+,36,13,
5530,NGC 5530,Galaxy,Lupus,12.0,4.1,14,18.5,-,43,24,
5532,NGC 5532,Galaxy,Boötes,12.0,1.9,14,16.9,+,10,48,
5533,NGC 5533,Galaxy,Boötes,11.8,3.2,14,16.1,+,35,21,
5534,NGC 5534,Galaxy,Virgo,14.0,1.4,14,17.7,-,7,25,
5544,NGC 5544,Galaxy,Boötes,13.0,1.1,14,17.0,+,36,34,
5545,NGC 5545,Galaxy,Boötes,13.0,1.3,14,17.1,+,36,35,
5548,NGC 5548,Galaxy,Boötes,12.5,1.9,14,18.0,+,25,8,
5556,NGC 5556,Galaxy,Hydra,12.0,3.1,14,20.6,-,29,15,
5557,NGC 5557,Galaxy,Boötes,11.1,2.4,14,18.4,+,36,30,
5560,NGC 5560,Galaxy,Virgo,12.4,3.9,14,20.1,+,4,0,
5566,NGC 5566,Galaxy,Virgo,10.5,6.5,14,20.3,+,3,56,
5569,NGC 5569,Galaxy,Virgo,15.0,1.9,14,20.5,+,3,59,
5574,NGC 5574,Galaxy,Virgo,12.4,1.6,14,20.9,+,3,14,
5576,NGC 5576,Galaxy,Virgo,10.9,3.2,14,21.1,+,3,16,
5577,NGC 5577,Galaxy,Virgo,13.0,3.4,14,21.2,+,3,26,
5584,NGC 5584,Galaxy,Virgo,12.0,3.3,14,22.4,-,0,23,
5585,NGC 5585,Galaxy,Ursa_Major,10.9,5.5,14,19.8,+,56,44,
5587,NGC 5587,Galaxy,Boötes,14.0,2.9,14,22.2,+,13,55,
5592,NGC 5592,Galaxy,Hydra,13.0,1.7,14,23.9,-,28,41,
5595,NGC 5595,Galaxy,Libra,12.0,2.0,14,24.2,-,16,43,
5596,NGC 5596,Galaxy,Boötes,15.0,1.5,14,22.5,+,37,7,
5597,NGC 5597,Galaxy,Libra,12.1,2.0,14,24.5,-,16,46,
5600,NGC 5600,Galaxy,Boötes,12.7,1.4,14,23.8,+,14,38,
5605,NGC 5605,Galaxy,Libra,13.0,1.8,14,25.1,-,13,10,
5606,NGC 5606,Open Cluster,Centaurus,7.7,3.0,14,27.8,-,59,38,
5607,NGC 5607,Galaxy,Ursa_Minor,14.0,1.1,14,19.4,+,71,35,
5608,NGC 5608,Galaxy,Boötes,13.0,2.7,14,23.3,+,41,46,
5612,NGC 5612,Galaxy,Apus,13.0,2.0,14,34.1,-,78,24,
5613,NGC 5613,Galaxy,Boötes,16.0,1.1,14,24.1,+,34,54,
5614,NGC 5614,Galaxy,Boötes,11.7,2.7,14,24.1,+,34,52,
5617,NGC 5617,Open Cluster,Centaurus,6.3,10.0,14,29.8,-,60,43,
5618,NGC 5618,Galaxy,Virgo,15.0,1.8,14,27.2,-,2,16,
5619,NGC 5619,Galaxy,Virgo,14.0,2.5,14,27.3,+,4,48,
5630,NGC 5630,Galaxy,Boötes,14.0,2.5,14,27.6,+,41,16,
5631,NGC 5631,Galaxy,Ursa_Major,13.0,2.2,14,26.6,+,56,35,
5633,NGC 5633,Galaxy,Boötes,12.3,2.3,14,27.5,+,46,9,
5634,NGC 5634,Globular Cluster,Virgo,9.6,4.9,14,29.6,-,5,59,
5635,NGC 5635,Galaxy,Boötes,14.0,2.6,14,28.5,+,27,25,
5636,NGC 5636,Galaxy,Virgo,15.0,1.9,14,29.7,+,3,16,
5638,NGC 5638,Galaxy,Virgo,11.3,2.6,14,29.7,+,3,14,
5641,NGC 5641,Galaxy,Boötes,13.0,2.7,14,29.3,+,28,49,
5643,NGC 5643,Galaxy,Lupus,11.0,4.6,14,32.7,-,44,10,
5645,NGC 5645,Galaxy,Virgo,12.3,2.6,14,30.7,+,7,17,
5650,NGC 5650,Galaxy,Virgo,15.0,0.2,14,30.8,+,6,0,
5653,NGC 5653,Galaxy,Boötes,12.2,1.8,14,30.2,+,31,13,
5656,NGC 5656,Galaxy,Boötes,13.0,2.1,14,30.4,+,35,19,
5660,NGC 5660,Galaxy,Boötes,11.8,2.8,14,29.8,+,49,37,
5662,NGC 5662,Open Cluster,Centaurus,5.5,12.0,14,35.2,-,56,33,
5665,NGC 5665,Galaxy,Boötes,13.0,2.1,14,32.4,+,8,5,
5667,NGC 5667,Galaxy,Draco,13.0,1.8,14,30.4,+,59,29,
5668,NGC 5668,Galaxy,Virgo,11.5,3.3,14,33.4,+,4,27,
5669,NGC 5669,Galaxy,Boötes,12.0,4.1,14,32.7,+,9,53,
5672,NGC 5672,Galaxy,Boötes,13.6,1.0,14,32.6,+,31,40,
5673,NGC 5673,Galaxy,Boötes,14.0,2.6,14,31.5,+,49,58,
5676,NGC 5676,Galaxy,Boötes,10.9,3.9,14,32.8,+,49,28,
5678,NGC 5678,Galaxy,Draco,12.0,3.2,14,32.1,+,57,55,
5682,NGC 5682,Galaxy,Boötes,14.0,2.0,14,34.8,+,48,40,
5683,NGC 5683,Galaxy,Boötes,14.8,0.7,14,34.9,+,48,40,
5687,NGC 5687,Galaxy,Boötes,11.8,2.6,14,34.9,+,54,29,
5689,NGC 5689,Galaxy,Boötes,11.9,3.7,14,35.5,+,48,45,
5690,NGC 5690,Galaxy,Virgo,13.0,3.5,14,37.7,+,2,17,
5691,NGC 5691,Galaxy,Virgo,13.0,2.0,14,37.9,-,0,24,
5692,NGC 5692,Galaxy,Virgo,13.0,0.9,14,38.3,+,3,24,
5693,NGC 5693,Galaxy,Boötes,15.0,1.9,14,36.2,+,48,35,
5694,NGC 5694,Globular Cluster,Hydra,10.2,3.6,14,39.6,-,26,32,
5701,NGC 5701,Galaxy,Virgo,12.0,4.7,14,39.2,+,5,22,
5705,NGC 5705,Galaxy,Virgo,14.0,2.8,14,39.8,-,0,43,
5707,NGC 5707,Galaxy,Boötes,13.0,2.8,14,37.5,+,51,34,
5713,NGC 5713,Galaxy,Virgo,11.4,2.8,14,40.2,-,0,17,
5714,NGC 5714,Galaxy,Boötes,14.0,3.0,14,38.2,+,46,38,
5715,NGC 5715,Open Cluster,Circinus,10.0,6.0,14,43.4,-,57,33,
5716,NGC 5716,Galaxy,Libra,13.0,1.9,14,41.1,-,17,29,
5719,NGC 5719,Galaxy,Virgo,14.0,3.4,14,40.9,-,0,19,
5727,NGC 5727,Galaxy,Boötes,14.0,2.3,14,40.5,+,33,59,
5728,NGC 5728,Galaxy,Libra,11.3,2.8,14,42.4,-,17,15,
5729,NGC 5729,Galaxy,Libra,13.0,3.0,14,42.0,-,9,3,
5733,NGC 5733,Galaxy,Virgo,15.0,1.3,14,42.8,-,0,21,
5739,NGC 5739,Galaxy,Boötes,13.0,2.2,14,42.5,+,41,50,
5740,NGC 5740,Galaxy,Virgo,11.9,3.1,14,44.4,+,1,41,
5746,NGC 5746,Galaxy,Virgo,10.6,7.9,14,44.9,+,1,57,
5749,NGC 5749,Open Cluster,Lupus,9.0,8.0,14,48.9,-,54,31,
5750,NGC 5750,Galaxy,Virgo,11.6,2.9,14,46.2,-,0,13,
5756,NGC 5756,Galaxy,Libra,13.0,2.0,14,47.6,-,14,51,
5757,NGC 5757,Galaxy,Libra,13.0,2.1,14,47.8,-,19,5,
5764,NGC 5764,Open Cluster,Lupus,13.0,2.0,14,53.6,-,52,41,
5768,NGC 5768,Galaxy,Libra,13.0,2.0,14,52.1,-,2,32,
5772,NGC 5772,Galaxy,Boötes,14.0,2.3,14,51.7,+,40,36,
5774,NGC 5774,Galaxy,Virgo,12.2,3.2,14,53.7,+,3,35,
5775,NGC 5775,Galaxy,Virgo,11.4,4.3,14,54.0,+,3,33,
5777,NGC 5777,Galaxy,Draco,14.0,3.3,14,51.3,+,58,58,
5783,NGC 5783,Galaxy,Boötes,13.0,3.0,14,53.5,+,52,5,
5787,NGC 5787,Galaxy,Boötes,14.0,1.2,14,55.3,+,42,30,
5791,NGC 5791,Galaxy,Libra,13.0,2.4,14,58.8,-,19,16,
5792,NGC 5792,Galaxy,Libra,12.0,7.2,14,58.4,-,1,5,
5793,NGC 5793,Galaxy,Libra,13.2,1.8,14,59.4,-,16,42,
5796,NGC 5796,Galaxy,Libra,13.0,1.9,14,59.4,-,16,37,
5806,NGC 5806,Galaxy,Virgo,11.6,3.1,15,0.0,+,1,54,
5811,NGC 5811,Galaxy,Virgo,15.0,1.0,15,0.5,+,1,37,
5812,NGC 5812,Galaxy,Libra,11.2,2.4,15,1.0,-,7,27,
5813,NGC 5813,Galaxy,Virgo,10.7,3.6,15,1.2,+,1,42,
5820,NGC 5820,Galaxy,Boötes,11.9,2.5,14,58.7,+,53,53,
5822,NGC 5822,Open Cluster,Lupus,7.0,40.0,15,5.2,-,54,21,
5823,NGC 5823,Open Cluster,Circinus,7.9,10.0,15,5.7,-,55,36,
5824,NGC 5824,Globular Cluster,Lupus,9.0,6.2,15,4.0,-,33,4,
5827,NGC 5827,Galaxy,Boötes,14.0,1.4,15,1.8,+,25,58,
5829,NGC 5829,Galaxy,Boötes,15.0,1.9,15,2.7,+,23,20,
5831,NGC 5831,Galaxy,Virgo,11.5,2.2,15,4.1,+,1,13,
5832,NGC 5832,Galaxy,Ursa_Minor,12.0,4.0,14,57.8,+,71,41,
5838,NGC 5838,Galaxy,Virgo,10.8,4.2,15,5.4,+,2,6,
5839,NGC 5839,Galaxy,Virgo,14.0,1.4,15,5.5,+,1,38,
5845,NGC 5845,Galaxy,Virgo,12.3,0.9,15,6.0,+,1,38,
5846,NGC 5846,Galaxy,Virgo,10.2,3.4,15,6.4,+,1,36,
5850,NGC 5850,Galaxy,Virgo,11.0,4.3,15,7.1,+,1,33,
5854,NGC 5854,Galaxy,Virgo,11.8,2.7,15,7.8,+,2,34,
5857,NGC 5857,Galaxy,Boötes,13.1,1.4,15,7.5,+,19,36,
5858,NGC 5858,Galaxy,Libra,14.0,1.4,15,8.8,-,11,13,
5859,NGC 5859,Galaxy,Boötes,12.4,3.0,15,7.6,+,19,35,
5860,NGC 5860,Galaxy,Boötes,14.0,1.0,15,6.6,+,42,38,
5861,NGC 5861,Galaxy,Libra,12.0,3.0,15,9.3,-,11,19,
5864,NGC 5864,Galaxy,Virgo,13.0,2.8,15,9.6,+,3,3,
5866,NGC 5866,Galaxy,Draco,10.0,5.2,15,6.5,+,55,46,
5873,NGC 5873,Planetary Nebula,Lupus,13.0,0.1,15,12.8,-,38,8,
5874,NGC 5874,Galaxy,Boötes,14.0,2.5,15,7.9,+,54,45,
5875,NGC 5875,Galaxy,Boötes,13.0,2.6,15,9.2,+,52,32,
5876,NGC 5876,Galaxy,Boötes,14.0,2.6,15,9.5,+,54,30,
5878,NGC 5878,Galaxy,Libra,11.5,3.5,15,13.8,-,14,16,
5879,NGC 5879,Galaxy,Draco,11.5,4.4,15,9.8,+,57,0,
5882,NGC 5882,Planetary Nebula,Lupus,11.0,0.1,15,16.8,-,45,39,
5885,NGC 5885,Galaxy,Libra,11.7,3.5,15,15.1,-,10,5,
5888,NGC 5888,Galaxy,Boötes,14.0,1.5,15,13.1,+,41,16,
5889,NGC 5889,Galaxy,Boötes,16.0,0.9,15,13.3,+,41,20,
5893,NGC 5893,Galaxy,Boötes,14.0,1.4,15,13.6,+,41,58,
5894,NGC 5894,Galaxy,Draco,13.0,3.3,15,11.7,+,59,49,
5897,NGC 5897,Globular Cluster,Libra,8.6,12.0,15,17.4,-,21,1,
5898,NGC 5898,Galaxy,Libra,11.5,1.7,15,18.2,-,24,6,
5899,NGC 5899,Galaxy,Boötes,11.8,3.0,15,15.0,+,42,3,
5900,NGC 5900,Galaxy,Boötes,15.0,1.6,15,15.1,+,42,13,
5903,NGC 5903,Galaxy,Libra,11.5,2.0,15,18.6,-,24,4,
5904,NGC 5904,Globular Cluster,Serpens,5.8,17.0,15,18.6,+,2,5,
5905,NGC 5905,Galaxy,Draco,12.0,4.2,15,15.4,+,55,31,
5906,NGC 5906,Galaxy,Draco,14.0,0.5,15,15.8,+,56,20,
5907,NGC 5907,Galaxy,Draco,10.4,12.0,15,15.9,+,56,19,
5908,NGC 5908,Galaxy,Draco,11.9,3.2,15,16.7,+,55,25,
5915,NGC 5915,Galaxy,Libra,12.0,1.6,15,21.6,-,13,6,
5916,NGC 5916,Galaxy,Libra,14.0,2.9,15,21.6,-,13,10,
5920,NGC 5920,Galaxy,Serpens,13.6,1.4,15,21.8,+,7,42,
5921,NGC 5921,Galaxy,Serpens,10.8,4.9,15,21.9,+,5,4,
5922,NGC 5922,Galaxy,Boötes,15.0,0.5,15,21.2,+,41,40,
5923,NGC 5923,Galaxy,Boötes,15.0,2.0,15,21.2,+,41,43,
5925,NGC 5925,Open Cluster,Norma,8.0,15.0,15,27.7,-,54,31,
5927,NGC 5927,Globular Cluster,Lupus,8.3,12.0,15,28.0,-,50,40,
5929,NGC 5929,Galaxy,Boötes,13.0,1.1,15,26.1,+,41,40,
5930,NGC 5930,Galaxy,Boötes,13.0,2.0,15,26.1,+,41,41,
5936,NGC 5936,Galaxy,Serpens,12.4,1.5,15,30.0,+,12,59,
5946,NGC 5946,Globular Cluster,Norma,9.6,7.1,15,35.5,-,50,40,
5949,NGC 5949,Galaxy,Draco,13.0,2.4,15,28.0,+,64,46,
5951,NGC 5951,Galaxy,Serpens,13.0,3.5,15,33.7,+,15,0,
5953,NGC 5953,Galaxy,Serpens,13.0,2.0,15,34.5,+,15,12,
5954,NGC 5954,Galaxy,Serpens,14.0,1.3,15,34.6,+,15,12,
5957,NGC 5957,Galaxy,Serpens,13.0,3.0,15,35.4,+,12,3,
5961,NGC 5961,Galaxy,Corona_Borealis,14.0,0.8,15,35.2,+,30,51,
5962,NGC 5962,Galaxy,Serpens,11.4,2.8,15,36.5,+,16,37,
5963,NGC 5963,Galaxy,Draco,12.0,3.5,15,33.5,+,56,35,
5964,NGC 5964,Galaxy,Serpens,13.0,4.2,15,37.6,+,5,59,
5965,NGC 5965,Galaxy,Draco,13.0,5.4,15,34.0,+,56,42,
5967,NGC 5967,Galaxy,Apus,12.0,2.9,15,48.1,-,75,40,
5968,NGC 5968,Galaxy,Lupus,13.0,2.2,15,39.9,-,30,33,
5970,NGC 5970,Galaxy,Serpens,11.4,3.0,15,38.5,+,12,11,
5974,NGC 5974,Galaxy,Corona_Borealis,14.0,0.5,15,39.0,+,31,45,
5976,NGC 5976,Galaxy,Draco,14.8,1.0,15,36.8,+,59,23,
5980,NGC 5980,Galaxy,Serpens,13.0,2.1,15,41.4,+,15,47,
5981,NGC 5981,Galaxy,Draco,13.0,2.8,15,37.9,+,59,23,
5982,NGC 5982,Galaxy,Draco,11.1,2.9,15,38.7,+,59,21,
5984,NGC 5984,Galaxy,Serpens,13.0,3.0,15,42.9,+,14,14,
5985,NGC 5985,Galaxy,Draco,11.0,5.5,15,39.6,+,59,20,
5986,NGC 5986,Globular Cluster,Lupus,7.1,9.8,15,46.1,-,37,47,
5987,NGC 5987,Galaxy,Draco,13.0,4.7,15,39.9,+,58,5,
5992,NGC 5992,Galaxy,Boötes,14.0,1.1,15,44.4,+,41,5,
5999,NGC 5999,Open Cluster,Norma,9.0,5.0,15,52.2,-,56,28,
6002,NGC 6002,Galaxy,Corona_Borealis,17.0,0.2,15,47.7,+,28,37,
6005,NGC 6005,Open Cluster,Norma,10.7,3.0,15,55.8,-,57,26,
6007,NGC 6007,Galaxy,Serpens,14.0,1.9,15,53.4,+,11,57,
6012,NGC 6012,Galaxy,Serpens,13.0,2.3,15,54.2,+,14,35,
6015,NGC 6015,Galaxy,Draco,11.2,5.4,15,51.4,+,62,19,
6018,NGC 6018,Galaxy,Serpens,15.0,1.8,15,57.5,+,15,51,
6020,NGC 6020,Galaxy,Serpens,12.6,1.7,15,57.2,+,22,24,
6021,NGC 6021,Galaxy,Serpens,14.0,2.1,15,57.5,+,15,56,
6022,NGC 6022,Galaxy,Serpens,15.0,0.8,15,57.8,+,16,16,
6023,NGC 6023,Galaxy,Serpens,15.0,1.4,15,57.8,+,16,18,
6025,NGC 6025,Open Cluster,Triangulum_Australe,5.1,12.0,16,3.7,-,60,30,
6027,NGC 6027,Galaxy,Serpens,12.4,2.2,15,59.2,+,20,45,
6028,NGC 6028,Galaxy,Hercules,13.2,1.7,16,1.4,+,19,21,
6031,NGC 6031,Open Cluster,Norma,8.5,2.0,16,7.6,-,54,4,
6032,NGC 6032,Galaxy,Hercules,15.0,1.8,16,3.0,+,20,58,
6035,NGC 6035,Galaxy,Hercules,14.0,1.2,16,3.4,+,20,54,
6040,NGC 6040,Galaxy,Hercules,15.0,1.6,16,4.4,+,17,45,
6041,NGC 6041,Galaxy,Hercules,13.7,1.6,16,4.6,+,17,43,
6044,NGC 6044,Galaxy,Hercules,16.0,0.5,16,5.0,+,17,52,
6045,NGC 6045,Galaxy,Hercules,14.2,1.3,16,5.1,+,17,45,
6047,NGC 6047,Galaxy,Hercules,13.6,1.3,16,5.1,+,17,43,
6048,NGC 6048,Galaxy,Ursa_Minor,14.0,2.5,15,57.6,+,70,42,
6051,NGC 6051,Galaxy,Serpens,13.0,1.9,16,4.9,+,23,56,
6052,NGC 6052,Galaxy,Hercules,13.0,1.0,16,5.2,+,20,32,
6055,NGC 6055,Galaxy,Hercules,15.0,1.5,16,5.5,+,18,10,
6058,NGC 6058,Planetary Nebula,Hercules,13.0,0.4,16,4.4,+,40,41,
6060,NGC 6060,Galaxy,Hercules,14.0,2.2,16,5.9,+,21,30,
6061,NGC 6061,Galaxy,Hercules,15.0,1.4,16,6.3,+,18,15,
6067,NGC 6067,Open Cluster,Norma,5.6,13.0,16,13.2,-,54,13,
6068,NGC 6068,Galaxy,Ursa_Minor,13.0,1.2,15,55.4,+,79,0,
6070,NGC 6070,Galaxy,Serpens,11.7,3.6,16,10.0,+,0,43,
6072,NGC 6072,Planetary Nebula,Scorpius,14.0,1.2,16,13.0,-,36,14,
6086,NGC 6086,Galaxy,Corona_Borealis,15.0,2.0,16,12.6,+,29,29,
6087,NGC 6087,Open Cluster,Norma,5.4,12.0,16,18.9,-,57,54,
6090,NGC 6090,Galaxy,Draco,14.0,1.9,16,11.7,+,52,27,
6093,NGC 6093,Globular Cluster,Scorpius,7.2,8.9,16,17.0,-,22,59,
6101,NGC 6101,Globular Cluster,Apus,9.3,10.0,16,25.8,-,72,12,
6106,NGC 6106,Galaxy,Hercules,12.2,2.6,16,18.8,+,7,25,
6109,NGC 6109,Galaxy,Corona_Borealis,15.0,1.3,16,17.7,+,35,0,
6115,NGC 6115,Open Cluster,Norma,11.0,3.0,16,24.6,-,51,58,
6118,NGC 6118,Galaxy,Serpens,12.0,4.7,16,21.8,-,2,17,
6120,NGC 6120,Galaxy,Corona_Borealis,14.0,0.6,16,19.8,+,37,47,
6121,NGC 6121,Globular Cluster,Scorpius,5.9,26.0,16,23.6,-,26,32,
6124,NGC 6124,Open Cluster,Scorpius,5.8,29.0,16,25.6,-,40,40,
6128,NGC 6128,Galaxy,Draco,13.0,1.4,16,19.1,+,57,59,
6134,NGC 6134,Open Cluster,Norma,7.2,7.0,16,27.7,-,49,9,
6137,NGC 6137,Galaxy,Corona_Borealis,14.0,2.2,16,23.1,+,37,55,
6139,NGC 6139,Globular Cluster,Scorpius,9.2,5.5,16,27.7,-,38,51,
6140,NGC 6140,Galaxy,Draco,12.0,6.2,16,20.9,+,65,23,
6143,NGC 6143,Galaxy,Draco,14.0,1.2,16,21.7,+,55,5,
6144,NGC 6144,Globular Cluster,Scorpius,9.1,9.3,16,27.3,-,26,2,
6152,NGC 6152,Open Cluster,Norma,8.0,30.0,16,32.7,-,52,37,
6153,NGC 6153,Planetary Nebula,Scorpius,12.0,0.4,16,31.5,-,40,15,
6154,NGC 6154,Galaxy,Hercules,14.0,2.4,16,25.6,+,49,50,
6160,NGC 6160,Galaxy,Hercules,15.0,2.1,16,27.7,+,40,55,
6166,NGC 6166,Galaxy,Hercules,12.0,2.4,16,28.6,+,39,33,
6167,NGC 6167,Open Cluster,Norma,6.7,8.0,16,34.4,-,49,36,
6169,NGC 6169,Open Cluster,Norma,7.0,7.0,16,34.1,-,44,3,
6171,NGC 6171,Globular Cluster,Ophiuchus,8.1,10.0,16,32.5,-,13,3,
6173,NGC 6173,Galaxy,Hercules,14.0,2.2,16,29.8,+,40,49,
6178,NGC 6178,Open Cluster,Scorpius,7.2,4.0,16,35.7,-,45,38,
6181,NGC 6181,Galaxy,Hercules,11.9,2.6,16,32.3,+,19,50,
6186,NGC 6186,Galaxy,Hercules,14.0,1.8,16,34.4,+,21,33,
6192,NGC 6192,Open Cluster,Scorpius,9.0,8.0,16,40.3,-,43,22,
6193,NGC 6193,Open Cluster,Ara,5.2,15.0,16,41.3,-,48,46,
6195,NGC 6195,Galaxy,Hercules,15.0,1.8,16,36.5,+,39,2,
6200,NGC 6200,Open Cluster,Ara,7.4,12.0,16,44.2,-,47,29,
6204,NGC 6204,Open Cluster,Ara,8.2,5.0,16,46.5,-,47,1,
6205,NGC 6205,Globular Cluster,Hercules,5.9,16.0,16,41.7,+,36,28,
6207,NGC 6207,Galaxy,Hercules,11.6,3.0,16,43.1,+,36,50,
6208,NGC 6208,Open Cluster,Ara,7.2,16.0,16,49.5,-,53,49,
6210,NGC 6210,Planetary Nebula,Hercules,9.0,0.2,16,44.5,+,23,49,
6211,NGC 6211,Galaxy,Draco,14.0,2.0,16,41.5,+,57,47,
6215,NGC 6215,Galaxy,Ara,12.0,2.0,16,51.1,-,58,59,
6216,NGC 6216,Open Cluster,Scorpius,10.0,4.0,16,49.4,-,44,44,
6217,NGC 6217,Galaxy,Ursa_Minor,11.2,3.1,16,32.6,+,78,12,
6218,NGC 6218,Globular Cluster,Ophiuchus,6.6,14.0,16,47.2,-,1,57,
6221,NGC 6221,Galaxy,Ara,11.0,3.2,16,52.8,-,59,13,
6223,NGC 6223,Galaxy,Draco,13.0,3.4,16,43.1,+,61,34,
6229,NGC 6229,Globular Cluster,Hercules,9.4,4.5,16,47.0,+,47,32,
6231,NGC 6231,Cluster Nebulosity,Scorpius,2.6,15.0,16,54.0,-,41,48,
6235,NGC 6235,Globular Cluster,Ophiuchus,10.2,5.0,16,53.4,-,22,11,
6236,NGC 6236,Galaxy,Draco,12.0,3.0,16,44.5,+,70,48,
6239,NGC 6239,Galaxy,Hercules,12.3,2.8,16,50.1,+,42,44,
6240,NGC 6240,Galaxy,Ophiuchus,15.0,2.2,16,53.0,+,2,24,
6242,NGC 6242,Open Cluster,Scorpius,6.4,9.0,16,55.6,-,39,30,
6246,NGC 6246,Galaxy,Draco,14.1,1.7,16,49.9,+,55,33,
6248,NGC 6248,Galaxy,Draco,13.0,3.3,16,46.4,+,70,22,
6249,NGC 6249,Open Cluster,Scorpius,8.2,6.0,16,57.6,-,44,47,
6250,NGC 6250,Open Cluster,Ara,5.9,8.0,16,58.0,-,45,48,
6253,NGC 6253,Open Cluster,Ara,10.0,5.0,16,59.1,-,52,43,
6254,NGC 6254,Globular Cluster,Ophiuchus,6.6,15.0,16,57.1,-,4,6,
6255,NGC 6255,Galaxy,Hercules,14.0,3.5,16,54.8,+,36,30,
6259,NGC 6259,Open Cluster,Scorpius,8.0,10.0,17,0.7,-,44,40,
6266,NGC 6266,Globular Cluster,Ophiuchus,6.6,14.0,17,1.2,-,30,7,
6268,NGC 6268,Open Cluster,Scorpius,10.0,6.0,17,2.4,-,39,44,
6273,NGC 6273,Globular Cluster,Ophiuchus,7.2,13.0,17,2.6,-,26,16,
6281,NGC 6281,Cluster Nebulosity,Scorpius,5.4,60.0,17,4.8,-,37,54,
6284,NGC 6284,Globular Cluster,Ophiuchus,9.0,5.6,17,4.5,-,24,46,
6285,NGC 6285,Galaxy,Draco,15.0,1.3,16,58.4,+,58,59,
6286,NGC 6286,Galaxy,Draco,14.0,1.5,16,58.6,+,58,58,
6287,NGC 6287,Globular Cluster,Ophiuchus,9.2,5.1,17,5.2,-,22,42,
6293,NGC 6293,Globular Cluster,Ophiuchus,8.2,7.9,17,10.2,-,26,35,
6296,NGC 6296,Galaxy,Ophiuchus,14.0,1.1,17,8.7,+,3,54,
6300,NGC 6300,Galaxy,Ara,11.0,5.4,17,17.0,-,62,49,
6302,NGC 6302,Planetary Nebula,Scorpius,13.0,0.8,17,13.7,-,37,6,
6304,NGC 6304,Globular Cluster,Ophiuchus,8.4,6.8,17,14.5,-,29,28,
6306,NGC 6306,Galaxy,Draco,14.0,1.2,17,7.6,+,60,44,
6307,NGC 6307,Galaxy,Draco,14.0,1.6,17,7.7,+,60,45,
6308,NGC 6308,Galaxy,Hercules,14.0,1.3,17,12.0,+,23,23,
6309,NGC 6309,Planetary Nebula,Ophiuchus,11.0,1.1,17,14.1,-,12,55,
6310,NGC 6310,Galaxy,Draco,14.0,2.1,17,8.0,+,61,0,
6314,NGC 6314,Galaxy,Hercules,13.1,1.8,17,12.6,+,23,16,
6315,NGC 6315,Galaxy,Hercules,13.3,0.9,17,12.8,+,23,13,
6316,NGC 6316,Globular Cluster,Ophiuchus,9.0,4.9,17,16.6,-,28,8,
6318,NGC 6318,Open Cluster,Scorpius,12.0,4.0,17,17.8,-,39,27,
6322,NGC 6322,Open Cluster,Scorpius,6.0,10.0,17,18.5,-,42,57,
6325,NGC 6325,Globular Cluster,Ophiuchus,10.7,4.3,17,18.0,-,23,46,
6326,NGC 6326,Planetary Nebula,Ara,12.0,0.2,17,20.8,-,51,45,
6333,NGC 6333,Globular Cluster,Ophiuchus,7.9,9.3,17,19.2,-,18,31,
6339,NGC 6339,Galaxy,Hercules,13.0,3.4,17,17.1,+,40,51,
6340,NGC 6340,Galaxy,Draco,11.0,3.4,17,10.4,+,72,18,
6341,NGC 6341,Globular Cluster,Hercules,6.5,11.0,17,17.1,+,43,8,
6342,NGC 6342,Globular Cluster,Ophiuchus,9.9,3.0,17,21.2,-,19,35,
6352,NGC 6352,Globular Cluster,Ara,8.2,7.1,17,25.5,-,48,25,
6355,NGC 6355,Globular Cluster,Ophiuchus,9.6,5.0,17,24.0,-,26,21,
6356,NGC 6356,Globular Cluster,Ophiuchus,8.4,7.2,17,23.6,-,17,49,
6359,NGC 6359,Galaxy,Draco,12.6,1.2,17,17.9,+,61,47,
6361,NGC 6361,Galaxy,Draco,14.0,2.4,17,18.6,+,60,37,
6362,NGC 6362,Globular Cluster,Ara,8.3,10.0,17,31.9,-,67,3,
6366,NGC 6366,Globular Cluster,Ophiuchus,10.0,8.3,17,27.7,-,5,5,
6368,NGC 6368,Galaxy,Ophiuchus,13.0,4.0,17,27.1,+,11,33,
6369,NGC 6369,Planetary Nebula,Ophiuchus,13.0,1.1,17,29.3,-,23,46,
6372,NGC 6372,Galaxy,Hercules,14.0,1.9,17,27.5,+,26,28,
6374,NGC 6374,Open Cluster,Scorpius,9.0,3.0,17,32.3,-,32,36,
6379,NGC 6379,Galaxy,Hercules,15.0,1.3,17,30.6,+,16,17,
6381,NGC 6381,Galaxy,Draco,14.0,1.5,17,27.3,+,60,1,
6383,NGC 6383,Cluster Nebulosity,Scorpius,5.5,80.0,17,34.8,-,32,34,
6384,NGC 6384,Galaxy,Ophiuchus,10.6,6.0,17,32.4,+,7,4,
6388,NGC 6388,Globular Cluster,Scorpius,6.9,8.7,17,36.3,-,44,44,
6389,NGC 6389,Galaxy,Hercules,14.0,3.1,17,32.7,+,16,24,
6395,NGC 6395,Galaxy,Draco,13.0,2.6,17,26.4,+,71,6,
6396,NGC 6396,Open Cluster,Scorpius,8.5,3.0,17,38.1,-,35,0,
6397,NGC 6397,Globular Cluster,Ara,5.7,25.0,17,40.7,-,53,40,
6400,NGC 6400,Open Cluster,Scorpius,9.0,8.0,17,40.8,-,36,57,
6401,NGC 6401,Globular Cluster,Ophiuchus,9.5,5.6,17,38.6,-,23,55,
6402,NGC 6402,Globular Cluster,Ophiuchus,7.6,11.0,17,37.6,-,3,15,
6404,NGC 6404,Open Cluster,Scorpius,11.0,5.0,17,39.6,-,33,15,
6405,NGC 6405,Open Cluster,Scorpius,4.2,15.0,17,40.1,-,32,13,
6412,NGC 6412,Galaxy,Draco,11.8,2.3,17,29.6,+,75,42,
6416,NGC 6416,Open Cluster,Scorpius,5.7,18.0,17,44.4,-,32,21,
6425,NGC 6425,Open Cluster,Scorpius,7.2,8.0,17,46.9,-,31,32,
6426,NGC 6426,Globular Cluster,Ophiuchus,11.2,3.2,17,44.9,+,3,0,
6438,NGC 6438,Galaxy,Octans,13.0,2.6,18,26.0,-,85,25,
6439,NGC 6439,Planetary Nebula,Sagittarius,14.0,0.1,17,48.3,-,16,29,
6440,NGC 6440,Globular Cluster,Sagittarius,9.7,5.4,17,48.9,-,20,22,
6441,NGC 6441,Globular Cluster,Scorpius,7.4,7.8,17,50.2,-,37,3,
6445,NGC 6445,Planetary Nebula,Sagittarius,13.0,0.6,17,49.2,-,20,1,
6451,NGC 6451,Open Cluster,Scorpius,8.0,8.0,17,50.7,-,30,13,
6453,NGC 6453,Globular Cluster,Scorpius,9.9,3.5,17,50.9,-,34,36,
6454,NGC 6454,Galaxy,Draco,15.0,1.4,17,44.9,+,55,42,
6467,NGC 6467,Galaxy,Hercules,15.0,2.7,17,50.7,+,17,32,
6468,NGC 6468,Galaxy,Hercules,14.0,2.3,17,50.7,+,17,32,
6469,NGC 6469,Open Cluster,Sagittarius,8.0,12.0,17,52.9,-,22,21,
6475,NGC 6475,Open Cluster,Scorpius,3.3,80.0,17,53.9,-,34,49,
6478,NGC 6478,Galaxy,Draco,14.0,1.9,17,48.6,+,51,9,
6482,NGC 6482,Galaxy,Hercules,11.3,2.3,17,51.8,+,23,4,
6494,NGC 6494,Open Cluster,Sagittarius,5.5,27.0,17,56.8,-,19,1,
6496,NGC 6496,Globular Cluster,Scorpius,9.2,6.9,17,59.0,-,44,16,
6500,NGC 6500,Galaxy,Hercules,13.0,2.5,17,56.0,+,18,20,
6501,NGC 6501,Galaxy,Hercules,12.3,2.0,17,56.1,+,18,22,
6503,NGC 6503,Galaxy,Draco,10.2,6.2,17,49.4,+,70,9,
6504,NGC 6504,Galaxy,Hercules,13.0,2.5,17,56.0,+,33,12,
6507,NGC 6507,Open Cluster,Sagittarius,10.0,7.0,17,59.6,-,17,24,
6509,NGC 6509,Galaxy,Ophiuchus,13.0,2.3,17,59.4,+,6,17,
6514,NGC 6514,Cluster Nebulosity,Sagittarius,6.3,29.0,18,2.3,-,23,2,
6517,NGC 6517,Globular Cluster,Ophiuchus,10.3,4.3,18,1.8,-,8,58,
6520,NGC 6520,Open Cluster,Sagittarius,8.0,6.0,18,3.4,-,27,54,
6522,NGC 6522,Globular Cluster,Sagittarius,8.6,5.6,18,3.6,-,30,2,
6523,NGC 6523,Nebula,Sagittarius,5.8,90.0,18,3.8,-,24,23,
6528,NGC 6528,Globular Cluster,Sagittarius,9.5,3.7,18,4.8,-,30,3,
6530,NGC 6530,Open Cluster,Sagittarius,4.6,15.0,18,4.8,-,24,20,
6531,NGC 6531,Open Cluster,Sagittarius,5.9,13.0,18,4.6,-,22,30,
6535,NGC 6535,Globular Cluster,Serpens,10.6,3.6,18,3.8,-,0,18,
6537,NGC 6537,Planetary Nebula,Sagittarius,13.0,0.2,18,5.2,-,19,51,
6539,NGC 6539,Globular Cluster,Serpens,9.6,6.9,18,4.8,-,7,35,
6540,NGC 6540,Open Cluster,Sagittarius,15.0,1.0,18,6.3,-,27,49,
6541,NGC 6541,Globular Cluster,Corona_Australis,6.6,13.0,18,8.0,-,43,42,
6542,NGC 6542,Galaxy,Draco,14.0,1.5,17,59.7,+,61,22,
6543,NGC 6543,Planetary Nebula,Draco,9.0,5.8,17,58.6,+,66,38,
6544,NGC 6544,Globular Cluster,Sagittarius,8.3,8.9,18,7.3,-,25,0,
6546,NGC 6546,Open Cluster,Sagittarius,8.0,13.0,18,7.2,-,23,20,
6553,NGC 6553,Globular Cluster,Sagittarius,8.3,8.1,18,9.3,-,25,54,
6555,NGC 6555,Galaxy,Hercules,12.0,2.1,18,7.8,+,17,36,
6560,NGC 6560,Galaxy,Hercules,14.0,1.3,18,5.3,+,46,52,
6563,NGC 6563,Planetary Nebula,Sagittarius,14.0,0.8,18,12.0,-,33,52,
6565,NGC 6565,Planetary Nebula,Sagittarius,13.0,0.2,18,11.9,-,28,11,
6567,NGC 6567,Planetary Nebula,Sagittarius,12.0,0.1,18,13.7,-,19,5,
6568,NGC 6568,Open Cluster,Sagittarius,9.0,13.0,18,12.8,-,21,36,
6569,NGC 6569,Globular Cluster,Sagittarius,8.7,5.8,18,13.6,-,31,50,
6570,NGC 6570,Galaxy,Ophiuchus,13.0,1.8,18,11.1,+,14,6,
6572,NGC 6572,Planetary Nebula,Ophiuchus,9.0,0.1,18,12.1,+,6,51,
6574,NGC 6574,Galaxy,Hercules,12.0,1.4,18,11.9,+,14,59,
6578,NGC 6578,Planetary Nebula,Sagittarius,13.0,0.2,18,16.3,-,20,27,
6583,NGC 6583,Open Cluster,Sagittarius,10.0,3.0,18,15.8,-,22,8,
6584,NGC 6584,Globular Cluster,Telescopium,9.2,7.9,18,18.6,-,52,13,
6587,NGC 6587,Galaxy,Hercules,12.1,2.3,18,13.9,+,18,50,
6595,NGC 6595,Open Cluster,Sagittarius,7.0,11.0,18,17.0,-,19,53,
6603,NGC 6603,Open Cluster,Sagittarius,11.0,5.0,18,18.4,-,18,25,
6604,NGC 6604,Cluster Nebulosity,Serpens,6.5,60.0,18,18.1,-,12,14,
6611,NGC 6611,Cluster Nebulosity,Serpens,6.0,35.0,18,18.8,-,13,47,
6613,NGC 6613,Open Cluster,Sagittarius,6.9,9.0,18,19.9,-,17,8,
6615,NGC 6615,Galaxy,Ophiuchus,15.0,1.2,18,18.6,+,13,16,
6618,NGC 6618,Cluster Nebulosity,Sagittarius,6.0,46.0,18,20.8,-,16,11,
6620,NGC 6620,Planetary Nebula,Sagittarius,15.0,0.1,18,22.9,-,26,49,
6621,NGC 6621,Galaxy,Draco,13.1,2.5,18,12.9,+,68,22,
6624,NGC 6624,Globular Cluster,Sagittarius,8.3,5.9,18,23.7,-,30,22,
6626,NGC 6626,Globular Cluster,Sagittarius,6.9,11.0,18,24.5,-,24,52,
6627,NGC 6627,Galaxy,Hercules,13.2,1.5,18,22.7,+,15,42,
6629,NGC 6629,Planetary Nebula,Sagittarius,12.0,0.3,18,25.7,-,23,12,
6631,NGC 6631,Open Cluster,Scutum,12.0,5.0,18,27.2,-,12,2,
6632,NGC 6632,Galaxy,Hercules,13.0,3.1,18,25.0,+,27,32,
6633,NGC 6633,Open Cluster,Ophiuchus,4.6,27.0,18,27.7,+,6,34,
6635,NGC 6635,Galaxy,Hercules,15.0,1.3,18,27.6,+,14,49,
6637,NGC 6637,Globular Cluster,Sagittarius,7.7,7.1,18,31.4,-,32,21,
6638,NGC 6638,Globular Cluster,Sagittarius,9.2,5.0,18,30.9,-,25,30,
6642,NGC 6642,Globular Cluster,Sagittarius,8.8,4.5,18,31.9,-,23,29,
6643,NGC 6643,Galaxy,Draco,11.1,3.9,18,19.8,+,74,34,
6644,NGC 6644,Planetary Nebula,Sagittarius,12.0,0.1,18,32.6,-,25,8,
6645,NGC 6645,Open Cluster,Sagittarius,9.0,10.0,18,32.6,-,16,54,
6649,NGC 6649,Open Cluster,Scutum,8.9,6.0,18,33.5,-,10,24,
6651,NGC 6651,Galaxy,Draco,14.0,1.8,18,24.3,+,71,36,
6652,NGC 6652,Globular Cluster,Sagittarius,8.9,3.5,18,35.8,-,32,59,
6654,NGC 6654,Galaxy,Draco,11.6,3.0,18,24.1,+,73,11,
6656,NGC 6656,Globular Cluster,Sagittarius,5.1,24.0,18,36.4,-,23,54,
6658,NGC 6658,Galaxy,Hercules,12.9,1.9,18,33.9,+,22,53,
6661,NGC 6661,Galaxy,Hercules,11.9,2.0,18,34.6,+,22,55,
6664,NGC 6664,Open Cluster,Scutum,7.8,16.0,18,36.7,-,8,13,
6667,NGC 6667,Galaxy,Draco,12.0,2.6,18,30.7,+,67,59,
6674,NGC 6674,Galaxy,Hercules,12.1,4.2,18,38.6,+,25,23,
6681,NGC 6681,Globular Cluster,Sagittarius,8.1,7.8,18,43.2,-,32,18,
6683,NGC 6683,Open Cluster,Scutum,10.0,11.0,18,42.2,-,6,17,
6684,NGC 6684,Galaxy,Pavo,10.5,3.7,18,49.0,-,65,11,
6689,NGC 6689,Galaxy,Draco,12.0,3.9,18,34.9,+,70,32,
6690,NGC 6690,Galaxy,Draco,13.0,3.8,18,34.8,+,70,32,
6691,NGC 6691,Galaxy,Draco,14.0,1.7,18,39.3,+,55,38,
6694,NGC 6694,Open Cluster,Scutum,8.0,15.0,18,45.2,-,9,24,
6699,NGC 6699,Galaxy,Pavo,13.0,1.9,18,52.1,-,57,19,
6701,NGC 6701,Galaxy,Draco,13.0,1.8,18,43.2,+,60,40,
6702,NGC 6702,Galaxy,Lyra,12.2,2.1,18,47.0,+,45,42,
6703,NGC 6703,Galaxy,Lyra,11.4,2.6,18,47.3,+,45,33,
6704,NGC 6704,Open Cluster,Scutum,9.2,6.0,18,50.9,-,5,12,
6705,NGC 6705,Open Cluster,Scutum,5.8,14.0,18,51.1,-,6,16,
6709,NGC 6709,Open Cluster,Aquila,6.7,13.0,18,51.5,+,10,21,
6710,NGC 6710,Galaxy,Lyra,12.8,2.0,18,50.6,+,26,50,
6711,NGC 6711,Galaxy,Draco,14.0,1.3,18,49.0,+,47,39,
6712,NGC 6712,Globular Cluster,Scutum,8.2,7.2,18,53.1,-,8,42,
6715,NGC 6715,Globular Cluster,Sagittarius,7.7,9.1,18,55.1,-,30,29,
6716,NGC 6716,Open Cluster,Sagittarius,6.9,7.0,18,54.6,-,19,53,
6720,NGC 6720,Planetary Nebula,Lyra,9.0,2.5,18,53.6,+,33,2,
6721,NGC 6721,Galaxy,Pavo,12.0,1.9,19,0.8,-,57,47,
6723,NGC 6723,Globular Cluster,Sagittarius,7.3,11.0,18,59.6,-,36,38,
6738,NGC 6738,Open Cluster,Aquila,8.0,15.0,19,1.4,+,11,36,
6741,NGC 6741,Planetary Nebula,Aquila,11.0,0.1,19,2.6,-,0,27,
6742,NGC 6742,Planetary Nebula,Draco,15.0,0.5,18,59.3,+,48,28,
6744,NGC 6744,Galaxy,Pavo,9.0,15.0,19,9.8,-,63,51,
6749,NGC 6749,Globular Cluster,Aquila,11.1,6.3,19,5.1,+,1,47,
6751,NGC 6751,Planetary Nebula,Aquila,13.0,0.3,19,5.9,-,6,0,
6752,NGC 6752,Globular Cluster,Pavo,5.4,20.0,19,10.9,-,59,59,
6753,NGC 6753,Galaxy,Pavo,12.0,2.5,19,11.4,-,57,3,
6754,NGC 6754,Galaxy,Telescopium,13.0,2.2,19,11.4,-,50,39,
6755,NGC 6755,Open Cluster,Aquila,7.5,15.0,19,7.8,+,4,14,
6756,NGC 6756,Open Cluster,Aquila,11.0,4.0,19,8.7,+,4,41,
6758,NGC 6758,Galaxy,Telescopium,13.0,2.1,19,13.9,-,56,19,
6760,NGC 6760,Globular Cluster,Aquila,9.1,6.6,19,11.2,+,1,2,
6764,NGC 6764,Galaxy,Cygnus,13.0,2.5,19,8.3,+,50,56,
6769,NGC 6769,Galaxy,Pavo,11.8,2.5,19,18.4,-,60,31,
6770,NGC 6770,Galaxy,Pavo,12.0,2.5,19,18.7,-,60,31,
6771,NGC 6771,Galaxy,Pavo,12.5,2.6,19,18.7,-,60,33,
6772,NGC 6772,Planetary Nebula,Aquila,14.0,1.0,19,14.6,-,2,42,
6776,NGC 6776,Galaxy,Pavo,12.0,1.9,19,25.4,-,63,52,
6778,NGC 6778,Planetary Nebula,Aquila,13.0,0.3,19,18.4,-,1,36,
6779,NGC 6779,Globular Cluster,Lyra,8.3,7.1,19,16.6,+,30,11,
6780,NGC 6780,Galaxy,Telescopium,13.0,1.9,19,22.9,-,55,47,
6781,NGC 6781,Planetary Nebula,Aquila,12.0,1.8,19,18.4,+,6,33,
6782,NGC 6782,Galaxy,Pavo,13.0,2.7,19,24.0,-,59,55,
6790,NGC 6790,Planetary Nebula,Aquila,10.0,0.1,19,23.2,+,1,31,
6791,NGC 6791,Open Cluster,Lyra,9.5,16.0,19,20.7,+,37,51,
6796,NGC 6796,Galaxy,Draco,14.0,2.1,19,21.5,+,61,9,
6802,NGC 6802,Open Cluster,Vulpecula,8.8,3.0,19,30.6,+,20,16,
6803,NGC 6803,Planetary Nebula,Aquila,11.0,0.1,19,31.3,+,10,3,
6804,NGC 6804,Planetary Nebula,Aquila,12.0,1.1,19,31.6,+,9,13,
6808,NGC 6808,Galaxy,Pavo,13.0,1.7,19,43.9,-,70,39,
6809,NGC 6809,Globular Cluster,Sagittarius,7.0,19.0,19,40.0,-,30,58,
6810,NGC 6810,Galaxy,Pavo,12.0,3.8,19,43.6,-,58,40,
6811,NGC 6811,Open Cluster,Cygnus,6.8,13.0,19,38.2,+,46,34,
6814,NGC 6814,Galaxy,Aquila,11.2,3.2,19,42.7,-,10,19,
6818,NGC 6818,Planetary Nebula,Sagittarius,10.0,0.3,19,44.0,-,14,9,
6819,NGC 6819,Open Cluster,Cygnus,7.3,5.0,19,41.3,+,40,11,
6821,NGC 6821,Galaxy,Aquila,14.0,1.1,19,44.4,-,6,50,
6822,NGC 6822,Galaxy,Sagittarius,9.0,10.0,19,44.9,-,14,48,
6823,NGC 6823,Open Cluster,Vulpecula,7.1,12.0,19,43.1,+,23,18,
6824,NGC 6824,Galaxy,Cygnus,11.9,2.1,19,43.7,+,56,7,
6826,NGC 6826,Planetary Nebula,Cygnus,10.0,2.3,19,44.8,+,50,31,
6830,NGC 6830,Open Cluster,Vulpecula,7.9,12.0,19,51.0,+,23,4,
6833,NGC 6833,Planetary Nebula,Cygnus,14.0,0.1,19,49.7,+,48,58,
6834,NGC 6834,Open Cluster,Cygnus,7.8,5.0,19,52.2,+,29,25,
6835,NGC 6835,Galaxy,Sagittarius,12.5,2.7,19,54.5,-,12,34,
6836,NGC 6836,Galaxy,Sagittarius,13.0,1.2,19,54.7,-,12,41,
6838,NGC 6838,Globular Cluster,Sagitta,8.3,7.2,19,53.8,+,18,47,
6842,NGC 6842,Planetary Nebula,Vulpecula,14.0,0.8,19,55.0,+,29,17,
6851,NGC 6851,Galaxy,Telescopium,13.0,1.8,20,3.6,-,48,17,
6853,NGC 6853,Planetary Nebula,Vulpecula,8.1,15.0,19,59.6,+,22,43,
6854,NGC 6854,Galaxy,Telescopium,13.0,2.3,20,5.7,-,54,23,
6861,NGC 6861,Galaxy,Telescopium,11.1,2.7,20,7.3,-,48,22,
6864,NGC 6864,Globular Cluster,Sagittarius,8.6,6.0,20,6.1,-,21,55,
6866,NGC 6866,Open Cluster,Cygnus,7.6,7.0,20,3.7,+,44,0,
6868,NGC 6868,Galaxy,Telescopium,12.0,2.7,20,9.9,-,48,23,
6869,NGC 6869,Galaxy,Draco,13.0,1.7,20,0.7,+,66,13,
6870,NGC 6870,Galaxy,Telescopium,12.2,2.5,20,10.2,-,48,17,
6871,NGC 6871,Open Cluster,Cygnus,5.2,20.0,20,5.9,+,35,47,
6872,NGC 6872,Galaxy,Pavo,11.6,4.7,20,16.9,-,70,46,
6875,NGC 6875,Galaxy,Telescopium,13.0,2.5,20,13.2,-,46,9,
6876,NGC 6876,Galaxy,Pavo,13.0,2.4,20,18.3,-,70,52,
6877,NGC 6877,Galaxy,Pavo,12.7,1.4,20,18.6,-,70,51,
6878,NGC 6878,Galaxy,Sagittarius,13.4,1.7,20,13.9,-,44,31,
6879,NGC 6879,Planetary Nebula,Sagitta,13.0,0.1,20,10.5,+,16,55,
6881,NGC 6881,Planetary Nebula,Cygnus,14.0,0.1,20,10.8,+,37,25,
6882,NGC 6882,Open Cluster,Vulpecula,8.1,18.0,20,11.7,+,26,33,
6883,NGC 6883,Open Cluster,Cygnus,8.0,15.0,20,11.3,+,35,51,
6884,NGC 6884,Planetary Nebula,Cygnus,13.0,0.1,20,10.4,+,46,28,
6885,NGC 6885,Open Cluster,Vulpecula,6.0,7.0,20,12.0,+,26,29,
6886,NGC 6886,Planetary Nebula,Sagitta,12.0,0.1,20,12.7,+,19,59,
6887,NGC 6887,Galaxy,Telescopium,12.0,4.1,20,17.2,-,52,47,
6890,NGC 6890,Galaxy,Sagittarius,12.5,1.5,20,18.3,-,44,48,
6891,NGC 6891,Planetary Nebula,Delphinus,12.0,1.2,20,15.2,+,12,42,
6893,NGC 6893,Galaxy,Telescopium,13.0,2.8,20,20.8,-,48,14,
6894,NGC 6894,Planetary Nebula,Cygnus,14.0,0.7,20,16.4,+,30,34,
6902,NGC 6902,Galaxy,Sagittarius,13.0,2.2,20,24.5,-,43,39,
6905,NGC 6905,Planetary Nebula,Delphinus,12.0,1.7,20,22.4,+,20,7,
6906,NGC 6906,Galaxy,Aquila,12.7,1.8,20,23.6,+,6,27,
6907,NGC 6907,Galaxy,Capricornus,11.3,3.4,20,25.1,-,24,49,
6909,NGC 6909,Galaxy,Telescopium,13.0,2.3,20,27.7,-,47,2,
6910,NGC 6910,Open Cluster,Cygnus,7.4,8.0,20,23.1,+,40,47,
6912,NGC 6912,Galaxy,Capricornus,14.0,1.6,20,26.9,-,18,38,
6913,NGC 6913,Open Cluster,Cygnus,6.6,7.0,20,23.9,+,38,32,
6921,NGC 6921,Galaxy,Vulpecula,15.0,1.1,20,28.5,+,25,43,
6923,NGC 6923,Galaxy,Microscopium,12.1,2.5,20,31.7,-,30,50,
6925,NGC 6925,Galaxy,Microscopium,11.3,4.1,20,34.3,-,31,59,
6926,NGC 6926,Galaxy,Aquila,12.4,2.1,20,33.1,-,2,1,
6927,NGC 6927,Galaxy,Delphinus,14.5,0.6,20,32.6,+,9,55,
6928,NGC 6928,Galaxy,Delphinus,12.6,2.2,20,32.8,+,9,56,
6929,NGC 6929,Galaxy,Aquila,13.5,0.9,20,33.4,-,2,2,
6930,NGC 6930,Galaxy,Delphinus,13.1,1.4,20,33.0,+,9,52,
6934,NGC 6934,Globular Cluster,Delphinus,8.9,5.9,20,34.2,+,7,24,
6935,NGC 6935,Galaxy,Indus,13.0,2.0,20,38.4,-,52,6,
6939,NGC 6939,Open Cluster,Cepheus,7.8,8.0,20,31.4,+,60,38,
6940,NGC 6940,Open Cluster,Vulpecula,6.3,31.0,20,34.6,+,28,18,
6942,NGC 6942,Galaxy,Indus,13.0,2.6,20,40.8,-,54,19,
6943,NGC 6943,Galaxy,Pavo,12.0,4.1,20,44.5,-,68,45,
6944,NGC 6944,Galaxy,Delphinus,13.3,1.7,20,38.4,+,7,0,
6946,NGC 6946,Galaxy,Cepheus,8.9,11.0,20,34.8,+,60,9,
6951,NGC 6951,Galaxy,Cepheus,11.1,3.8,20,37.2,+,66,6,
6954,NGC 6954,Galaxy,Delphinus,13.2,1.1,20,44.1,+,3,13,
6956,NGC 6956,Galaxy,Delphinus,14.0,2.1,20,44.0,+,12,31,
6958,NGC 6958,Galaxy,Microscopium,12.0,2.4,20,48.6,-,38,0,
6962,NGC 6962,Galaxy,Aquarius,12.0,3.0,20,47.3,+,0,19,
6963,NGC 6963,Galaxy,Aquarius,14.1,0.7,20,47.3,+,0,29,
6964,NGC 6964,Galaxy,Aquarius,12.7,1.9,20,47.4,+,0,18,
6970,NGC 6970,Galaxy,Indus,12.7,1.2,20,52.1,-,48,48,
6972,NGC 6972,Galaxy,Delphinus,14.0,1.4,20,50.0,+,9,54,
6978,NGC 6978,Galaxy,Aquarius,14.0,1.9,20,52.6,-,5,43,
6981,NGC 6981,Globular Cluster,Aquarius,9.4,5.9,20,53.5,-,12,32,
6984,NGC 6984,Galaxy,Indus,13.0,1.7,20,57.9,-,51,52,
6994,NGC 6994,Open Cluster,Aquarius,9.0,3.0,20,59.0,-,12,38,
6997,NGC 6997,Open Cluster,Cygnus,10.0,15.0,20,56.5,+,44,38,
7006,NGC 7006,Globular Cluster,Delphinus,10.6,2.8,21,1.5,+,16,11,
7007,NGC 7007,Galaxy,Indus,13.0,1.9,21,5.5,-,52,33,
7008,NGC 7008,Planetary Nebula,Cygnus,13.0,1.4,21,0.6,+,54,33,
7009,NGC 7009,Planetary Nebula,Aquarius,8.0,1.7,21,4.2,-,11,22,
7013,NGC 7013,Galaxy,Cygnus,12.0,4.9,21,3.6,+,29,54,
7014,NGC 7014,Galaxy,Indus,12.3,1.9,21,7.9,-,47,11,
7015,NGC 7015,Galaxy,Equuleus,13.0,2.0,21,5.7,+,11,25,
7020,NGC 7020,Galaxy,Pavo,12.0,4.3,21,11.4,-,64,3,
7023,NGC 7023,Cluster Nebulosity,Cepheus,7.0,18.0,21,0.5,+,68,10,
7026,NGC 7026,Planetary Nebula,Cygnus,13.0,0.4,21,6.3,+,47,51,
7027,NGC 7027,Planetary Nebula,Cygnus,10.0,0.3,21,7.1,+,42,14,
7029,NGC 7029,Galaxy,Indus,11.8,1.4,21,11.9,-,49,17,
7031,NGC 7031,Open Cluster,Cygnus,9.1,5.0,21,7.3,+,50,50,
7038,NGC 7038,Galaxy,Indus,12.0,3.0,21,15.2,-,47,13,
7039,NGC 7039,Open Cluster,Cygnus,7.6,25.0,21,11.2,+,45,39,
7041,NGC 7041,Galaxy,Indus,11.1,3.9,21,16.5,-,48,22,
7042,NGC 7042,Galaxy,Pegasus,13.0,2.2,21,13.8,+,13,33,
7046,NGC 7046,Galaxy,Equuleus,14.0,2.0,21,14.9,+,2,50,
7048,NGC 7048,Planetary Nebula,Cygnus,11.0,1.0,21,14.2,+,46,16,
7049,NGC 7049,Galaxy,Indus,10.7,2.8,21,19.0,-,48,34,
7052,NGC 7052,Galaxy,Vulpecula,14.0,2.8,21,18.6,+,26,27,
7059,NGC 7059,Galaxy,Pavo,13.0,3.2,21,27.4,-,60,1,
7062,NGC 7062,Open Cluster,Cygnus,8.3,7.0,21,23.2,+,46,23,
7063,NGC 7063,Open Cluster,Cygnus,7.0,8.0,21,24.4,+,36,30,
7064,NGC 7064,Galaxy,Indus,13.0,4.1,21,29.0,-,52,46,
7067,NGC 7067,Open Cluster,Cygnus,9.7,3.0,21,24.2,+,48,1,
7070,NGC 7070,Galaxy,Grus,12.3,2.1,21,30.5,-,43,6,
7072,NGC 7072,Galaxy,Grus,13.9,0.8,21,30.6,-,43,9,
7077,NGC 7077,Galaxy,Aquarius,14.0,0.8,21,29.9,+,2,25,
7078,NGC 7078,Globular Cluster,Pegasus,6.4,12.0,21,30.0,+,12,10,
7079,NGC 7079,Galaxy,Grus,11.6,2.8,21,32.5,-,44,5,
7080,NGC 7080,Galaxy,Vulpecula,14.0,2.0,21,30.0,+,26,43,
7082,NGC 7082,Open Cluster,Cygnus,7.2,25.0,21,29.4,+,47,5,
7083,NGC 7083,Galaxy,Indus,12.0,4.5,21,35.7,-,63,54,
7086,NGC 7086,Open Cluster,Cygnus,8.4,9.0,21,30.5,+,51,35,
7089,NGC 7089,Globular Cluster,Aquarius,6.5,12.0,21,33.5,-,0,49,
7090,NGC 7090,Galaxy,Indus,11.0,7.1,21,36.5,-,54,33,
7092,NGC 7092,Open Cluster,Cygnus,4.6,32.0,21,32.2,+,48,26,
7096,NGC 7096,Galaxy,Indus,13.0,2.7,21,41.3,-,63,54,
7097,NGC 7097,Galaxy,Grus,12.0,2.5,21,40.3,-,42,32,
7099,NGC 7099,Globular Cluster,Capricornus,7.5,11.0,21,40.4,-,23,11,
7102,NGC 7102,Galaxy,Pegasus,13.1,1.9,21,39.7,+,6,17,
7107,NGC 7107,Galaxy,Grus,13.0,1.9,21,42.4,-,44,48,
7119,NGC 7119,Galaxy,Grus,14.0,1.1,21,46.3,-,46,31,
7124,NGC 7124,Galaxy,Indus,13.0,2.7,21,48.1,-,50,34,
7125,NGC 7125,Galaxy,Indus,13.0,3.2,21,49.3,-,60,43,
7126,NGC 7126,Galaxy,Indus,13.0,2.3,21,49.3,-,60,37,
7128,NGC 7128,Open Cluster,Cygnus,9.7,3.0,21,44.0,+,53,43,
7129,NGC 7129,Cluster Nebulosity,Cepheus,12.0,8.0,21,41.3,+,66,6,
7135,NGC 7135,Galaxy,Piscis_Austrinus,11.7,2.8,21,49.8,-,34,53,
7137,NGC 7137,Galaxy,Pegasus,12.4,1.5,21,48.2,+,22,10,
7142,NGC 7142,Open Cluster,Cepheus,9.3,4.0,21,45.9,+,65,48,
7144,NGC 7144,Galaxy,Grus,10.7,3.5,21,52.7,-,48,15,
7145,NGC 7145,Galaxy,Grus,11.2,2.5,21,53.3,-,47,53,
7155,NGC 7155,Galaxy,Indus,13.0,1.9,21,56.2,-,49,32,
7156,NGC 7156,Galaxy,Pegasus,13.0,1.7,21,54.6,+,2,57,
7160,NGC 7160,Open Cluster,Cepheus,6.1,7.0,21,53.7,+,62,36,
7162,NGC 7162,Galaxy,Grus,13.0,2.8,21,59.8,-,43,19,
7163,NGC 7163,Galaxy,Piscis_Austrinus,13.4,1.8,21,59.3,-,31,53,
7166,NGC 7166,Galaxy,Grus,11.8,2.4,22,0.7,-,43,25,
7168,NGC 7168,Galaxy,Indus,13.0,2.0,22,2.1,-,51,45,
7171,NGC 7171,Galaxy,Aquarius,12.3,2.8,22,1.0,-,13,16,
7172,NGC 7172,Galaxy,Piscis_Austrinus,11.9,2.2,22,2.0,-,31,52,
7173,NGC 7173,Galaxy,Piscis_Austrinus,12.1,1.3,22,2.0,-,31,58,
7174,NGC 7174,Galaxy,Piscis_Austrinus,12.6,1.3,22,2.1,-,31,59,
7176,NGC 7176,Galaxy,Piscis_Austrinus,11.9,1.3,22,2.1,-,31,59,
7177,NGC 7177,Galaxy,Pegasus,11.2,3.3,22,0.7,+,17,44,
7180,NGC 7180,Galaxy,Aquarius,12.5,1.8,22,2.3,-,20,33,
7184,NGC 7184,Galaxy,Aquarius,12.0,5.8,22,2.7,-,20,49,
7192,NGC 7192,Galaxy,Indus,12.0,2.5,22,6.8,-,64,19,
7196,NGC 7196,Galaxy,Indus,11.5,1.9,22,6.0,-,50,7,
7201,NGC 7201,Galaxy,Piscis_Austrinus,14.0,1.7,22,6.5,-,31,16,
7202,NGC 7202,Galaxy,Piscis_Austrinus,13.0,1.3,22,6.7,-,31,12,
7203,NGC 7203,Galaxy,Piscis_Austrinus,13.0,1.9,22,6.7,-,31,10,
7205,NGC 7205,Galaxy,Indus,11.0,4.3,22,8.5,-,57,25,
7209,NGC 7209,Open Cluster,Lacerta,6.7,25.0,22,5.2,+,46,30,
7213,NGC 7213,Galaxy,Grus,10.5,1.9,22,9.3,-,47,10,
7214,NGC 7214,Galaxy,Piscis_Austrinus,12.4,1.9,22,9.1,-,27,49,
7217,NGC 7217,Galaxy,Pegasus,10.2,3.7,22,7.9,+,31,22,
7218,NGC 7218,Galaxy,Aquarius,12.1,2.5,22,10.2,-,16,40,
7219,NGC 7219,Galaxy,Tucana,13.0,2.4,22,13.1,-,64,51,
7221,NGC 7221,Galaxy,Piscis_Austrinus,12.0,2.2,22,11.3,-,30,37,
7226,NGC 7226,Open Cluster,Cepheus,9.6,2.0,22,10.5,+,55,25,
7229,NGC 7229,Galaxy,Piscis_Austrinus,12.0,1.8,22,14.0,-,29,25,
7232,NGC 7232,Galaxy,Grus,13.0,3.0,22,15.7,-,45,51,
7235,NGC 7235,Open Cluster,Cepheus,7.7,4.0,22,12.6,+,57,17,
7236,NGC 7236,Galaxy,Pegasus,13.5,1.0,22,14.7,+,13,51,
7237,NGC 7237,Galaxy,Pegasus,13.7,1.0,22,14.8,+,13,50,
7240,NGC 7240,Galaxy,Lacerta,13.8,0.8,22,15.4,+,37,17,
7241,NGC 7241,Galaxy,Pegasus,14.0,3.5,22,15.8,+,19,14,
7242,NGC 7242,Galaxy,Lacerta,12.0,2.6,22,15.7,+,37,18,
7243,NGC 7243,Open Cluster,Lacerta,6.4,21.0,22,15.3,+,49,53,
7244,NGC 7244,Galaxy,Pegasus,14.4,0.7,22,16.4,+,16,28,
7245,NGC 7245,Open Cluster,Lacerta,9.2,5.0,22,15.3,+,54,20,
7248,NGC 7248,Galaxy,Lacerta,14.0,2.1,22,16.9,+,40,30,
7252,NGC 7252,Galaxy,Aquarius,12.1,2.2,22,20.7,-,24,41,
7261,NGC 7261,Open Cluster,Cepheus,8.4,6.0,22,20.4,+,58,5,
7274,NGC 7274,Galaxy,Lacerta,14.0,1.8,22,24.2,+,36,8,
7280,NGC 7280,Galaxy,Pegasus,13.0,2.4,22,26.5,+,16,9,
7290,NGC 7290,Galaxy,Pegasus,14.0,1.8,22,28.4,+,17,9,
7292,NGC 7292,Galaxy,Pegasus,13.0,2.1,22,28.4,+,30,18,
7296,NGC 7296,Open Cluster,Lacerta,10.0,4.0,22,28.2,+,52,17,
7298,NGC 7298,Galaxy,Aquarius,14.0,1.5,22,30.8,-,14,11,
7300,NGC 7300,Galaxy,Aquarius,12.9,2.2,22,31.0,-,14,0,
7302,NGC 7302,Galaxy,Aquarius,12.1,1.9,22,32.4,-,14,7,
7307,NGC 7307,Galaxy,Grus,13.0,4.2,22,33.8,-,40,57,
7309,NGC 7309,Galaxy,Aquarius,12.5,2.1,22,34.3,-,10,21,
7314,NGC 7314,Galaxy,Piscis_Austrinus,10.9,4.6,22,35.8,-,26,3,
7316,NGC 7316,Galaxy,Pegasus,14.0,1.3,22,35.9,+,20,19,
7317,NGC 7317,Galaxy,Pegasus,13.6,1.0,22,35.9,+,33,57,
7318,NGC 7318,Galaxy,Pegasus,13.1,1.9,22,36.0,+,33,58,
7319,NGC 7319,Galaxy,Pegasus,13.1,1.7,22,36.1,+,33,59,
7320,NGC 7320,Galaxy,Pegasus,12.7,2.2,22,36.1,+,33,57,
7329,NGC 7329,Galaxy,Tucana,12.0,4.2,22,40.5,-,66,28,
7331,NGC 7331,Galaxy,Pegasus,9.5,10.0,22,37.1,+,34,25,
7332,NGC 7332,Galaxy,Pegasus,11.0,4.2,22,37.4,+,23,48,
7333,NGC 7333,Galaxy,Pegasus,15.0,0.1,22,37.2,+,34,26,
7335,NGC 7335,Galaxy,Pegasus,15.0,1.7,22,37.3,+,34,27,
7338,NGC 7338,Galaxy,Pegasus,14.0,0.2,22,37.5,+,34,25,
7339,NGC 7339,Galaxy,Pegasus,12.1,3.0,22,37.8,+,23,47,
7343,NGC 7343,Galaxy,Pegasus,13.4,1.2,22,38.6,+,34,4,
7348,NGC 7348,Galaxy,Pegasus,15.0,1.3,22,40.6,+,11,54,
7354,NGC 7354,Planetary Nebula,Cepheus,13.0,0.3,22,40.4,+,61,17,
7361,NGC 7361,Galaxy,Piscis_Austrinus,12.5,3.5,22,42.3,-,30,3,
7363,NGC 7363,Galaxy,Pegasus,15.0,1.1,22,43.3,+,34,0,
7371,NGC 7371,Galaxy,Aquarius,12.1,2.1,22,46.1,-,11,0,
7377,NGC 7377,Galaxy,Aquarius,11.6,2.2,22,47.8,-,22,19,
7380,NGC 7380,Cluster Nebulosity,Cepheus,7.2,25.0,22,47.0,+,58,6,
7383,NGC 7383,Galaxy,Pegasus,13.9,1.0,22,49.6,+,11,36,
7385,NGC 7385,Galaxy,Pegasus,12.3,1.6,22,49.9,+,11,36,
7386,NGC 7386,Galaxy,Pegasus,12.5,2.1,22,50.0,+,11,42,
7387,NGC 7387,Galaxy,Pegasus,14.0,0.7,22,50.3,+,11,38,
7389,NGC 7389,Galaxy,Pegasus,13.4,1.3,22,50.3,+,11,35,
7392,NGC 7392,Galaxy,Aquarius,11.9,2.0,22,51.8,-,20,36,
7393,NGC 7393,Galaxy,Aquarius,14.0,2.0,22,51.7,-,5,33,
7410,NGC 7410,Galaxy,Grus,10.4,5.5,22,55.0,-,39,40,
7412,NGC 7412,Galaxy,Grus,11.4,4.0,22,55.8,-,42,39,
7416,NGC 7416,Galaxy,Aquarius,12.3,3.4,22,55.7,-,5,30,
7418,NGC 7418,Galaxy,Grus,11.4,3.3,22,56.6,-,37,2,
7419,NGC 7419,Open Cluster,Cepheus,13.0,2.0,22,54.3,+,60,50,
7421,NGC 7421,Galaxy,Grus,12.0,2.2,22,56.9,-,37,21,
7423,NGC 7423,Open Cluster,Cepheus,15.0,6.0,22,55.3,+,57,8,
7424,NGC 7424,Galaxy,Grus,11.0,7.6,22,57.3,-,41,4,
7428,NGC 7428,Galaxy,Pisces,14.0,2.6,22,57.3,-,1,2,
7437,NGC 7437,Galaxy,Pegasus,13.0,1.9,22,58.2,+,14,18,
7440,NGC 7440,Galaxy,Andromeda,15.0,1.9,22,58.5,+,35,48,
7442,NGC 7442,Galaxy,Pegasus,14.0,1.2,22,59.4,+,15,33,
7443,NGC 7443,Galaxy,Aquarius,14.0,1.8,23,0.1,-,12,48,
7444,NGC 7444,Galaxy,Aquarius,14.0,2.0,23,0.1,-,12,50,
7448,NGC 7448,Galaxy,Pegasus,11.7,2.7,23,0.1,+,15,59,
7454,NGC 7454,Galaxy,Pegasus,14.0,2.0,23,1.1,+,16,23,
7456,NGC 7456,Galaxy,Grus,12.0,5.9,23,2.1,-,39,35,
7457,NGC 7457,Galaxy,Pegasus,10.8,4.4,23,1.0,+,30,9,
7460,NGC 7460,Galaxy,Pisces,14.0,1.3,23,1.8,+,2,16,
7462,NGC 7462,Galaxy,Grus,13.0,3.7,23,2.8,-,40,50,
7463,NGC 7463,Galaxy,Pegasus,13.0,3.0,23,1.9,+,15,59,
7464,NGC 7464,Galaxy,Pegasus,14.0,0.7,23,1.9,+,15,58,
7465,NGC 7465,Galaxy,Pegasus,13.0,1.6,23,2.0,+,15,58,
7468,NGC 7468,Galaxy,Pegasus,14.0,1.1,23,3.0,+,16,36,
7469,NGC 7469,Galaxy,Pegasus,11.9,1.8,23,3.3,+,8,52,
7479,NGC 7479,Galaxy,Pegasus,11.0,4.1,23,4.9,+,12,19,
7492,NGC 7492,Globular Cluster,Aquarius,11.5,6.2,23,8.4,-,15,37,
7495,NGC 7495,Galaxy,Pegasus,15.0,2.1,23,9.0,+,12,4,
7496,NGC 7496,Galaxy,Grus,11.1,3.5,23,9.8,-,43,26,
7497,NGC 7497,Galaxy,Pegasus,13.0,5.0,23,9.1,+,18,11,
7499,NGC 7499,Galaxy,Pisces,13.8,1.4,23,10.4,+,7,35,
7501,NGC 7501,Galaxy,Pisces,13.8,0.8,23,10.5,+,7,35,
7503,NGC 7503,Galaxy,Pisces,13.8,0.9,23,10.7,+,7,34,
7507,NGC 7507,Galaxy,Sculptor,10.4,2.6,23,12.1,-,28,32,
7510,NGC 7510,Open Cluster,Cepheus,7.9,4.0,23,11.5,+,60,34,
7513,NGC 7513,Galaxy,Sculptor,11.8,3.2,23,13.2,-,28,22,
7518,NGC 7518,Galaxy,Pisces,14.0,1.5,23,13.1,+,6,19,
7531,NGC 7531,Galaxy,Grus,11.3,3.5,23,14.8,-,43,36,
7532,NGC 7532,Galaxy,Pisces,15.0,1.8,23,14.4,-,2,42,
7537,NGC 7537,Galaxy,Pisces,13.2,2.3,23,14.6,+,4,30,
7541,NGC 7541,Galaxy,Pisces,11.7,3.5,23,14.7,+,4,32,
7547,NGC 7547,Galaxy,Pegasus,15.0,1.3,23,15.0,+,18,58,
7549,NGC 7549,Galaxy,Pegasus,14.0,2.9,23,15.3,+,19,2,
7550,NGC 7550,Galaxy,Pegasus,14.0,1.7,23,15.3,+,18,57,
7552,NGC 7552,Galaxy,Grus,10.7,3.5,23,16.2,-,42,35,
7562,NGC 7562,Galaxy,Pisces,11.5,2.3,23,16.0,+,6,41,
7576,NGC 7576,Galaxy,Aquarius,13.0,1.5,23,17.4,-,4,44,
7578,NGC 7578,Galaxy,Pegasus,14.0,1.6,23,17.2,+,18,41,
7580,NGC 7580,Galaxy,Pegasus,15.0,0.9,23,17.6,+,14,0,
7582,NGC 7582,Galaxy,Grus,10.6,4.6,23,18.4,-,42,22,
7585,NGC 7585,Galaxy,Aquarius,11.7,2.3,23,18.0,-,4,39,
7587,NGC 7587,Galaxy,Pegasus,15.0,1.4,23,18.0,+,9,41,
7590,NGC 7590,Galaxy,Grus,11.6,2.7,23,18.9,-,42,14,
7592,NGC 7592,Galaxy,Aquarius,14.0,1.4,23,18.4,-,4,25,
7599,NGC 7599,Galaxy,Grus,11.4,4.4,23,19.3,-,42,15,
7600,NGC 7600,Galaxy,Aquarius,13.0,2.4,23,18.9,-,7,35,
7601,NGC 7601,Galaxy,Pegasus,15.0,1.5,23,18.8,+,9,14,
7603,NGC 7603,Galaxy,Pisces,14.0,1.7,23,19.0,+,0,15,
7606,NGC 7606,Galaxy,Aquarius,10.8,5.8,23,19.1,-,8,29,
7609,NGC 7609,Galaxy,Pegasus,15.0,1.5,23,19.5,+,9,29,
7610,NGC 7610,Galaxy,Pegasus,15.0,3.0,23,19.6,+,10,10,
7611,NGC 7611,Galaxy,Pisces,12.6,1.5,23,19.6,+,8,4,
7615,NGC 7615,Galaxy,Pegasus,16.0,1.2,23,19.9,+,8,24,
7617,NGC 7617,Galaxy,Pisces,13.8,1.0,23,20.2,+,8,10,
7619,NGC 7619,Galaxy,Pegasus,11.1,2.9,23,20.2,+,8,12,
7620,NGC 7620,Galaxy,Pegasus,14.0,1.3,23,20.1,+,24,13,
7623,NGC 7623,Galaxy,Pegasus,12.4,1.9,23,20.5,+,8,24,
7624,NGC 7624,Galaxy,Pegasus,13.4,1.1,23,20.4,+,27,19,
7625,NGC 7625,Galaxy,Pegasus,12.1,1.8,23,20.5,+,17,14,
7626,NGC 7626,Galaxy,Pegasus,11.2,2.5,23,20.7,+,8,13,
7631,NGC 7631,Galaxy,Pegasus,14.0,1.9,23,21.4,+,8,13,
7634,NGC 7634,Galaxy,Pegasus,14.0,1.5,23,21.6,+,8,52,
7640,NGC 7640,Galaxy,Andromeda,10.9,10.0,23,22.1,+,40,51,
7648,NGC 7648,Galaxy,Pegasus,14.0,1.9,23,23.8,+,9,39,
7649,NGC 7649,Galaxy,Pegasus,13.7,1.6,23,24.3,+,14,38,
7654,NGC 7654,Open Cluster,Cassiopeia,6.9,13.0,23,24.2,+,61,35,
7662,NGC 7662,Planetary Nebula,Andromeda,9.0,2.2,23,25.9,+,42,33,
7671,NGC 7671,Galaxy,Pegasus,12.7,1.7,23,27.3,+,12,28,
7672,NGC 7672,Galaxy,Pegasus,15.0,1.0,23,27.5,+,12,23,
7673,NGC 7673,Galaxy,Pegasus,12.7,1.7,23,27.7,+,23,35,
7674,NGC 7674,Galaxy,Pegasus,14.0,1.2,23,27.9,+,8,47,
7675,NGC 7675,Galaxy,Pegasus,15.0,0.7,23,28.0,+,8,46,
7677,NGC 7677,Galaxy,Pegasus,14.0,1.9,23,28.1,+,23,32,
7678,NGC 7678,Galaxy,Pegasus,12.2,2.3,23,28.5,+,22,25,
7679,NGC 7679,Galaxy,Pisces,12.7,1.9,23,28.8,+,3,31,
7682,NGC 7682,Galaxy,Pisces,13.4,1.2,23,29.1,+,3,32,
7685,NGC 7685,Galaxy,Pisces,15.0,2.1,23,30.6,+,3,54,
7686,NGC 7686,Open Cluster,Andromeda,5.6,15.0,23,30.2,+,49,8,
7689,NGC 7689,Galaxy,Phoenix,12.0,2.8,23,32.7,-,54,5,
7690,NGC 7690,Galaxy,Phoenix,13.0,2.8,23,32.9,-,51,41,
7702,NGC 7702,Galaxy,Phoenix,12.2,1.9,23,35.4,-,56,0,
7713,NGC 7713,Galaxy,Sculptor,12.0,4.3,23,36.5,-,37,56,
7714,NGC 7714,Galaxy,Pisces,13.0,2.1,23,36.2,+,2,9,
7715,NGC 7715,Galaxy,Pisces,15.0,2.6,23,36.4,+,2,9,
7716,NGC 7716,Galaxy,Pisces,12.2,2.3,23,36.5,+,0,18,
7720,NGC 7720,Galaxy,Pegasus,12.6,1.9,23,38.5,+,27,2,
7721,NGC 7721,Galaxy,Aquarius,11.8,3.4,23,38.8,-,6,31,
7723,NGC 7723,Galaxy,Aquarius,11.1,3.6,23,38.9,-,12,58,
7727,NGC 7727,Galaxy,Aquarius,10.7,4.2,23,39.9,-,12,18,
7731,NGC 7731,Galaxy,Pisces,14.0,1.7,23,41.6,+,3,45,
7732,NGC 7732,Galaxy,Pisces,15.0,2.0,23,41.7,+,3,44,
7738,NGC 7738,Galaxy,Pisces,14.0,2.2,23,44.1,+,0,31,
7741,NGC 7741,Galaxy,Pegasus,11.4,4.0,23,43.9,+,26,5,
7742,NGC 7742,Galaxy,Pegasus,11.5,2.0,23,44.3,+,10,46,
7743,NGC 7743,Galaxy,Pegasus,11.2,3.1,23,44.4,+,9,56,
7744,NGC 7744,Galaxy,Phoenix,13.0,2.3,23,45.0,-,42,55,
7750,NGC 7750,Galaxy,Pisces,14.0,1.8,23,46.7,+,3,47,
7752,NGC 7752,Galaxy,Pegasus,14.0,0.7,23,47.0,+,29,27,
7753,NGC 7753,Galaxy,Pegasus,13.0,3.4,23,47.1,+,29,29,
7755,NGC 7755,Galaxy,Sculptor,12.0,3.7,23,47.9,-,30,31,
7757,NGC 7757,Galaxy,Pisces,14.0,2.6,23,48.8,+,4,10,
7762,NGC 7762,Open Cluster,Cepheus,10.0,11.0,23,49.8,+,68,2,
7764,NGC 7764,Galaxy,Phoenix,12.3,1.5,23,50.9,-,40,44,
7768,NGC 7768,Galaxy,Pegasus,14.0,1.7,23,50.9,+,27,10,
7769,NGC 7769,Galaxy,Pegasus,12.1,1.8,23,51.1,+,20,9,
7770,NGC 7770,Galaxy,Pegasus,15.0,1.0,23,51.4,+,20,6,
7771,NGC 7771,Galaxy,Pegasus,12.3,2.7,23,51.4,+,20,7,
7779,NGC 7779,Galaxy,Pisces,14.0,1.6,23,53.4,+,7,52,
7780,NGC 7780,Galaxy,Pisces,15.0,1.2,23,53.6,+,8,7,
7782,NGC 7782,Galaxy,Pisces,13.0,2.4,23,53.9,+,7,58,
7783,NGC 7783,Galaxy,Pisces,14.0,1.9,23,54.2,+,0,23,
7785,NGC 7785,Galaxy,Pisces,11.6,2.3,23,55.3,+,5,55,
7788,NGC 7788,Open Cluster,Cassiopeia,9.0,9.0,23,56.7,+,61,24,
7789,NGC 7789,Open Cluster,Cassiopeia,6.7,16.0,23,57.0,+,56,44,
7790,NGC 7790,Open Cluster,Cassiopeia,8.5,17.0,23,58.4,+,61,13,
7793,NGC 7793,Galaxy,Sculptor,9.1,9.1,23,57.8,-,32,35,
7796,NGC 7796,Galaxy,Phoenix,12.0,2.3,23,59.0,-,55,27,
7798,NGC 7798,Galaxy,Pegasus,13.0,1.5,23,59.4,+,20,45,
7800,NGC 7800,Galaxy,Pegasus,13.0,2.6,23,59.6,+,14,49,
7805,NGC 7805,Galaxy,Pegasus,14.0,1.4,0,1.4,+,31,26,
7806,NGC 7806,Galaxy,Pegasus,14.0,1.3,0,1.5,+,31,27,
7814,NGC 7814,Galaxy,Pegasus,10.5,6.3,0,3.3,+,16,9,
7816,NGC 7816,Galaxy,Pisces,14.0,1.9,0,3.8,+,7,28,
7817,NGC 7817,Galaxy,Pegasus,12.0,3.7,0,4.0,+,20,45,
7819,NGC 7819,Galaxy,Pegasus,14.0,2.0,0,4.4,+,31,29,
