,ObjectNum,Name,Type,Constellation,Magnitude,Size,RAHour,RAMinute,DecSign,DecDeg,DecMinute,Distance (ly),Above_Horizon,Alt,Az,Rise,Set,Hours_Until_Set
0,NGC 1,NGC 1,Galaxy,Pegasus,13.0,1.9,0,7.3,+,27,43,,True,75.22,164.38,4h12m,19h56m,7.17
1,NGC 2,NGC 2,Galaxy,Pegasus,15.0,1.4,0,7.3,+,27,41,,True,75.19,164.38,4h12m,19h56m,7.17
2,NGC 9,NGC 9,Galaxy,Pegasus,15.0,1.5,0,8.9,+,23,49,,True,71.34,165.97,4h33m,19h38m,6.87
3,NGC 12,NGC 12,Galaxy,Pisces,15.0,1.9,0,8.7,+,4,37,,True,52.34,172.12,5h50m,18h21m,5.58
4,NGC 13,NGC 13,Galaxy,Andromeda,14.0,2.7,0,8.8,+,33,26,,True,80.59,154.53,3h40m,20h30m,7.73
5,NGC 14,NGC 14,Galaxy,Pegasus,12.0,3.0,0,8.8,+,15,49,,True,63.46,169.56,5h07m,19h03m,6.28
6,NGC 16,NGC 16,Galaxy,Pegasus,12.0,2.1,0,9.1,+,27,44,,True,75.15,162.84,4h13m,19h58m,7.2
7,NGC 20,NGC 20,Galaxy,Andromeda,15.0,2.0,0,9.5,+,33,19,,True,80.41,153.95,3h42m,20h30m,7.73
8,NGC 23,NGC 23,Galaxy,Pegasus,12.0,2.3,0,9.9,+,25,55,,True,73.35,163.77,4h23m,19h49m,7.05
9,NGC 24,NGC 24,Galaxy,Sculptor,11.5,5.5,0,9.9,-,24,58,,True,22.87,174.96,7h46m,16h26m,3.67
10,NGC 26,NGC 26,Galaxy,Pegasus,14.0,2.2,0,10.4,+,25,50,,True,73.23,163.44,4h24m,19h49m,7.05
11,NGC 29,NGC 29,Galaxy,Andromeda,14.0,1.8,0,10.8,+,33,21,,True,80.35,152.43,3h43m,20h32m,7.77
12,NGC 36,NGC 36,Galaxy,Pisces,15.0,2.4,0,11.4,+,6,23,,True,54.03,170.7,5h46m,18h30m,5.73
13,NGC 40,NGC 40,Planetary Nebula,Cepheus,11.0,0.6,0,13.0,+,72,32,,True,59.39,3.46,---,---,---
14,NGC 45,NGC 45,Galaxy,Cetus,10.4,8.1,0,14.1,-,23,11,,True,24.57,173.78,7h42m,16h39m,3.88
15,NGC 48,NGC 48,Galaxy,Andromeda,15.0,1.7,0,14.0,+,48,14,,True,82.45,32.82,---,---,---
16,NGC 51,NGC 51,Galaxy,Andromeda,15.0,1.8,0,14.6,+,48,15,,True,82.38,33.27,---,---,---
17,NGC 55,NGC 55,Galaxy,Sculptor,8.0,32.0,0,14.9,-,39,11,,True,8.66,175.02,9h21m,15h02m,2.27
18,NGC 63,NGC 63,Galaxy,Pisces,13.0,1.9,0,17.7,+,11,27,,True,58.8,166.52,5h33m,18h55m,6.15
19,NGC 67,NGC 67,Galaxy,Andromeda,16.0,0.4,0,18.2,+,30,4,,True,76.7,151.88,4h10m,20h19m,7.55
20,NGC 68,NGC 68,Galaxy,Andromeda,13.0,1.5,0,18.3,+,30,4,,True,76.7,151.82,4h10m,20h20m,7.57
21,NGC 69,NGC 69,Galaxy,Andromeda,14.8,0.4,0,18.3,+,30,2,,True,76.67,151.84,4h10m,20h19m,7.55
22,NGC 70,NGC 70,Galaxy,Andromeda,15.0,1.7,0,18.4,+,30,5,,True,76.71,151.74,4h10m,20h20m,7.57
23,NGC 71,NGC 71,Galaxy,Andromeda,13.0,1.8,0,18.4,+,30,4,,True,76.69,151.76,4h10m,20h20m,7.57
24,NGC 72,NGC 72,Galaxy,Andromeda,13.4,1.4,0,18.5,+,30,2,,True,76.66,151.73,4h10m,20h20m,7.57
25,NGC 80,NGC 80,Galaxy,Andromeda,12.1,2.5,0,21.2,+,22,21,,True,69.24,158.91,4h52m,19h44m,6.97
26,NGC 83,NGC 83,Galaxy,Andromeda,12.6,1.6,0,21.4,+,22,26,,True,69.3,158.73,4h51m,19h44m,6.97
27,NGC 95,NGC 95,Galaxy,Pisces,12.6,1.9,0,22.2,+,10,30,,True,57.66,164.82,5h41m,18h56m,6.17
28,NGC 99,NGC 99,Galaxy,Pisces,14.0,1.7,0,24.0,+,15,47,,True,62.71,161.64,5h22m,19h18m,6.53
29,NGC 103,NGC 103,Open Cluster,Cassiopeia,9.8,5.0,0,25.3,+,61,21,,True,69.97,12.51,---,---,---
31,NGC 105,NGC 105,Galaxy,Pisces,13.2,1.2,0,25.3,+,12,53,,True,59.83,162.43,5h35m,19h08m,6.37
32,NGC 120,NGC 120,Galaxy,Cetus,15.0,1.8,0,27.5,-,1,31,,True,45.62,166.34,6h30m,18h18m,5.53
34,NGC 124,NGC 124,Galaxy,Cetus,14.0,1.6,0,27.9,-,1,49,,True,45.31,166.28,6h32m,18h17m,5.52
35,NGC 125,NGC 125,Galaxy,Pisces,12.3,2.0,0,28.8,+,2,50,,True,49.83,164.65,6h16m,18h35m,5.82
36,NGC 126,NGC 126,Galaxy,Pisces,16.0,1.4,0,29.1,+,2,49,,True,49.79,164.54,6h16m,18h35m,5.82
37,NGC 127,NGC 127,Galaxy,Pisces,14.0,1.0,0,29.2,+,2,52,,True,49.85,164.5,6h16m,18h35m,5.82
38,NGC 128,NGC 128,Galaxy,Pisces,11.6,3.4,0,29.2,+,2,51,,True,49.84,164.48,6h16m,18h35m,5.82
39,NGC 129,NGC 129,Open Cluster,Cassiopeia,6.5,21.0,0,29.9,+,60,14,,True,70.8,15.39,---,---,---
40,NGC 130,NGC 130,Galaxy,Pisces,14.3,0.9,0,29.3,+,2,52,,True,49.84,164.46,6h16m,18h35m,5.82
41,NGC 132,NGC 132,Galaxy,Cetus,14.0,2.0,0,30.2,+,2,6,,True,49.04,164.37,6h20m,18h33m,5.78
42,NGC 133,NGC 133,Open Cluster,Cassiopeia,9.0,7.0,0,31.2,+,63,22,,True,67.83,12.41,---,---,---
43,NGC 134,NGC 134,Galaxy,Sculptor,10.1,8.1,0,30.4,-,33,15,,True,14.2,171.19,8h52m,16h01m,3.25
44,NGC 145,NGC 145,Galaxy,Cetus,12.8,1.8,0,31.7,-,5,9,,True,41.85,165.8,6h48m,18h09m,5.38
45,NGC 146,NGC 146,Open Cluster,Cassiopeia,9.1,7.0,0,33.1,+,63,18,,True,67.81,13.0,---,---,---
46,NGC 147,NGC 147,Galaxy,Cassiopeia,9.3,12.0,0,33.2,+,48,30,,True,79.97,46.14,---,---,---
47,NGC 148,NGC 148,Galaxy,Sculptor,12.1,2.4,0,34.3,-,31,47,,True,15.52,170.13,8h47m,16h14m,3.47
48,NGC 150,NGC 150,Galaxy,Sculptor,11.1,4.2,0,34.3,-,27,48,,True,19.44,169.5,8h25m,16h36m,3.83
49,NGC 151,NGC 151,Galaxy,Cetus,11.5,3.7,0,34.0,-,9,42,,True,37.28,166.15,7h07m,17h54m,5.13
50,NGC 157,NGC 157,Galaxy,Cetus,10.4,4.3,0,34.8,-,8,24,,True,38.53,165.62,7h03m,18h00m,5.23
51,NGC 160,NGC 160,Galaxy,Andromeda,12.4,3.2,0,36.1,+,23,57,,True,69.5,148.21,4h59m,20h06m,7.33
52,NGC 163,NGC 163,Galaxy,Cetus,12.8,1.4,0,36.0,-,10,7,,True,36.78,165.65,7h10m,17h55m,5.15
53,NGC 165,NGC 165,Galaxy,Cetus,13.2,1.6,0,36.5,-,10,6,,True,36.77,165.5,7h11m,17h55m,5.15
54,NGC 169,NGC 169,Galaxy,Andromeda,13.0,3.0,0,36.9,+,23,59,,True,69.45,147.7,5h00m,20h07m,7.35
55,NGC 173,NGC 173,Galaxy,Cetus,15.0,3.5,0,37.2,+,1,56,,True,48.51,161.82,6h28m,18h40m,5.9
56,NGC 175,NGC 175,Galaxy,Cetus,12.1,2.6,0,37.4,-,19,56,,True,27.08,167.35,7h51m,17h17m,4.52
57,NGC 178,NGC 178,Galaxy,Cetus,12.6,2.0,0,39.1,-,14,10,,True,32.66,165.66,7h29m,17h42m,4.93
58,NGC 180,NGC 180,Galaxy,Pisces,14.0,2.6,0,38.0,+,8,38,,True,54.94,158.81,6h04m,19h05m,6.32
59,NGC 182,NGC 182,Galaxy,Pisces,12.6,2.3,0,38.2,+,2,44,,True,49.21,161.17,6h26m,18h44m,5.97
60,NGC 185,NGC 185,Galaxy,Cassiopeia,9.2,11.0,0,39.0,+,48,20,,True,79.27,49.87,---,---,---
61,NGC 188,NGC 188,Open Cluster,Cepheus,8.1,14.0,0,44.0,+,85,20,,True,46.63,1.75,---,---,---
62,NGC 189,NGC 189,Open Cluster,Cassiopeia,8.8,4.0,0,39.6,+,61,4,,True,69.49,17.35,---,---,---
63,NGC 190,NGC 190,Galaxy,Pisces,14.0,1.0,0,38.9,+,7,2,,True,53.36,159.15,6h11m,19h00m,6.23
64,NGC 191,NGC 191,Galaxy,Cetus,12.0,1.5,0,39.0,-,9,0,,True,37.73,164.47,7h09m,18h02m,5.27
65,NGC 192,NGC 192,Galaxy,Cetus,14.0,2.3,0,39.3,+,0,51,,True,47.34,161.47,6h33m,18h38m,5.87
66,NGC 193,NGC 193,Galaxy,Pisces,12.3,1.7,0,39.3,+,3,20,,True,49.73,160.53,6h25m,18h47m,6.02
67,NGC 194,NGC 194,Galaxy,Pisces,12.1,1.9,0,39.3,+,3,2,,True,49.45,160.65,6h26m,18h46m,6.0
68,NGC 198,NGC 198,Galaxy,Pisces,12.8,1.3,0,39.4,+,2,48,,True,49.21,160.71,6h27m,18h45m,5.98
69,NGC 200,NGC 200,Galaxy,Pisces,14.0,2.0,0,39.6,+,2,53,,True,49.29,160.6,6h27m,18h45m,5.98
70,NGC 201,NGC 201,Galaxy,Cetus,15.0,2.2,0,39.7,+,0,51,,True,47.32,161.34,6h27m,18h45m,5.98
71,NGC 210,NGC 210,Galaxy,Cetus,10.9,5.4,0,40.6,-,13,52,,True,32.89,165.18,7h29m,17h45m,4.98
72,NGC 214,NGC 214,Galaxy,Andromeda,12.2,2.1,0,41.5,+,25,30,,True,70.3,142.97,4h57m,20h19m,7.55
73,NGC 216,NGC 216,Galaxy,Cetus,13.3,1.8,0,41.4,-,21,3,,True,25.81,166.52,8h00m,17h16m,4.5
74,NGC 225,NGC 225,Open Cluster,Cassiopeia,7.0,12.0,0,43.4,+,61,47,,True,68.67,17.72,---,---,---
75,NGC 227,NGC 227,Galaxy,Cetus,13.0,2.1,0,42.6,-,1,32,,True,44.82,161.1,6h45m,18h33m,5.78
76,NGC 237,NGC 237,Galaxy,Cetus,14.0,1.8,0,43.5,-,0,7,,True,46.13,160.32,6h41m,18h38m,5.87
77,NGC 244,NGC 244,Galaxy,Cetus,13.3,1.3,0,45.8,-,15,36,,True,30.94,164.15,7h41m,17h43m,4.95
78,NGC 245,NGC 245,Galaxy,Cetus,13.0,1.4,0,46.1,-,1,44,,True,44.42,159.99,6h50m,18h35m,5.82
79,NGC 246,NGC 246,Planetary Nebula,Cetus,8.0,3.8,0,47.0,-,11,53,,True,34.51,162.83,7h28m,17h59m,5.22
80,NGC 247,NGC 247,Galaxy,Cetus,8.9,20.0,0,47.1,-,20,46,,True,25.83,165.01,8h04m,17h23m,4.62
81,NGC 252,NGC 252,Galaxy,Andromeda,13.0,1.8,0,48.0,+,27,38,,True,71.3,135.72,4h53m,20h36m,7.83
82,NGC 253,NGC 253,Galaxy,Sculptor,7.1,25.0,0,47.6,-,25,17,,True,21.39,165.91,8h25m,17h02m,4.27
83,NGC 254,NGC 254,Galaxy,Sculptor,11.8,2.1,0,47.5,-,31,25,,True,15.39,167.2,8h58m,16h30m,3.73
84,NGC 255,NGC 255,Galaxy,Cetus,11.8,3.1,0,47.8,-,11,28,,True,34.86,162.5,7h27m,18h01m,5.25
85,NGC 257,NGC 257,Galaxy,Pisces,14.0,2.1,0,48.1,+,8,19,,True,53.88,154.9,6h15m,19h14m,6.47
86,NGC 260,NGC 260,Galaxy,Andromeda,14.0,1.0,0,48.6,+,27,42,,True,71.28,135.29,4h53m,20h37m,7.85
87,NGC 262,NGC 262,Galaxy,Andromeda,15.0,1.4,0,48.8,+,31,57,,True,74.49,125.71,4h29m,21h01m,8.25
88,NGC 266,NGC 266,Galaxy,Pisces,13.0,3.2,0,49.8,+,32,16,,True,74.56,124.29,4h28m,21h04m,8.3
89,NGC 268,NGC 268,Galaxy,Cetus,13.0,1.7,0,50.2,-,5,12,,True,40.8,159.86,7h06m,18h27m,5.68
90,NGC 271,NGC 271,Galaxy,Cetus,13.0,2.5,0,50.8,-,1,53,,True,43.93,158.51,6h55m,18h39m,5.88
91,NGC 273,NGC 273,Galaxy,Cetus,13.0,2.6,0,50.8,-,6,53,,True,39.13,160.22,7h13m,18h21m,5.58
92,NGC 274,NGC 274,Galaxy,Cetus,13.0,1.7,0,51.0,-,7,3,,True,38.95,160.21,7h14m,18h21m,5.58
93,NGC 275,NGC 275,Galaxy,Cetus,12.5,1.5,0,51.1,-,7,4,,True,38.94,160.2,7h14m,18h21m,5.58
94,NGC 278,NGC 278,Galaxy,Cassiopeia,10.9,2.2,0,52.1,+,47,33,,True,77.64,58.21,1h27m,0h14m,11.47
95,NGC 279,NGC 279,Galaxy,Cetus,14.0,1.8,0,52.3,-,2,12,,True,43.54,158.14,6h57m,18h40m,5.9
96,NGC 281,NGC 281,Cluster Nebulosity,Cassiopeia,7.0,35.0,0,52.8,+,56,37,,True,72.31,29.44,---,---,---
97,NGC 288,NGC 288,Globular Cluster,Sculptor,8.1,13.0,0,52.8,-,26,35,,True,19.88,164.97,8h37m,17h01m,4.25
98,NGC 289,NGC 289,Galaxy,Sculptor,12.0,3.7,0,52.7,-,31,12,,True,15.38,166.02,9h02m,16h36m,3.83
99,NGC 300,NGC 300,Galaxy,Sculptor,9.0,20.0,0,54.9,-,37,41,,True,8.99,166.96,9h48m,15h54m,3.13
100,NGC 309,NGC 309,Galaxy,Cetus,11.8,3.1,0,56.7,-,9,55,,True,35.83,159.43,7h30m,18h16m,5.5
101,NGC 315,NGC 315,Galaxy,Pisces,13.0,3.2,0,57.8,+,30,21,,True,71.99,124.92,4h48m,21h01m,8.25
102,NGC 326,NGC 326,Galaxy,Pisces,13.2,1.5,0,58.4,+,26,52,,True,69.3,131.64,5h07m,20h42m,7.93
103,NGC 327,NGC 327,Galaxy,Cetus,13.0,1.9,0,57.9,-,5,8,,True,40.34,157.39,7h14m,18h35m,5.82
104,NGC 329,NGC 329,Galaxy,Cetus,13.0,1.9,0,58.0,-,5,4,,True,40.39,157.33,7h14m,18h35m,5.82
106,NGC 337,NGC 337,Galaxy,Cetus,11.6,2.8,0,59.8,-,7,35,,True,37.86,157.7,7h25m,18h28m,5.7
109,NGC 352,NGC 352,Galaxy,Cetus,13.0,2.7,1,2.1,-,4,15,,True,40.87,155.72,7h15m,18h42m,5.93
110,NGC 354,NGC 354,Galaxy,Pisces,14.0,0.9,1,3.3,+,22,20,,True,64.99,136.19,5h34m,20h26m,7.67
111,NGC 357,NGC 357,Galaxy,Cetus,11.8,2.6,1,3.4,-,6,20,,True,38.79,156.17,7h24m,18h36m,5.83
114,NGC 375,NGC 375,Galaxy,Pisces,16.0,1.3,1,7.1,+,32,21,,True,71.83,115.88,4h45m,21h22m,8.6
115,NGC 379,NGC 379,Galaxy,Pisces,12.6,1.8,1,7.3,+,32,31,,True,71.9,115.37,4h44m,21h23m,8.62
116,NGC 380,NGC 380,Galaxy,Pisces,12.5,1.6,1,7.3,+,32,29,,True,71.88,115.45,4h45m,21h23m,8.62
117,NGC 381,NGC 381,Open Cluster,Cassiopeia,9.0,6.0,1,8.3,+,61,35,,True,67.18,24.43,---,---,---
118,NGC 382,NGC 382,Galaxy,Pisces,14.0,0.4,1,7.4,+,32,24,,True,71.81,115.61,4h45m,21h22m,8.6
119,NGC 383,NGC 383,Galaxy,Pisces,11.9,2.3,1,7.4,+,32,25,,True,71.81,115.58,4h45m,21h22m,8.6
120,NGC 384,NGC 384,Galaxy,Pisces,13.0,1.1,1,7.4,+,32,18,,True,71.74,115.88,4h46m,21h22m,8.6
121,NGC 385,NGC 385,Galaxy,Pisces,12.9,1.5,1,7.4,+,32,19,,True,71.75,115.8,4h46m,21h22m,8.6
122,NGC 386,NGC 386,Galaxy,Pisces,14.1,0.9,1,7.5,+,32,22,,True,71.76,115.67,4h46m,21h22m,8.6
123,NGC 388,NGC 388,Galaxy,Pisces,14.3,0.8,1,7.8,+,32,19,,True,71.69,115.69,4h46m,21h22m,8.6
124,NGC 403,NGC 403,Galaxy,Pisces,13.0,2.1,1,9.2,+,32,45,,True,71.71,113.98,4h45m,21h26m,8.67
125,NGC 404,NGC 404,Galaxy,Andromeda,10.1,4.4,1,9.4,+,35,43,,True,73.26,105.56,4h25m,21h46m,9.0
127,NGC 407,NGC 407,Galaxy,Pisces,14.0,2.0,1,10.6,+,33,7,,True,71.69,112.48,4h44m,21h30m,8.73
128,NGC 410,NGC 410,Galaxy,Pisces,13.0,2.6,1,11.0,+,33,9,,True,71.64,112.27,4h44m,21h31m,8.75
130,NGC 418,NGC 418,Galaxy,Sculptor,13.0,2.3,1,10.6,-,30,13,,True,15.42,161.9,9h14m,17h00m,4.23
132,NGC 428,NGC 428,Galaxy,Cetus,11.4,4.1,1,12.9,+,0,59,,True,44.87,149.84,7h07m,19h12m,6.43
134,NGC 436,NGC 436,Open Cluster,Cassiopeia,8.8,6.0,1,15.6,+,58,49,,True,68.5,31.36,---,---,---
135,NGC 442,NGC 442,Galaxy,Cetus,15.0,1.2,1,14.6,-,1,1,,True,42.86,150.32,7h16m,19h06m,6.33
136,NGC 447,NGC 447,Galaxy,Pisces,14.0,2.6,1,15.6,+,33,4,,True,70.79,110.78,4h49m,21h35m,8.82
137,NGC 449,NGC 449,Galaxy,Pisces,14.3,0.7,1,16.1,+,33,5,,True,70.72,110.55,4h50m,21h35m,8.82
138,NGC 450,NGC 450,Galaxy,Cetus,12.1,3.2,1,15.5,-,0,52,,True,42.93,149.96,7h16m,19h08m,6.37
139,NGC 457,NGC 457,Open Cluster,Cassiopeia,6.4,13.0,1,19.1,+,58,20,,True,68.48,33.28,---,---,---
140,NGC 467,NGC 467,Galaxy,Pisces,11.9,2.4,1,19.2,+,3,18,,True,46.4,146.49,7h04m,19h26m,6.67
141,NGC 470,NGC 470,Galaxy,Pisces,11.9,3.0,1,19.7,+,3,25,,True,46.44,146.23,7h05m,19h27m,6.68
142,NGC 473,NGC 473,Galaxy,Pisces,13.0,2.2,1,19.9,+,16,33,,True,57.99,135.95,6h15m,20h17m,7.52
143,NGC 474,NGC 474,Galaxy,Pisces,11.1,7.9,1,20.1,+,3,25,,True,46.4,146.11,7h05m,19h28m,6.7
144,NGC 485,NGC 485,Galaxy,Pisces,14.0,1.9,1,21.4,+,7,1,,True,49.51,143.34,6h53m,19h42m,6.93
145,NGC 488,NGC 488,Galaxy,Pisces,10.3,5.2,1,21.8,+,5,15,,True,47.89,144.41,7h00m,19h36m,6.83
146,NGC 491,NGC 491,Galaxy,Sculptor,13.0,1.5,1,21.4,-,34,3,,True,11.12,160.77,9h48m,16h47m,4.02
147,NGC 493,NGC 493,Galaxy,Cetus,12.5,3.8,1,22.2,+,0,57,,True,43.94,146.89,7h16m,19h21m,6.58
148,NGC 495,NGC 495,Galaxy,Pisces,13.2,1.5,1,22.9,+,33,28,,True,69.73,107.32,4h54m,21h44m,8.97
149,NGC 497,NGC 497,Galaxy,Cetus,14.0,2.4,1,22.4,-,0,53,,True,42.25,147.81,7h23m,19h15m,6.48
150,NGC 499,NGC 499,Galaxy,Pisces,12.0,2.0,1,23.2,+,33,28,,True,69.68,107.26,4h54m,21h45m,8.98
151,NGC 507,NGC 507,Galaxy,Pisces,11.2,4.3,1,23.7,+,33,15,,True,69.49,107.61,4h56m,21h44m,8.97
152,NGC 508,NGC 508,Galaxy,Pisces,12.8,1.6,1,23.7,+,33,17,,True,69.5,107.55,4h56m,21h44m,8.97
153,NGC 509,NGC 509,Galaxy,Pisces,15.0,1.7,1,23.4,+,9,26,,True,51.43,140.92,6h46m,19h53m,7.12
154,NGC 514,NGC 514,Galaxy,Pisces,11.9,3.5,1,24.1,+,12,55,,True,54.38,137.84,6h34m,20h07m,7.35
155,NGC 516,NGC 516,Galaxy,Pisces,14.0,1.6,1,24.1,+,9,33,,True,51.45,140.58,6h47m,19h54m,7.13
156,NGC 518,NGC 518,Galaxy,Pisces,14.0,1.9,1,24.3,+,9,20,,True,51.24,140.69,6h47m,19h54m,7.13
157,NGC 520,NGC 520,Galaxy,Pisces,11.2,4.8,1,24.6,+,3,48,,True,46.27,144.42,7h08m,19h34m,6.8
158,NGC 521,NGC 521,Galaxy,Cetus,13.0,3.4,1,24.6,+,1,44,,True,44.41,145.67,7h16m,19h26m,6.67
159,NGC 522,NGC 522,Galaxy,Pisces,14.0,2.8,1,24.8,+,10,0,,True,51.76,140.02,6h45m,19h57m,7.18
160,NGC 523,NGC 523,Galaxy,Andromeda,14.0,3.1,1,25.3,+,34,2,,True,69.59,105.21,4h53m,21h51m,9.08
161,NGC 524,NGC 524,Galaxy,Pisces,10.6,3.2,1,24.8,+,9,32,,True,51.36,140.36,6h47m,19h55m,7.15
162,NGC 530,NGC 530,Galaxy,Cetus,14.0,1.9,1,24.7,-,1,35,,True,41.37,147.48,7h28m,19h14m,6.47
163,NGC 532,NGC 532,Galaxy,Pisces,14.0,2.8,1,25.3,+,9,16,,True,51.06,140.4,6h49m,19h54m,7.13
164,NGC 533,NGC 533,Galaxy,Cetus,13.0,3.7,1,25.5,+,1,46,,True,44.34,145.35,7h16m,19h27m,6.68
165,NGC 535,NGC 535,Galaxy,Cetus,15.0,1.3,1,25.5,-,1,25,,True,41.45,147.14,7h28m,19h16m,6.5
166,NGC 536,NGC 536,Galaxy,Andromeda,13.0,3.7,1,26.4,+,34,43,,True,69.74,103.21,4h49m,21h56m,9.17
167,NGC 538,NGC 538,Galaxy,Cetus,15.0,1.3,1,25.4,-,1,33,,True,41.33,147.24,7h28m,19h15m,6.48
168,NGC 539,NGC 539,Galaxy,Cetus,14.0,1.8,1,25.3,-,18,9,,True,25.89,154.59,8h31m,18h12m,5.43
169,NGC 541,NGC 541,Galaxy,Cetus,12.0,2.7,1,25.7,-,1,23,,True,41.46,147.05,7h28m,19h16m,6.5
170,NGC 543,NGC 543,Galaxy,Cetus,13.3,0.7,1,25.8,-,1,18,,True,41.53,146.98,7h28m,19h17m,6.52
171,NGC 545,NGC 545,Galaxy,Cetus,14.0,3.0,1,26.0,-,1,20,,True,41.47,146.96,7h28m,19h17m,6.52
172,NGC 547,NGC 547,Galaxy,Cetus,12.3,1.7,1,26.0,-,1,21,,True,41.46,146.95,7h28m,19h17m,6.52
173,NGC 550,NGC 550,Galaxy,Cetus,14.0,1.7,1,26.7,+,2,1,,True,44.45,144.82,7h17m,19h29m,6.72
174,NGC 559,NGC 559,Open Cluster,Cassiopeia,9.5,4.0,1,29.5,+,63,18,,True,64.25,25.91,---,---,---
175,NGC 560,NGC 560,Galaxy,Cetus,12.9,2.3,1,27.4,-,1,55,,True,40.8,146.83,7h32m,19h16m,6.5
176,NGC 562,NGC 562,Galaxy,Andromeda,15.0,1.5,1,28.4,+,48,23,,True,71.55,61.42,---,---,---
177,NGC 564,NGC 564,Galaxy,Cetus,12.5,1.8,1,27.8,-,1,53,,True,40.79,146.7,7h32m,19h16m,6.5
178,NGC 565,NGC 565,Galaxy,Cetus,15.0,1.6,1,28.2,-,1,18,,True,41.28,146.28,7h30m,19h19m,6.55
179,NGC 570,NGC 570,Galaxy,Cetus,14.0,2.5,1,29.0,-,0,57,,True,41.52,145.83,7h30m,19h21m,6.58
180,NGC 578,NGC 578,Galaxy,Cetus,10.9,4.8,1,30.5,-,22,40,,True,21.25,155.02,8h56m,17h58m,5.2
181,NGC 584,NGC 584,Galaxy,Cetus,10.4,3.8,1,31.3,-,6,52,,True,35.87,148.22,7h53m,19h02m,6.27
182,NGC 586,NGC 586,Galaxy,Cetus,13.2,1.6,1,31.6,-,6,54,,True,35.82,148.15,7h54m,19h02m,6.27
183,NGC 596,NGC 596,Galaxy,Cetus,10.9,3.5,1,32.9,-,7,2,,True,35.57,147.87,7h56m,19h03m,6.28
184,NGC 600,NGC 600,Galaxy,Cetus,12.4,3.5,1,33.1,-,7,19,,True,35.29,147.94,7h57m,19h02m,6.27
185,NGC 609,NGC 609,Open Cluster,Cassiopeia,11.0,3.0,1,37.2,+,64,33,,True,62.86,25.06,---,---,---
186,NGC 613,NGC 613,Galaxy,Sculptor,10.0,5.8,1,34.3,-,29,25,,True,14.63,156.58,9h33m,17h28m,4.7
187,NGC 615,NGC 615,Galaxy,Cetus,11.5,4.0,1,35.1,-,7,20,,True,35.07,147.4,7h59m,19h04m,6.3
188,NGC 622,NGC 622,Galaxy,Cetus,14.0,2.0,1,36.0,+,0,40,,True,42.21,142.77,7h31m,19h34m,6.8
189,NGC 625,NGC 625,Galaxy,Phoenix,12.0,3.0,1,35.1,-,41,26,,True,3.4,160.5,11h03m,16h00m,3.23
190,NGC 636,NGC 636,Galaxy,Cetus,11.3,2.3,1,39.1,-,7,31,,True,34.5,146.38,8h04m,19h07m,6.35
191,NGC 637,NGC 637,Open Cluster,Cassiopeia,8.2,4.0,1,42.9,+,64,0,,True,62.64,26.92,---,---,---
192,NGC 654,NGC 654,Open Cluster,Cassiopeia,6.5,5.0,1,44.1,+,61,53,,True,63.88,30.84,---,---,---
193,NGC 658,NGC 658,Galaxy,Pisces,14.0,3.2,1,42.2,+,12,35,,True,51.74,131.94,6h53m,20h24m,7.63
194,NGC 659,NGC 659,Open Cluster,Cassiopeia,7.9,5.0,1,44.2,+,60,42,,True,64.54,33.19,---,---,---
195,NGC 660,NGC 660,Galaxy,Pisces,10.8,9.1,1,43.0,+,13,38,,True,52.47,130.68,6h50m,20h29m,7.72
196,NGC 661,NGC 661,Galaxy,Triangulum,13.0,2.2,1,44.2,+,28,42,,True,63.27,110.62,5h43m,21h38m,8.87
197,NGC 662,NGC 662,Galaxy,Andromeda,14.3,1.0,1,44.5,+,37,41,,True,67.61,91.54,4h45m,22h36m,9.83
198,NGC 663,NGC 663,Open Cluster,Cassiopeia,7.1,16.0,1,46.0,+,61,15,,True,64.05,32.38,---,---,---
199,NGC 664,NGC 664,Galaxy,Pisces,14.0,1.8,1,43.8,+,4,14,,True,44.43,138.11,7h26m,19h54m,7.13
200,NGC 668,NGC 668,Galaxy,Andromeda,14.0,2.3,1,46.3,+,36,27,,True,66.82,94.17,4h57m,22h29m,9.72
201,NGC 669,NGC 669,Galaxy,Triangulum,13.0,3.4,1,47.2,+,35,33,,True,66.29,96.05,5h04m,22h23m,9.62
202,NGC 670,NGC 670,Galaxy,Triangulum,12.1,2.5,1,47.4,+,27,53,,True,62.22,111.1,5h51m,21h37m,8.85
203,NGC 672,NGC 672,Galaxy,Triangulum,10.8,6.6,1,47.9,+,27,26,,True,61.85,111.7,5h54m,21h35m,8.82
204,NGC 673,NGC 673,Galaxy,Aries,13.0,2.4,1,48.4,+,11,32,,True,49.98,130.94,7h03m,20h26m,7.67
205,NGC 676,NGC 676,Galaxy,Pisces,11.0,4.3,1,49.0,+,5,54,,True,45.21,135.33,7h25m,20h06m,7.33
206,NGC 678,NGC 678,Galaxy,Aries,13.0,5.0,1,49.4,+,22,0,,True,57.93,119.26,6h21m,21h10m,8.4
207,NGC 679,NGC 679,Galaxy,Andromeda,12.4,2.3,1,49.7,+,35,47,,True,65.93,95.04,5h05m,22h27m,9.68
208,NGC 680,NGC 680,Galaxy,Aries,13.0,2.9,1,49.8,+,21,58,,True,57.85,119.17,6h22m,21h10m,8.4
209,NGC 681,NGC 681,Galaxy,Cetus,11.8,2.8,1,49.2,-,10,26,,True,30.81,145.17,8h24m,19h06m,6.33
210,NGC 684,NGC 684,Galaxy,Triangulum,13.0,3.9,1,50.2,+,27,39,,True,61.58,110.67,5h55m,21h38m,8.87
212,NGC 691,NGC 691,Galaxy,Aries,12.0,3.5,1,50.7,+,21,46,,True,57.55,119.17,6h24m,21h10m,8.4
213,NGC 693,NGC 693,Galaxy,Pisces,14.0,2.7,1,50.5,+,6,9,,True,45.21,134.68,7h25m,20h08m,7.37
214,NGC 694,NGC 694,Galaxy,Aries,14.0,0.8,1,51.0,+,22,0,,True,57.67,118.77,6h23m,21h12m,8.43
215,NGC 695,NGC 695,Galaxy,Aries,14.0,0.7,1,51.2,+,22,35,,True,58.05,117.91,6h20m,21h15m,8.48
216,NGC 697,NGC 697,Galaxy,Aries,13.0,4.7,1,51.3,+,22,21,,True,57.88,118.2,6h22m,21h14m,8.47
217,NGC 701,NGC 701,Galaxy,Cetus,12.2,2.5,1,51.1,-,9,42,,True,31.26,144.31,8h24m,19h11m,6.42
218,NGC 702,NGC 702,Galaxy,Cetus,14.0,1.5,1,51.3,-,4,3,,True,36.27,141.17,8h03m,19h32m,6.77
219,NGC 703,NGC 703,Galaxy,Andromeda,15.0,1.5,1,52.8,+,36,9,,True,65.55,93.6,5h05m,22h33m,9.78
220,NGC 706,NGC 706,Galaxy,Pisces,13.0,2.2,1,51.8,+,6,18,,True,45.16,134.17,7h26m,20h10m,7.4
221,NGC 708,NGC 708,Galaxy,Andromeda,15.0,3.3,1,52.8,+,36,10,,True,65.52,93.62,5h05m,22h33m,9.78
222,NGC 718,NGC 718,Galaxy,Pisces,11.7,2.8,1,53.2,+,4,12,,True,43.2,135.32,7h35m,20h04m,7.3
223,NGC 720,NGC 720,Galaxy,Cetus,10.2,4.4,1,53.0,-,13,44,,True,27.43,145.83,8h41m,18h57m,6.18
224,NGC 721,NGC 721,Galaxy,Andromeda,13.4,2.0,1,54.8,+,39,23,,True,66.25,85.85,4h41m,23h01m,10.25
225,NGC 731,NGC 731,Galaxy,Cetus,13.0,1.7,1,54.9,-,9,1,,True,31.46,142.95,8h25m,19h17m,6.52
226,NGC 735,NGC 735,Galaxy,Triangulum,14.0,2.0,1,56.6,+,34,11,,True,63.96,97.02,5h23m,22h23m,9.62
227,NGC 736,NGC 736,Galaxy,Triangulum,12.2,2.0,1,56.7,+,33,3,,True,63.42,99.27,5h30m,22h15m,9.48
228,NGC 740,NGC 740,Galaxy,Triangulum,15.0,1.7,1,56.9,+,33,1,,True,63.36,99.27,5h31m,22h15m,9.48
229,NGC 741,NGC 741,Galaxy,Pisces,11.3,3.2,1,56.4,+,5,38,,True,44.0,133.35,7h33m,20h12m,7.43
230,NGC 742,NGC 742,Galaxy,Pisces,15.0,0.2,1,56.5,+,5,38,,True,43.99,133.34,7h33m,20h12m,7.43
231,NGC 744,NGC 744,Open Cluster,Perseus,7.9,11.0,1,58.4,+,55,29,,True,65.18,46.13,---,---,---
232,NGC 746,NGC 746,Galaxy,Andromeda,13.0,1.9,1,57.9,+,44,56,,True,66.7,71.93,3h39m,0h13m,11.45
233,NGC 750,NGC 750,Galaxy,Triangulum,12.2,1.6,1,57.5,+,33,13,,True,63.34,98.75,5h30m,22h17m,9.52
234,NGC 751,NGC 751,Galaxy,Triangulum,12.5,1.3,1,57.6,+,33,12,,True,63.34,98.76,5h30m,22h17m,9.52
235,NGC 753,NGC 753,Galaxy,Andromeda,12.4,2.9,1,57.7,+,35,55,,True,64.51,93.19,5h12m,22h36m,9.83
236,NGC 759,NGC 759,Galaxy,Andromeda,14.0,2.1,1,57.8,+,36,20,,True,64.65,92.25,5h09m,22h39m,9.88
237,NGC 761,NGC 761,Galaxy,Triangulum,15.0,1.6,1,57.8,+,33,23,,True,63.37,98.36,5h29m,22h19m,9.55
238,NGC 770,NGC 770,Galaxy,Aries,14.0,1.3,1,59.2,+,18,57,,True,54.14,120.03,6h44m,21h07m,8.35
239,NGC 772,NGC 772,Galaxy,Aries,10.3,7.1,1,59.3,+,19,1,,True,54.16,119.94,6h44m,21h07m,8.35
240,NGC 777,NGC 777,Galaxy,Triangulum,12.0,3.0,2,0.2,+,31,26,,True,61.96,101.48,5h44m,22h09m,9.38
241,NGC 779,NGC 779,Galaxy,Cetus,11.0,4.1,1,59.7,-,5,58,,True,33.6,140.03,8h18m,19h33m,6.78
243,NGC 783,NGC 783,Galaxy,Triangulum,13.0,1.8,2,1.1,+,31,52,,True,62.03,100.45,5h42m,22h13m,9.45
244,NGC 784,NGC 784,Galaxy,Triangulum,11.8,6.2,2,1.3,+,28,50,,True,60.34,105.71,6h00m,21h55m,9.15
245,NGC 788,NGC 788,Galaxy,Cetus,12.3,1.8,2,1.1,-,6,49,,True,32.68,140.15,8h23m,19h32m,6.77
246,NGC 803,NGC 803,Galaxy,Aries,12.4,3.3,2,3.8,+,16,2,,True,51.25,121.93,7h01m,20h59m,8.22
247,NGC 812,NGC 812,Galaxy,Andromeda,13.0,3.2,2,6.8,+,44,34,,True,65.07,72.41,3h53m,0h17m,11.52
248,NGC 818,NGC 818,Galaxy,Andromeda,13.0,3.2,2,8.7,+,38,47,,True,63.48,85.3,5h00m,23h09m,10.38
249,NGC 821,NGC 821,Galaxy,Aries,10.8,3.5,2,8.4,+,11,0,,True,46.65,125.49,7h25m,20h44m,7.97
250,NGC 828,NGC 828,Galaxy,Andromeda,13.0,3.2,2,10.2,+,39,12,,True,63.35,84.23,4h58m,23h14m,10.47
251,NGC 833,NGC 833,Galaxy,Cetus,12.7,1.9,2,9.3,-,10,8,,True,28.8,139.94,8h43m,19h28m,6.7
252,NGC 835,NGC 835,Galaxy,Cetus,12.2,1.4,2,9.4,-,10,8,,True,28.79,139.92,8h44m,19h28m,6.7
253,NGC 838,NGC 838,Galaxy,Cetus,12.8,1.7,2,9.6,-,10,9,,True,28.75,139.87,8h44m,19h28m,6.7
254,NGC 839,NGC 839,Galaxy,Cetus,13.0,1.8,2,9.7,-,10,11,,True,28.71,139.87,8h44m,19h28m,6.7
255,NGC 840,NGC 840,Galaxy,Cetus,15.0,2.5,2,10.2,+,7,50,,True,43.86,127.66,7h39m,20h34m,7.8
256,NGC 841,NGC 841,Galaxy,Andromeda,13.0,2.0,2,11.3,+,37,30,,True,62.59,87.59,5h14m,23h01m,10.25
257,NGC 848,NGC 848,Galaxy,Cetus,13.1,1.9,2,10.3,-,10,19,,True,28.52,139.81,8h45m,19h28m,6.7
258,NGC 851,NGC 851,Galaxy,Cetus,15.0,1.5,2,11.2,+,3,47,,True,40.41,130.58,7h55m,20h20m,7.57
259,NGC 858,NGC 858,Galaxy,Cetus,13.0,1.6,2,12.5,-,22,27,,True,17.57,145.51,9h37m,18h40m,5.9
260,NGC 863,NGC 863,Galaxy,Cetus,14.0,1.4,2,14.6,-,0,46,,True,36.16,132.9,8h14m,20h07m,7.35
261,NGC 864,NGC 864,Galaxy,Cetus,11.0,4.6,2,15.5,+,6,0,,True,41.61,127.73,7h51m,20h32m,7.77
262,NGC 869,NGC 869,Open Cluster,Perseus,4.0,30.0,2,19.0,+,57,9,,True,61.98,44.52,---,---,---
263,NGC 871,NGC 871,Galaxy,Aries,13.5,1.3,2,17.2,+,14,33,,True,47.99,119.69,7h20m,21h06m,8.33
264,NGC 877,NGC 877,Galaxy,Aries,11.8,2.3,2,18.0,+,14,33,,True,47.86,119.48,7h21m,21h07m,8.35
265,NGC 884,NGC 884,Open Cluster,Perseus,4.0,30.0,2,22.4,+,57,7,,True,61.54,44.79,---,---,---
266,NGC 890,NGC 890,Galaxy,Triangulum,12.0,2.9,2,22.0,+,33,16,,True,58.86,93.65,5h54m,22h42m,9.93
267,NGC 891,NGC 891,Galaxy,Andromeda,10.0,13.0,2,22.6,+,42,21,,True,61.9,76.27,4h39m,23h59m,11.22
268,NGC 898,NGC 898,Galaxy,Andromeda,14.0,2.1,2,23.3,+,41,57,,True,61.67,77.02,4h44m,23h55m,11.15
269,NGC 899,NGC 899,Galaxy,Cetus,13.0,1.9,2,21.9,-,20,48,,True,18.0,142.68,9h39m,18h57m,6.18
270,NGC 906,NGC 906,Galaxy,Andromeda,14.0,2.0,2,25.2,+,42,6,,True,61.35,76.57,4h44m,23h58m,11.2
271,NGC 907,NGC 907,Galaxy,Cetus,13.0,1.9,2,23.0,-,20,43,,True,17.97,142.37,9h40m,18h59m,6.22
272,NGC 908,NGC 908,Galaxy,Cetus,10.2,5.5,2,23.1,-,21,14,,True,17.51,142.63,9h42m,18h56m,6.17
273,NGC 910,NGC 910,Galaxy,Andromeda,15.0,2.3,2,25.4,+,41,50,,True,61.26,77.09,4h48m,23h56m,11.17
274,NGC 918,NGC 918,Galaxy,Aries,13.0,3.4,2,25.9,+,18,30,,True,49.4,113.28,7h13m,21h31m,8.75
275,NGC 922,NGC 922,Galaxy,Fornax,12.2,1.9,2,25.1,-,24,47,,True,14.19,143.99,10h00m,18h42m,5.93
276,NGC 925,NGC 925,Galaxy,Triangulum,10.0,9.8,2,27.3,+,33,35,,True,58.02,92.16,5h58m,22h49m,10.05
277,NGC 926,NGC 926,Galaxy,Cetus,14.0,2.5,2,26.1,-,0,20,,True,34.91,129.66,8h24m,20h20m,7.57
278,NGC 927,NGC 927,Galaxy,Aries,15.0,1.4,2,26.6,+,12,9,,True,44.68,119.5,7h39m,21h07m,8.35
279,NGC 936,NGC 936,Galaxy,Cetus,10.1,5.2,2,27.6,-,1,9,,True,34.02,129.85,8h29m,20h19m,7.55
280,NGC 941,NGC 941,Galaxy,Cetus,12.4,2.8,2,28.5,-,1,9,,True,33.91,129.64,8h30m,20h20m,7.57
281,NGC 945,NGC 945,Galaxy,Cetus,12.0,2.5,2,28.6,-,10,32,,True,26.05,135.57,9h04m,19h45m,6.98
282,NGC 947,NGC 947,Galaxy,Cetus,12.0,2.6,2,28.5,-,19,4,,True,18.78,140.32,9h38m,19h11m,6.42
283,NGC 948,NGC 948,Galaxy,Cetus,14.0,1.4,2,28.8,-,10,31,,True,26.05,135.52,9h04m,19h45m,6.98
284,NGC 949,NGC 949,Galaxy,Triangulum,11.9,2.8,2,30.8,+,37,8,,True,58.84,85.4,5h36m,23h18m,10.53
285,NGC 955,NGC 955,Galaxy,Cetus,12.0,3.0,2,30.6,-,1,7,,True,33.64,129.1,8h32m,20h22m,7.6
286,NGC 956,NGC 956,Open Cluster,Andromeda,9.0,8.0,2,32.4,+,44,39,,True,60.6,71.05,4h19m,0h42m,11.93
287,NGC 957,NGC 957,Open Cluster,Perseus,7.6,11.0,2,33.6,+,57,32,,True,60.0,44.68,---,---,---
288,NGC 958,NGC 958,Galaxy,Cetus,12.2,2.8,2,30.7,-,2,57,,True,32.12,130.31,8h38m,20h15m,7.48
289,NGC 959,NGC 959,Galaxy,Triangulum,13.0,2.2,2,32.3,+,35,30,,True,57.9,88.05,5h50m,23h07m,10.35
290,NGC 972,NGC 972,Galaxy,Aries,11.3,3.6,2,34.2,+,29,19,,True,54.62,97.52,6h30m,22h31m,9.75
291,NGC 976,NGC 976,Galaxy,Aries,12.4,1.7,2,34.0,+,20,59,,True,49.66,108.46,7h10m,21h50m,9.07
292,NGC 985,NGC 985,Galaxy,Cetus,13.5,1.3,2,34.6,-,8,47,,True,26.72,133.12,9h04m,19h58m,7.2
293,NGC 986,NGC 986,Galaxy,Fornax,11.0,3.7,2,33.6,-,39,2,,True,1.14,149.35,11h38m,17h21m,4.58
294,NGC 988,NGC 988,Galaxy,Cetus,11.0,4.7,2,35.4,-,9,21,,True,26.14,133.28,9h07m,19h57m,7.18
295,NGC 991,NGC 991,Galaxy,Cetus,12.0,2.7,2,35.5,-,7,9,,True,27.96,131.89,8h58m,20h05m,7.32
296,NGC 993,NGC 993,Galaxy,Cetus,15.0,1.1,2,36.7,+,2,3,,True,35.27,125.32,8h26m,20h39m,7.88
297,NGC 1003,NGC 1003,Galaxy,Perseus,11.5,5.4,2,39.3,+,40,52,,True,58.51,77.58,5h11m,23h59m,11.22
298,NGC 1012,NGC 1012,Galaxy,Aries,13.0,2.9,2,39.3,+,30,9,,True,54.14,95.31,6h30m,22h41m,9.92
299,NGC 1015,NGC 1015,Galaxy,Cetus,12.0,3.5,2,38.1,-,1,19,,True,32.36,127.4,8h40m,20h29m,7.72
300,NGC 1016,NGC 1016,Galaxy,Cetus,13.0,2.8,2,38.3,+,2,8,,True,35.09,124.89,8h28m,20h41m,7.92
301,NGC 1019,NGC 1019,Galaxy,Cetus,15.0,1.2,2,38.4,+,1,55,,True,34.9,125.01,8h29m,20h41m,7.92
302,NGC 1022,NGC 1022,Galaxy,Cetus,11.4,2.5,2,38.5,-,6,40,,True,27.94,130.89,9h00m,20h10m,7.4
303,NGC 1023,NGC 1023,Galaxy,Perseus,9.5,8.7,2,40.4,+,39,4,,True,57.75,80.71,5h30m,23h44m,10.97
304,NGC 1024,NGC 1024,Galaxy,Aries,14.0,4.7,2,39.2,+,10,51,,True,41.66,117.55,7h57m,21h14m,8.47
305,NGC 1027,NGC 1027,Open Cluster,Cassiopeia,6.7,20.0,2,42.7,+,61,33,,True,57.79,37.67,---,---,---
306,NGC 1032,NGC 1032,Galaxy,Cetus,13.0,3.6,2,39.4,+,1,6,,True,34.11,125.39,8h32m,20h38m,7.87
307,NGC 1035,NGC 1035,Galaxy,Cetus,13.0,2.2,2,39.5,-,8,8,,True,26.6,131.6,9h06m,20h05m,7.32
308,NGC 1036,NGC 1036,Galaxy,Aries,13.0,2.0,2,40.5,+,19,18,,True,47.41,108.84,7h24m,21h49m,9.05
309,NGC 1042,NGC 1042,Galaxy,Cetus,10.9,4.7,2,40.4,-,8,26,,True,26.23,131.58,9h08m,20h05m,7.32
310,NGC 1044,NGC 1044,Galaxy,Cetus,13.2,0.6,2,41.1,+,8,44,,True,39.77,118.93,8h06m,21h08m,8.37
311,NGC 1047,NGC 1047,Galaxy,Cetus,15.0,1.5,2,40.5,-,8,9,,True,26.44,131.37,9h07m,20h06m,7.33
312,NGC 1048,NGC 1048,Galaxy,Cetus,14.0,1.3,2,40.6,-,8,33,,True,26.11,131.59,9h09m,20h05m,7.32
313,NGC 1052,NGC 1052,Galaxy,Cetus,10.6,2.9,2,41.1,-,8,15,,True,26.28,131.31,9h08m,20h06m,7.33
314,NGC 1055,NGC 1055,Galaxy,Cetus,10.6,7.6,2,41.8,+,0,26,,True,33.24,125.3,8h37m,20h38m,7.87
315,NGC 1058,NGC 1058,Galaxy,Perseus,11.5,3.0,2,43.5,+,37,21,,True,56.57,83.29,5h47m,23h32m,10.77
316,NGC 1067,NGC 1067,Galaxy,Triangulum,15.0,1.3,2,43.8,+,32,31,,True,54.46,90.96,6h21m,22h59m,10.22
317,NGC 1072,NGC 1072,Galaxy,Cetus,14.0,1.7,2,43.5,+,0,18,,True,32.86,124.98,8h39m,20h40m,7.9
318,NGC 1073,NGC 1073,Galaxy,Cetus,11.0,4.9,2,43.7,+,1,23,,True,33.68,124.16,8h36m,20h44m,7.97
319,NGC 1079,NGC 1079,Galaxy,Fornax,11.4,3.1,2,43.7,-,29,0,,True,8.5,142.46,10h40m,18h39m,5.88
320,NGC 1084,NGC 1084,Galaxy,Eridanus,10.6,2.9,2,46.0,-,7,35,,True,26.14,129.77,9h10m,20h14m,7.47
321,NGC 1085,NGC 1085,Galaxy,Cetus,14.0,1.7,2,46.4,+,3,37,,True,35.0,121.82,8h30m,20h55m,8.15
322,NGC 1087,NGC 1087,Galaxy,Cetus,11.0,3.5,2,46.4,-,0,30,,True,31.78,124.88,8h45m,20h40m,7.9
323,NGC 1090,NGC 1090,Galaxy,Cetus,11.9,3.8,2,46.6,-,0,15,,True,31.96,124.66,8h44m,20h41m,7.92
324,NGC 1094,NGC 1094,Galaxy,Cetus,14.0,1.4,2,47.5,-,0,17,,True,31.79,124.48,8h45m,20h42m,7.93
325,NGC 1097,NGC 1097,Galaxy,Fornax,9.3,9.3,2,46.3,-,30,17,,True,7.14,142.65,10h50m,18h35m,5.82
326,NGC 1104,NGC 1104,Galaxy,Cetus,15.0,1.3,2,48.6,-,0,16,,True,31.62,124.2,8h47m,20h43m,7.95
327,NGC 1134,NGC 1134,Galaxy,Aries,13.0,2.5,2,53.6,+,13,0,,True,40.79,112.15,8h03m,21h37m,8.85
328,NGC 1140,NGC 1140,Galaxy,Eridanus,12.5,1.4,2,54.6,-,10,2,,True,22.93,129.43,9h28m,20h13m,7.45
329,NGC 1143,NGC 1143,Galaxy,Cetus,13.5,1.1,2,55.1,-,0,10,,True,30.69,122.63,8h53m,20h50m,8.07
330,NGC 1156,NGC 1156,Galaxy,Aries,11.7,3.1,2,59.7,+,25,14,,True,47.65,97.85,7h16m,22h35m,9.82
331,NGC 1160,NGC 1160,Galaxy,Perseus,13.0,1.6,3,1.2,+,44,58,,True,55.63,68.46,4h42m,1h17m,12.52
332,NGC 1161,NGC 1161,Galaxy,Perseus,13.0,3.1,3,1.2,+,44,55,,True,55.61,68.56,4h43m,1h16m,12.5
333,NGC 1167,NGC 1167,Galaxy,Perseus,12.3,3.1,3,1.7,+,35,12,,True,52.36,84.13,6h21m,23h35m,10.82
334,NGC 1169,NGC 1169,Galaxy,Perseus,11.7,4.4,3,3.6,+,46,23,,True,55.51,65.84,4h16m,1h47m,13.02
335,NGC 1171,NGC 1171,Galaxy,Perseus,13.0,3.2,3,4.0,+,43,24,,True,54.78,70.91,5h07m,0h57m,12.18
336,NGC 1172,NGC 1172,Galaxy,Eridanus,12.0,2.2,3,1.6,-,14,50,,True,18.03,130.92,9h54m,20h02m,7.27
337,NGC 1175,NGC 1175,Galaxy,Perseus,12.8,2.5,3,4.5,+,42,20,,True,54.39,72.62,5h21m,0h44m,11.97
338,NGC 1179,NGC 1179,Galaxy,Eridanus,12.0,4.6,3,2.6,-,18,54,,True,14.58,133.15,10h11m,19h46m,7.0
339,NGC 1184,NGC 1184,Galaxy,Cepheus,13.0,3.0,3,16.6,+,80,48,,True,47.28,10.67,---,---,---
340,NGC 1186,NGC 1186,Galaxy,Perseus,13.0,3.3,3,5.5,+,42,50,,True,54.36,71.71,5h16m,0h51m,12.08
341,NGC 1187,NGC 1187,Galaxy,Eridanus,11.0,5.0,3,2.6,-,22,52,,True,11.33,135.47,10h29m,19h28m,6.7
342,NGC 1193,NGC 1193,Open Cluster,Perseus,13.0,2.0,3,5.8,+,44,23,,True,54.68,69.1,4h55m,1h13m,12.45
343,NGC 1199,NGC 1199,Galaxy,Eridanus,11.5,2.2,3,3.6,-,15,37,,True,17.11,130.98,9h59m,20h00m,7.23
344,NGC 1201,NGC 1201,Galaxy,Fornax,10.6,4.4,3,4.1,-,26,4,,True,8.52,137.02,10h46m,19h15m,6.48
345,NGC 1209,NGC 1209,Galaxy,Eridanus,11.4,2.6,3,6.0,-,15,37,,True,16.78,130.48,10h01m,20h03m,7.28
346,NGC 1218,NGC 1218,Galaxy,Cetus,12.8,1.3,3,8.4,+,4,7,,True,31.81,116.43,8h51m,21h18m,8.53
347,NGC 1220,NGC 1220,Open Cluster,Perseus,12.0,2.0,3,11.7,+,53,20,,True,54.99,53.43,---,---,---
348,NGC 1222,NGC 1222,Galaxy,Eridanus,14.0,1.3,3,8.9,-,2,58,,True,26.36,121.58,9h17m,20h53m,8.12
349,NGC 1224,NGC 1224,Galaxy,Perseus,16.0,1.7,3,11.3,+,41,22,,True,52.91,73.56,5h38m,0h40m,11.9
350,NGC 1229,NGC 1229,Galaxy,Eridanus,14.0,1.9,3,8.2,-,22,58,,True,10.53,134.45,10h35m,19h34m,6.8
351,NGC 1232,NGC 1232,Galaxy,Eridanus,9.9,7.8,3,9.8,-,20,35,,True,12.25,132.74,10h26m,19h46m,7.0
352,NGC 1233,NGC 1233,Galaxy,Perseus,13.2,2.1,3,12.5,+,39,19,,True,51.99,76.58,5h59m,0h22m,11.6
353,NGC 1241,NGC 1241,Galaxy,Eridanus,13.0,3.0,3,11.3,-,8,55,,True,21.35,125.16,9h41m,20h34m,7.8
354,NGC 1242,NGC 1242,Galaxy,Eridanus,14.0,1.3,3,11.3,-,8,54,,True,21.36,125.13,9h41m,20h34m,7.8
355,NGC 1245,NGC 1245,Open Cluster,Perseus,8.4,10.0,3,14.7,+,47,15,,True,53.79,63.74,4h02m,2h23m,13.62
356,NGC 1247,NGC 1247,Galaxy,Eridanus,13.0,3.6,3,12.2,-,10,29,,True,19.97,125.97,9h47m,20h29m,7.72
357,NGC 1248,NGC 1248,Galaxy,Eridanus,14.0,1.3,3,12.8,-,5,13,,True,24.0,122.34,9h29m,20h49m,8.05
359,NGC 1250,NGC 1250,Galaxy,Perseus,14.0,2.7,3,15.4,+,41,21,,True,52.18,73.17,5h42m,0h44m,11.97
360,NGC 1253,NGC 1253,Galaxy,Eridanus,12.0,4.8,3,14.1,-,2,49,,True,25.64,120.37,9h21m,20h59m,8.22
361,NGC 1255,NGC 1255,Galaxy,Fornax,11.1,4.1,3,13.5,-,25,44,,True,7.6,135.07,10h53m,19h26m,6.67
362,NGC 1260,NGC 1260,Galaxy,Perseus,14.0,1.7,3,17.5,+,41,24,,True,51.82,72.88,5h44m,0h47m,12.02
364,NGC 1265,NGC 1265,Galaxy,Perseus,15.0,2.1,3,18.3,+,41,52,,True,51.82,72.11,5h40m,0h53m,12.12
365,NGC 1267,NGC 1267,Galaxy,Perseus,15.0,1.4,3,18.7,+,41,28,,True,51.61,72.66,5h45m,0h49m,12.05
366,NGC 1268,NGC 1268,Galaxy,Perseus,15.0,1.2,3,18.8,+,41,29,,True,51.62,72.63,5h44m,0h49m,12.05
367,NGC 1270,NGC 1270,Galaxy,Perseus,12.9,1.1,3,19.0,+,41,28,,True,51.57,72.64,5h45m,0h49m,12.05
368,NGC 1272,NGC 1272,Galaxy,Perseus,15.0,2.5,3,19.3,+,41,29,,True,51.51,72.57,5h45m,0h50m,12.07
369,NGC 1273,NGC 1273,Galaxy,Perseus,12.9,1.4,3,19.4,+,41,32,,True,51.51,72.48,5h45m,0h50m,12.07
370,NGC 1274,NGC 1274,Galaxy,Perseus,15.0,0.6,3,19.7,+,41,33,,True,51.47,72.45,5h45m,0h51m,12.08
371,NGC 1275,NGC 1275,Galaxy,Perseus,11.6,2.6,3,19.8,+,41,31,,True,51.44,72.49,5h45m,0h50m,12.07
372,NGC 1277,NGC 1277,Galaxy,Perseus,13.5,0.8,3,19.8,+,41,34,,True,51.45,72.39,5h45m,0h51m,12.08
373,NGC 1278,NGC 1278,Galaxy,Perseus,12.6,1.7,3,19.9,+,41,33,,True,51.44,72.4,5h45m,0h51m,12.08
374,NGC 1281,NGC 1281,Galaxy,Perseus,13.5,0.7,3,20.1,+,41,38,,True,51.42,72.28,5h44m,0h52m,12.1
375,NGC 1282,NGC 1282,Galaxy,Perseus,14.0,1.7,3,20.2,+,41,22,,True,51.32,72.67,5h47m,0h49m,12.05
376,NGC 1283,NGC 1283,Galaxy,Perseus,16.0,1.3,3,20.3,+,41,24,,True,51.32,72.62,5h47m,0h50m,12.07
377,NGC 1288,NGC 1288,Galaxy,Fornax,12.1,2.3,3,17.2,-,32,35,,True,1.77,138.42,11h35m,18h52m,6.1
378,NGC 1292,NGC 1292,Galaxy,Fornax,13.0,3.2,3,18.2,-,27,37,,True,5.49,135.32,11h07m,19h21m,6.58
379,NGC 1293,NGC 1293,Galaxy,Perseus,15.0,1.1,3,21.6,+,41,24,,True,51.08,72.5,5h48m,0h51m,12.08
380,NGC 1294,NGC 1294,Galaxy,Perseus,13.1,1.8,3,21.7,+,41,22,,True,51.06,72.54,5h49m,0h51m,12.08
381,NGC 1297,NGC 1297,Galaxy,Eridanus,13.0,2.3,3,19.2,-,19,6,,True,12.12,130.01,10h29m,20h02m,7.27
382,NGC 1298,NGC 1298,Galaxy,Eridanus,14.0,1.5,3,20.2,-,2,6,,True,25.2,118.59,9h25m,21h08m,8.37
383,NGC 1300,NGC 1300,Galaxy,Eridanus,10.4,6.5,3,19.7,-,19,25,,True,11.81,130.12,10h31m,20h01m,7.25
384,NGC 1302,NGC 1302,Galaxy,Fornax,11.0,4.4,3,19.9,-,26,4,,True,6.51,134.11,11h01m,19h30m,6.73
385,NGC 1305,NGC 1305,Galaxy,Eridanus,15.0,1.9,3,21.4,-,2,19,,True,24.86,118.49,9h27m,21h08m,8.37
386,NGC 1309,NGC 1309,Galaxy,Eridanus,11.6,2.3,3,22.1,-,15,24,,True,14.63,127.14,10h16m,20h20m,7.57
388,NGC 1315,NGC 1315,Galaxy,Eridanus,13.0,1.8,3,23.1,-,21,23,,True,9.78,130.67,10h42m,19h56m,7.17
391,NGC 1319,NGC 1319,Galaxy,Eridanus,14.0,1.3,3,23.9,-,21,32,,True,9.54,130.61,10h44m,19h56m,7.17
392,NGC 1320,NGC 1320,Galaxy,Eridanus,14.0,1.9,3,24.8,-,3,1,,True,23.75,118.3,9h33m,21h09m,8.38
393,NGC 1325,NGC 1325,Galaxy,Eridanus,11.6,4.6,3,24.4,-,21,33,,True,9.46,130.53,10h45m,19h56m,7.17
395,NGC 1331,NGC 1331,Galaxy,Eridanus,14.0,1.1,3,26.5,-,21,21,,True,9.32,130.03,10h46m,19h59m,7.22
396,NGC 1332,NGC 1332,Galaxy,Eridanus,10.3,4.6,3,26.3,-,21,20,,True,9.36,130.05,10h45m,19h59m,7.22
397,NGC 1337,NGC 1337,Galaxy,Eridanus,11.7,6.8,3,28.1,-,8,23,,True,19.16,121.35,9h55m,20h53m,8.12
398,NGC 1339,NGC 1339,Galaxy,Fornax,13.0,2.3,3,28.1,-,32,17,,True,0.75,136.4,11h44m,19h04m,6.3
400,NGC 1342,NGC 1342,Open Cluster,Perseus,6.7,14.0,3,31.6,+,37,20,,True,47.79,77.12,6h35m,0h25m,11.65
401,NGC 1343,NGC 1343,Galaxy,Cassiopeia,12.3,2.8,3,37.8,+,72,34,,True,49.46,22.74,---,---,---
402,NGC 1345,NGC 1345,Galaxy,Eridanus,13.7,1.4,3,29.4,-,17,48,,True,11.68,127.21,10h33m,20h17m,7.52
405,NGC 1353,NGC 1353,Galaxy,Eridanus,11.4,3.4,3,32.1,-,20,49,,True,8.95,128.66,10h49m,20h07m,7.35
406,NGC 1355,NGC 1355,Galaxy,Eridanus,13.1,1.8,3,33.4,-,5,0,,True,20.88,117.94,9h48m,21h10m,8.4
407,NGC 1357,NGC 1357,Galaxy,Eridanus,13.0,2.4,3,33.2,-,13,40,,True,14.3,123.84,10h21m,20h38m,7.87
408,NGC 1358,NGC 1358,Galaxy,Eridanus,12.1,2.8,3,33.7,-,5,5,,True,20.76,117.95,9h49m,21h10m,8.4
409,NGC 1359,NGC 1359,Galaxy,Eridanus,12.2,1.9,3,33.8,-,19,29,,True,9.72,127.49,10h45m,20h14m,7.47
411,NGC 1366,NGC 1366,Galaxy,Fornax,13.0,2.7,3,33.9,-,31,12,,True,0.85,134.76,11h43m,19h17m,6.52
413,NGC 1376,NGC 1376,Galaxy,Eridanus,13.0,2.0,3,37.1,-,5,3,,True,20.23,117.23,9h52m,21h14m,8.47
417,NGC 1385,NGC 1385,Galaxy,Fornax,11.2,3.0,3,37.5,-,24,30,,True,5.34,129.98,11h11m,19h56m,7.17
421,NGC 1393,NGC 1393,Galaxy,Eridanus,14.0,1.8,3,38.6,-,18,26,,True,9.83,125.91,10h45m,20h24m,7.63
422,NGC 1394,NGC 1394,Galaxy,Eridanus,14.0,1.5,3,39.1,-,18,17,,True,9.86,125.74,10h45m,20h25m,7.65
423,NGC 1395,NGC 1395,Galaxy,Eridanus,11.0,3.2,3,38.5,-,23,2,,True,6.32,128.87,11h05m,20h04m,7.3
424,NGC 1398,NGC 1398,Galaxy,Fornax,9.7,6.6,3,38.9,-,26,20,,True,3.76,130.89,11h22m,19h48m,7.03
426,NGC 1400,NGC 1400,Galaxy,Eridanus,11.1,1.9,3,39.5,-,18,41,,True,9.5,125.92,10h47m,20h24m,7.63
427,NGC 1401,NGC 1401,Galaxy,Eridanus,13.0,2.8,3,39.4,-,22,44,,True,6.43,128.52,11h05m,20h06m,7.33
430,NGC 1407,NGC 1407,Galaxy,Eridanus,9.8,2.5,3,40.2,-,18,35,,True,9.48,125.72,10h47m,20h25m,7.65
431,NGC 1409,NGC 1409,Galaxy,Taurus,15.0,1.3,3,41.2,-,1,17,,True,22.32,113.73,9h43m,21h31m,8.75
433,NGC 1415,NGC 1415,Galaxy,Eridanus,12.0,3.6,3,41.0,-,22,34,,True,6.33,128.13,11h06m,20h08m,7.37
434,NGC 1416,NGC 1416,Galaxy,Eridanus,14.0,1.5,3,41.0,-,22,43,,True,6.19,128.22,11h06m,20h07m,7.35
435,NGC 1417,NGC 1417,Galaxy,Eridanus,12.0,2.8,3,42.0,-,4,42,,True,19.68,116.04,9h56m,21h20m,8.57
436,NGC 1418,NGC 1418,Galaxy,Eridanus,15.0,1.5,3,42.3,-,4,44,,True,19.61,115.99,9h56m,21h20m,8.57
437,NGC 1421,NGC 1421,Galaxy,Eridanus,11.4,3.6,3,42.5,-,13,29,,True,13.0,121.96,10h29m,20h48m,8.03
438,NGC 1422,NGC 1422,Galaxy,Eridanus,13.0,2.1,3,41.5,-,21,41,,True,6.92,127.47,11h02m,20h13m,7.45
439,NGC 1424,NGC 1424,Galaxy,Eridanus,15.0,2.1,3,43.2,-,4,44,,True,19.45,115.8,9h57m,21h21m,8.58
440,NGC 1425,NGC 1425,Galaxy,Fornax,12.0,5.4,3,42.2,-,29,54,,True,0.76,132.55,11h44m,19h33m,6.78
441,NGC 1426,NGC 1426,Galaxy,Eridanus,11.4,2.1,3,42.8,-,22,7,,True,6.4,127.51,11h05m,20h12m,7.43
444,NGC 1439,NGC 1439,Galaxy,Eridanus,12.0,2.3,3,44.8,-,21,55,,True,6.25,127.03,11h07m,20h15m,7.48
445,NGC 1440,NGC 1440,Galaxy,Eridanus,13.0,2.3,3,45.0,-,18,16,,True,8.99,124.62,10h51m,20h31m,7.75
446,NGC 1441,NGC 1441,Galaxy,Eridanus,12.9,1.5,3,45.7,-,4,6,,True,19.51,114.86,9h57m,21h26m,8.67
447,NGC 1444,NGC 1444,Open Cluster,Perseus,6.6,4.0,3,49.4,+,52,40,,True,49.28,53.62,---,---,---
449,NGC 1449,NGC 1449,Galaxy,Eridanus,13.5,1.1,3,46.0,-,4,8,,True,19.41,114.83,9h58m,21h26m,8.67
450,NGC 1451,NGC 1451,Galaxy,Eridanus,13.3,0.7,3,46.1,-,4,4,,True,19.45,114.77,9h58m,21h26m,8.67
451,NGC 1452,NGC 1452,Galaxy,Eridanus,13.0,1.7,3,45.4,-,18,38,,True,8.66,124.8,10h53m,20h30m,7.73
452,NGC 1453,NGC 1453,Galaxy,Eridanus,11.6,2.1,3,46.4,-,3,58,,True,19.47,114.63,9h58m,21h27m,8.68
453,NGC 1461,NGC 1461,Galaxy,Eridanus,11.7,3.3,3,48.5,-,16,24,,True,9.88,122.77,10h47m,20h42m,7.93
454,NGC 1469,NGC 1469,Galaxy,Camelopardalis,15.0,2.3,4,0.5,+,68,35,,True,48.4,29.26,---,---,---
455,NGC 1482,NGC 1482,Galaxy,Eridanus,14.0,1.5,3,54.7,-,20,30,,True,5.86,124.35,11h10m,20h31m,7.75
456,NGC 1485,NGC 1485,Galaxy,Camelopardalis,14.0,2.4,4,5.1,+,71,0,,True,47.71,25.74,---,---,---
460,NGC 1496,NGC 1496,Open Cluster,Perseus,10.0,6.0,4,4.4,+,52,37,,True,47.04,52.93,---,---,---
461,NGC 1501,NGC 1501,Planetary Nebula,Camelopardalis,13.0,0.9,4,7.0,+,60,55,,True,47.86,40.76,---,---,---
462,NGC 1502,NGC 1502,Open Cluster,Camelopardalis,5.7,8.0,4,7.7,+,62,20,,True,47.84,38.65,---,---,---
463,NGC 1507,NGC 1507,Galaxy,Eridanus,12.2,3.4,4,4.5,-,2,11,,True,17.68,109.9,10h09m,21h52m,9.1
466,NGC 1513,NGC 1513,Open Cluster,Perseus,8.4,9.0,4,10.0,+,49,31,,True,45.43,57.03,---,---,---
467,NGC 1514,NGC 1514,Planetary Nebula,Taurus,10.0,1.9,4,9.2,+,30,47,,True,37.82,80.06,7h56m,0h18m,11.53
469,NGC 1518,NGC 1518,Galaxy,Eridanus,11.8,3.0,4,6.8,-,21,11,,True,3.54,122.66,11h25m,20h40m,7.9
470,NGC 1519,NGC 1519,Galaxy,Eridanus,13.0,2.0,4,8.1,-,17,12,,True,6.21,119.74,11h10m,20h58m,8.2
471,NGC 1521,NGC 1521,Galaxy,Eridanus,11.4,2.9,4,8.3,-,21,3,,True,3.4,122.32,11h26m,20h42m,7.93
473,NGC 1528,NGC 1528,Open Cluster,Perseus,6.4,24.0,4,15.4,+,51,14,,True,45.07,54.37,---,---,---
474,NGC 1530,NGC 1530,Galaxy,Camelopardalis,12.0,4.9,4,23.4,+,75,18,,True,45.81,19.79,---,---,---
478,NGC 1535,NGC 1535,Planetary Nebula,Eridanus,10.0,0.7,4,14.2,-,12,44,,True,8.43,115.59,10h58m,21h22m,8.6
481,NGC 1545,NGC 1545,Open Cluster,Perseus,6.2,18.0,4,20.9,+,50,15,,True,43.95,55.32,---,---,---
486,NGC 1560,NGC 1560,Galaxy,Camelopardalis,11.5,9.8,4,32.8,+,71,53,,True,45.44,24.73,---,---,---
488,NGC 1569,NGC 1569,Galaxy,Camelopardalis,11.2,2.9,4,30.8,+,64,51,,True,45.45,34.76,---,---,---
489,NGC 1573,NGC 1573,Galaxy,Camelopardalis,14.0,2.2,4,35.0,+,73,15,,True,45.21,22.78,---,---,---
491,NGC 1582,NGC 1582,Open Cluster,Perseus,7.0,37.0,4,32.0,+,43,51,,True,39.89,62.46,6h29m,2h31m,13.75
492,NGC 1587,NGC 1587,Galaxy,Taurus,13.0,2.0,4,30.7,+,0,40,,True,15.02,102.99,10h25m,22h28m,9.7
493,NGC 1588,NGC 1588,Galaxy,Taurus,14.0,1.8,4,30.8,+,0,39,,True,15.01,102.98,10h25m,22h28m,9.7
494,NGC 1589,NGC 1589,Galaxy,Taurus,14.0,3.1,4,30.8,+,0,51,,True,15.14,102.82,10h24m,22h29m,9.72
495,NGC 1590,NGC 1590,Galaxy,Taurus,15.0,1.3,4,31.2,+,7,37,,True,19.66,97.55,10h00m,22h54m,10.13
497,NGC 1599,NGC 1599,Galaxy,Eridanus,15.0,1.1,4,31.6,-,4,35,,True,11.21,106.69,10h45m,22h10m,9.4
498,NGC 1600,NGC 1600,Galaxy,Eridanus,11.1,2.5,4,31.7,-,5,5,,True,10.86,107.05,10h47m,22h08m,9.37
499,NGC 1601,NGC 1601,Galaxy,Eridanus,13.8,1.0,4,31.8,-,5,6,,True,10.88,107.02,10h47m,22h08m,9.37
500,NGC 1605,NGC 1605,Open Cluster,Perseus,10.7,5.0,4,35.0,+,45,15,,True,40.03,60.51,6h10m,2h56m,14.17
501,NGC 1614,NGC 1614,Galaxy,Eridanus,12.9,1.3,4,34.0,-,8,35,,True,8.02,109.15,11h02m,21h58m,9.2
502,NGC 1615,NGC 1615,Galaxy,Taurus,15.0,1.6,4,36.0,+,19,57,,True,26.68,86.46,9h17m,23h47m,11.02
504,NGC 1618,NGC 1618,Galaxy,Eridanus,12.6,2.8,4,36.1,-,3,9,,True,11.42,104.85,10h44m,22h20m,9.57
505,NGC 1620,NGC 1620,Galaxy,Eridanus,14.0,3.0,4,36.6,-,0,9,,True,13.39,102.53,10h34m,22h31m,9.75
506,NGC 1622,NGC 1622,Galaxy,Eridanus,12.3,3.9,4,36.6,-,3,11,,True,11.3,104.79,10h45m,22h20m,9.57
507,NGC 1624,NGC 1624,Cluster Nebulosity,Perseus,10.4,5.0,4,40.4,+,50,27,,True,41.05,53.7,---,---,---
508,NGC 1625,NGC 1625,Galaxy,Eridanus,12.4,2.7,4,37.1,-,3,18,,True,11.14,104.79,10h46m,22h20m,9.57
509,NGC 1635,NGC 1635,Galaxy,Eridanus,14.0,1.7,4,40.1,-,0,33,,True,12.49,102.22,10h39m,22h33m,9.78
510,NGC 1637,NGC 1637,Galaxy,Eridanus,10.9,3.3,4,41.5,-,2,51,,True,10.66,103.69,10h48m,22h26m,9.67
511,NGC 1638,NGC 1638,Galaxy,Eridanus,12.1,2.5,4,41.6,-,1,49,,True,11.36,102.89,10h45m,22h30m,9.73
513,NGC 1642,NGC 1642,Galaxy,Taurus,14.0,2.0,4,42.9,+,0,37,,True,12.78,100.86,10h37m,22h40m,9.9
514,NGC 1653,NGC 1653,Galaxy,Eridanus,13.0,2.0,4,45.8,-,2,25,,True,10.2,102.59,10h51m,22h32m,9.77
515,NGC 1654,NGC 1654,Galaxy,Eridanus,14.0,1.0,4,45.8,-,2,6,,True,10.41,102.36,10h50m,22h33m,9.78
516,NGC 1659,NGC 1659,Galaxy,Eridanus,12.5,1.7,4,46.5,-,4,47,,True,8.44,104.22,11h00m,22h24m,9.63
517,NGC 1662,NGC 1662,Open Cluster,Orion,6.4,20.0,4,48.5,+,10,56,,True,18.65,91.94,10h05m,23h23m,10.62
518,NGC 1664,NGC 1664,Open Cluster,Auriga,7.6,18.0,4,51.1,+,43,42,,True,36.74,60.82,6h50m,2h47m,14.02
519,NGC 1666,NGC 1666,Galaxy,Eridanus,14.0,1.3,4,48.5,-,6,34,,True,6.86,105.17,11h09m,22h20m,9.57
520,NGC 1667,NGC 1667,Galaxy,Eridanus,12.1,1.5,4,48.6,-,6,19,,True,7.02,104.97,11h08m,22h21m,9.58
523,NGC 1690,NGC 1690,Galaxy,Orion,14.0,1.3,4,54.3,+,1,38,,True,11.39,98.11,10h45m,22h55m,10.15
524,NGC 1699,NGC 1699,Galaxy,Eridanus,15.0,1.1,4,57.0,-,4,45,,True,6.59,102.38,11h11m,22h35m,9.82
525,NGC 1700,NGC 1700,Galaxy,Eridanus,11.0,2.9,4,56.9,-,4,52,,True,6.53,102.47,11h11m,22h34m,9.8
527,NGC 1720,NGC 1720,Galaxy,Eridanus,13.0,1.8,4,59.3,-,7,52,,True,4.1,104.25,11h25m,22h26m,9.67
528,NGC 1723,NGC 1723,Galaxy,Eridanus,12.0,3.7,4,59.4,-,10,59,,True,2.04,106.5,11h36m,22h14m,9.47
529,NGC 1726,NGC 1726,Galaxy,Eridanus,12.1,1.4,4,59.7,-,7,45,,True,4.1,104.11,11h25m,22h26m,9.67
531,NGC 1741,NGC 1741,Galaxy,Eridanus,13.4,1.7,5,1.6,-,4,16,,True,6.1,101.22,11h14m,22h41m,9.92
533,NGC 1752,NGC 1752,Galaxy,Eridanus,13.0,2.6,5,2.1,-,8,14,,True,3.36,104.05,11h29m,22h27m,9.68
535,NGC 1778,NGC 1778,Open Cluster,Auriga,7.7,7.0,5,8.1,+,37,3,,True,30.68,65.91,8h14m,1h58m,13.2
536,NGC 1779,NGC 1779,Galaxy,Eridanus,13.0,2.6,5,5.3,-,9,9,,True,2.23,104.18,11h35m,22h27m,9.68
537,NGC 1784,NGC 1784,Galaxy,Lepus,11.8,4.2,5,5.4,-,11,52,,True,0.53,106.14,11h46m,22h17m,9.52
542,NGC 1807,NGC 1807,Open Cluster,Taurus,7.0,17.0,5,10.7,+,16,32,,True,18.11,83.76,10h06m,0h11m,11.42
544,NGC 1817,NGC 1817,Open Cluster,Taurus,7.7,16.0,5,12.1,+,16,42,,True,17.95,83.39,10h06m,0h14m,11.47
550,NGC 1857,NGC 1857,Open Cluster,Auriga,7.0,6.0,5,20.2,+,39,21,,True,29.88,62.24,8h07m,2h29m,13.72
553,NGC 1883,NGC 1883,Open Cluster,Auriga,12.0,3.0,5,25.9,+,46,33,,True,32.59,54.34,6h36m,4h12m,15.43
556,NGC 1893,NGC 1893,Open Cluster,Auriga,7.5,11.0,5,22.7,+,33,24,,True,26.2,67.47,8h54m,1h47m,13.02
557,NGC 1907,NGC 1907,Open Cluster,Auriga,8.2,7.0,5,28.0,+,35,19,,True,26.38,65.01,8h46m,2h05m,13.32
558,NGC 1931,NGC 1931,Cluster Nebulosity,Auriga,11.3,3.0,5,31.4,+,34,15,,True,25.2,65.58,8h57m,2h01m,13.25
561,NGC 1961,NGC 1961,Galaxy,Camelopardalis,11.1,4.3,5,42.1,+,69,23,,True,39.46,27.1,---,---,---
565,NGC 2022,NGC 2022,Planetary Nebula,Orion,12.0,0.3,5,42.1,+,9,5,,True,7.55,84.44,11h06m,0h14m,11.47
572,NGC 2126,NGC 2126,Open Cluster,Auriga,10.0,6.0,6,3.0,+,49,54,,True,29.02,47.35,---,---,---
573,NGC 2129,NGC 2129,Open Cluster,Gemini,6.7,7.0,6,1.0,+,23,18,,True,13.4,70.47,10h26m,1h31m,12.75
575,NGC 2141,NGC 2141,Open Cluster,Orion,9.4,10.0,6,3.1,+,10,26,,True,4.68,79.99,11h21m,0h40m,11.9
576,NGC 2146,NGC 2146,Galaxy,Camelopardalis,10.5,6.0,6,18.7,+,78,21,,True,39.58,15.04,---,---,---
577,NGC 2158,NGC 2158,Open Cluster,Gemini,8.6,5.0,6,7.5,+,24,6,,True,12.81,68.91,10h29m,1h41m,12.92
578,NGC 2169,NGC 2169,Open Cluster,Orion,5.9,7.0,6,8.4,+,13,57,,True,6.02,76.45,11h13m,0h59m,12.22
579,NGC 2175,NGC 2175,Open Cluster,Orion,6.8,18.0,6,9.8,+,20,19,,True,10.07,71.34,10h48m,1h27m,12.68
583,NGC 2192,NGC 2192,Open Cluster,Auriga,11.0,6.0,6,15.2,+,39,51,,True,21.47,55.01,8h57m,3h29m,14.72
584,NGC 2194,NGC 2194,Open Cluster,Orion,8.5,10.0,6,13.8,+,12,48,,True,4.31,76.44,11h23m,1h00m,12.23
595,NGC 2256,NGC 2256,Galaxy,Camelopardalis,14.0,2.6,6,47.2,+,74,14,,True,36.48,19.08,---,---,---
597,NGC 2258,NGC 2258,Galaxy,Camelopardalis,13.0,2.6,6,47.8,+,74,29,,True,36.55,18.79,---,---,---
600,NGC 2266,NGC 2266,Open Cluster,Gemini,10.0,7.0,6,43.2,+,26,58,,True,8.72,61.22,10h51m,2h31m,13.75
601,NGC 2268,NGC 2268,Galaxy,Camelopardalis,11.5,3.4,7,14.0,+,84,23,,True,39.82,6.81,---,---,---
603,NGC 2273,NGC 2273,Galaxy,Lynx,12.0,3.5,6,50.1,+,60,51,,True,29.38,32.64,---,---,---
604,NGC 2276,NGC 2276,Galaxy,Cepheus,11.4,2.6,7,27.0,+,85,45,,True,40.19,5.05,---,---,---
605,NGC 2281,NGC 2281,Open Cluster,Auriga,5.4,15.0,6,49.3,+,41,4,,True,17.39,49.8,9h18m,4h14m,15.47
607,NGC 2290,NGC 2290,Galaxy,Gemini,15.0,1.5,6,51.0,+,33,26,,True,11.89,55.29,10h22m,3h15m,14.48
608,NGC 2291,NGC 2291,Galaxy,Gemini,16.0,1.3,6,51.0,+,33,32,,True,11.95,55.22,10h21m,3h16m,14.5
609,NGC 2294,NGC 2294,Galaxy,Gemini,15.0,1.1,6,51.2,+,33,32,,True,11.92,55.19,10h21m,3h16m,14.5
611,NGC 2300,NGC 2300,Galaxy,Cepheus,11.0,3.1,7,32.0,+,85,43,,True,40.08,5.04,---,---,---
614,NGC 2304,NGC 2304,Open Cluster,Gemini,10.0,5.0,6,55.0,+,18,1,,True,0.83,65.83,11h44m,2h02m,13.27
618,NGC 2314,NGC 2314,Galaxy,Camelopardalis,11.9,2.1,7,10.5,+,75,20,,True,35.66,16.99,---,---,---
620,NGC 2329,NGC 2329,Galaxy,Lynx,14.0,1.6,7,9.2,+,48,37,,True,19.63,41.28,---,---,---
621,NGC 2331,NGC 2331,Open Cluster,Gemini,9.0,18.0,7,7.2,+,27,21,,True,5.23,57.38,11h13m,2h56m,14.17
623,NGC 2336,NGC 2336,Galaxy,Camelopardalis,10.5,6.9,7,27.1,+,80,11,,True,37.43,11.27,---,---,---
624,NGC 2337,NGC 2337,Galaxy,Lynx,13.0,2.6,7,10.2,+,44,27,,True,16.68,44.36,8h58m,5h17m,16.52
629,NGC 2344,NGC 2344,Galaxy,Lynx,12.1,2.0,7,12.5,+,47,10,,True,18.24,42.0,8h03m,6h17m,17.52
630,NGC 2347,NGC 2347,Galaxy,Camelopardalis,12.5,2.0,7,16.1,+,64,43,,True,29.27,27.06,---,---,---
633,NGC 2357,NGC 2357,Galaxy,Gemini,14.0,4.5,7,17.6,+,23,22,,True,0.95,58.31,11h43m,2h47m,14.02
634,NGC 2366,NGC 2366,Galaxy,Camelopardalis,10.9,7.6,7,28.9,+,69,13,,True,31.04,22.07,---,---,---
637,NGC 2371,NGC 2371,Planetary Nebula,Gemini,13.0,0.9,7,25.6,+,29,29,,True,4.01,52.82,11h20m,3h26m,14.67
639,NGC 2379,NGC 2379,Galaxy,Gemini,13.5,1.1,7,27.4,+,33,49,,True,6.84,49.58,10h56m,3h54m,15.13
640,NGC 2389,NGC 2389,Galaxy,Gemini,12.8,2.1,7,29.1,+,33,51,,True,6.65,49.3,10h57m,3h56m,15.17
646,NGC 2403,NGC 2403,Galaxy,Camelopardalis,8.4,17.0,7,36.9,+,65,36,,True,28.15,24.69,---,---,---
648,NGC 2415,NGC 2415,Galaxy,Lynx,12.4,1.0,7,36.9,+,35,15,,True,6.58,47.15,10h55m,4h13m,15.45
649,NGC 2419,NGC 2419,Globular Cluster,Lynx,10.4,4.1,7,38.1,+,38,53,,True,9.1,44.52,10h28m,4h43m,15.95
653,NGC 2424,NGC 2424,Galaxy,Lynx,12.6,4.0,7,40.7,+,39,14,,True,9.03,43.92,10h28m,4h48m,16.03
660,NGC 2441,NGC 2441,Galaxy,Camelopardalis,12.2,2.2,7,52.2,+,73,2,,True,32.03,17.24,---,---,---
662,NGC 2444,NGC 2444,Galaxy,Lynx,12.9,2.3,7,46.9,+,39,2,,True,8.1,43.13,10h36m,4h53m,16.12
663,NGC 2445,NGC 2445,Galaxy,Lynx,13.0,2.1,7,46.9,+,39,1,,True,8.08,43.14,10h36m,4h53m,16.12
667,NGC 2460,NGC 2460,Galaxy,Camelopardalis,11.7,2.9,7,56.9,+,60,21,,True,22.88,27.12,---,---,---
669,NGC 2468,NGC 2468,Galaxy,Lynx,15.0,1.3,7,58.0,+,56,22,,True,19.84,29.9,---,---,---
670,NGC 2469,NGC 2469,Galaxy,Lynx,13.0,1.1,7,58.1,+,56,41,,True,20.08,29.67,---,---,---
671,NGC 2474,NGC 2474,Galaxy,Lynx,14.0,0.6,7,57.9,+,52,51,,True,17.23,32.35,---,---,---
672,NGC 2475,NGC 2475,Galaxy,Lynx,14.0,0.8,7,58.0,+,52,51,,True,17.23,32.35,---,---,---
677,NGC 2484,NGC 2484,Galaxy,Lynx,15.0,1.6,7,58.5,+,37,47,,True,5.72,42.19,10h58m,4h54m,16.13
680,NGC 2493,NGC 2493,Galaxy,Lynx,13.0,2.5,8,0.4,+,39,50,,True,7.05,40.6,10h42m,5h13m,16.45
681,NGC 2500,NGC 2500,Galaxy,Lynx,11.6,2.9,8,1.9,+,50,44,,True,15.24,33.32,---,---,---
689,NGC 2521,NGC 2521,Galaxy,Lynx,14.0,1.5,8,8.8,+,57,46,,True,19.94,27.74,---,---,---
690,NGC 2523,NGC 2523,Galaxy,Camelopardalis,12.0,3.0,8,15.0,+,73,35,,True,31.21,15.42,---,---,---
693,NGC 2532,NGC 2532,Galaxy,Lynx,12.4,2.2,8,10.2,+,33,57,,True,1.44,42.68,11h37m,4h38m,15.87
695,NGC 2534,NGC 2534,Galaxy,Lynx,14.0,1.7,8,12.9,+,55,40,,True,17.97,28.71,---,---,---
698,NGC 2537,NGC 2537,Galaxy,Lynx,11.7,1.7,8,13.2,+,46,0,,True,10.39,34.87,9h34m,6h47m,18.02
700,NGC 2541,NGC 2541,Galaxy,Lynx,11.8,6.6,8,14.7,+,49,4,,True,12.65,32.76,---,---,---
701,NGC 2543,NGC 2543,Galaxy,Lynx,13.0,2.5,8,13.0,+,36,15,,True,2.83,40.85,11h24m,4h56m,16.17
702,NGC 2544,NGC 2544,Galaxy,Camelopardalis,12.0,1.1,8,21.7,+,73,59,,True,31.19,14.7,---,---,---
705,NGC 2549,NGC 2549,Galaxy,Lynx,11.1,4.2,8,19.0,+,57,48,,True,19.1,26.61,---,---,---
706,NGC 2550,NGC 2550,Galaxy,Camelopardalis,13.0,1.2,8,24.6,+,74,1,,True,31.07,14.51,---,---,---
707,NGC 2551,NGC 2551,Galaxy,Camelopardalis,12.0,1.9,8,24.8,+,73,25,,True,30.61,14.96,---,---,---
708,NGC 2552,NGC 2552,Galaxy,Lynx,12.2,3.2,8,19.3,+,50,1,,True,12.94,31.55,---,---,---
728,NGC 2591,NGC 2591,Galaxy,Camelopardalis,13.0,3.2,8,37.4,+,78,2,,True,33.53,10.65,---,---,---
739,NGC 2633,NGC 2633,Galaxy,Camelopardalis,11.9,2.6,8,48.1,+,74,6,,True,30.1,13.01,---,---,---
740,NGC 2634,NGC 2634,Galaxy,Camelopardalis,13.0,2.2,8,48.4,+,73,58,,True,29.98,13.08,---,---,---
742,NGC 2636,NGC 2636,Galaxy,Camelopardalis,14.0,0.5,8,48.4,+,73,40,,True,29.74,13.29,---,---,---
744,NGC 2646,NGC 2646,Galaxy,Camelopardalis,12.0,1.7,8,50.4,+,73,28,,True,29.49,13.31,---,---,---
747,NGC 2655,NGC 2655,Galaxy,Camelopardalis,10.1,5.1,8,55.6,+,78,13,,True,33.09,9.64,---,---,---
757,NGC 2691,NGC 2691,Galaxy,Lynx,14.0,1.6,8,54.8,+,39,32,,True,1.08,32.18,11h39m,6h05m,17.32
760,NGC 2712,NGC 2712,Galaxy,Lynx,12.0,2.9,8,59.5,+,44,55,,True,5.04,28.69,10h40m,7h13m,18.45
762,NGC 2715,NGC 2715,Galaxy,Camelopardalis,11.4,5.0,9,8.1,+,78,5,,True,32.6,9.12,---,---,---
768,NGC 2732,NGC 2732,Galaxy,Camelopardalis,11.9,2.3,9,13.4,+,79,11,,True,33.36,8.12,---,---,---
771,NGC 2748,NGC 2748,Galaxy,Camelopardalis,11.7,3.1,9,13.7,+,76,29,,True,31.09,9.87,---,---,---
780,NGC 2776,NGC 2776,Galaxy,Lynx,11.6,2.9,9,12.2,+,44,57,,True,4.01,26.7,10h52m,7h26m,18.67
789,NGC 2798,NGC 2798,Galaxy,Lynx,12.3,2.8,9,17.4,+,42,0,,True,1.14,27.25,11h37m,6h52m,18.1
790,NGC 2799,NGC 2799,Galaxy,Lynx,14.0,1.9,9,17.5,+,42,0,,True,1.13,27.23,11h37m,6h52m,18.1
835,NGC 2963,NGC 2963,Galaxy,Draco,14.0,1.4,9,47.8,+,72,58,,True,26.94,9.57,---,---,---
842,NGC 2977,NGC 2977,Galaxy,Draco,13.0,1.7,9,43.8,+,74,52,,True,28.77,8.93,---,---,---
868,NGC 3057,NGC 3057,Galaxy,Draco,14.0,2.5,10,5.6,+,80,17,,True,33.21,5.06,---,---,---
870,NGC 3061,NGC 3061,Galaxy,Draco,14.0,2.0,9,56.2,+,75,52,,True,29.35,7.63,---,---,---
891,NGC 3144,NGC 3144,Galaxy,Draco,14.0,1.4,10,15.5,+,74,13,,True,27.37,7.0,---,---,---
893,NGC 3147,NGC 3147,Galaxy,Draco,10.7,4.0,10,16.9,+,73,24,,True,26.56,7.21,---,---,---
902,NGC 3183,NGC 3183,Galaxy,Draco,13.0,2.5,10,21.8,+,74,10,,True,27.19,6.56,---,---,---
925,NGC 3252,NGC 3252,Galaxy,Draco,14.0,2.1,10,34.4,+,73,46,,True,26.54,5.77,---,---,---
957,NGC 3329,NGC 3329,Galaxy,Draco,13.0,2.1,10,44.7,+,76,49,,True,29.32,4.18,---,---,---
960,NGC 3343,NGC 3343,Galaxy,Draco,15.0,1.6,10,46.1,+,73,21,,True,25.94,4.98,---,---,---
972,NGC 3403,NGC 3403,Galaxy,Draco,13.0,3.1,10,53.9,+,73,41,,True,26.15,4.3,---,---,---
1040,NGC 3682,NGC 3682,Galaxy,Draco,13.0,2.0,11,27.7,+,66,35,,True,18.76,2.28,---,---,---
1052,NGC 3735,NGC 3735,Galaxy,Draco,12.0,4.2,11,36.0,+,70,32,,True,22.64,1.22,---,---,---
1113,NGC 4108,NGC 4108,Galaxy,Draco,13.0,1.9,12,6.8,+,67,10,,True,19.3,358.23,---,---,---
1116,NGC 4120,NGC 4120,Galaxy,Draco,14.0,1.9,12,8.5,+,69,33,,True,21.68,358.21,---,---,---
1117,NGC 4121,NGC 4121,Galaxy,Draco,14.0,0.6,12,7.9,+,65,7,,True,17.26,357.97,---,---,---
1120,NGC 4125,NGC 4125,Galaxy,Draco,9.8,5.1,12,8.1,+,65,11,,True,17.32,357.96,---,---,---
1121,NGC 4127,NGC 4127,Galaxy,Camelopardalis,13.0,2.3,12,8.4,+,76,48,,True,28.91,358.76,---,---,---
1122,NGC 4128,NGC 4128,Galaxy,Draco,13.0,2.8,12,8.5,+,68,46,,True,20.9,358.15,---,---,---
1133,NGC 4210,NGC 4210,Galaxy,Draco,13.0,2.2,12,15.3,+,65,59,,True,18.19,357.24,---,---,---
1137,NGC 4221,NGC 4221,Galaxy,Draco,14.0,2.3,12,16.0,+,66,14,,True,18.44,357.19,---,---,---
1143,NGC 4236,NGC 4236,Galaxy,Draco,9.7,18.0,12,16.7,+,69,28,,True,21.65,357.44,---,---,---
1144,NGC 4238,NGC 4238,Galaxy,Draco,14.0,1.9,12,16.9,+,63,25,,True,15.65,356.82,---,---,---
1148,NGC 4250,NGC 4250,Galaxy,Draco,13.0,2.7,12,17.4,+,70,48,,True,22.99,357.51,---,---,---
1150,NGC 4256,NGC 4256,Galaxy,Draco,12.0,4.6,12,18.7,+,65,54,,True,18.13,356.87,---,---,---
1165,NGC 4291,NGC 4291,Galaxy,Draco,12.0,2.2,12,20.3,+,75,22,,True,27.55,357.81,---,---,---
1177,NGC 4319,NGC 4319,Galaxy,Draco,12.0,3.1,12,21.7,+,75,19,,True,27.51,357.7,---,---,---
1181,NGC 4331,NGC 4331,Galaxy,Draco,15.0,2.0,12,22.4,+,76,11,,True,28.36,357.76,---,---,---
1182,NGC 4332,NGC 4332,Galaxy,Draco,13.0,2.3,12,22.8,+,65,51,,True,18.12,356.43,---,---,---
1196,NGC 4363,NGC 4363,Galaxy,Draco,15.0,1.5,12,23.5,+,74,57,,True,27.16,357.53,---,---,---
1205,NGC 4386,NGC 4386,Galaxy,Draco,12.0,3.0,12,24.5,+,75,32,,True,27.74,357.54,---,---,---
1209,NGC 4391,NGC 4391,Galaxy,Draco,14.0,1.4,12,25.3,+,64,56,,True,17.25,356.04,---,---,---
1232,NGC 4441,NGC 4441,Galaxy,Draco,14.0,4.7,12,27.3,+,64,48,,True,17.15,355.8,---,---,---
1275,NGC 4545,NGC 4545,Galaxy,Draco,13.0,2.8,12,34.6,+,63,31,,True,16.0,354.8,---,---,---
1289,NGC 4589,NGC 4589,Galaxy,Draco,12.0,3.0,12,37.4,+,74,12,,True,26.54,356.37,---,---,---
1313,NGC 4648,NGC 4648,Galaxy,Draco,13.0,2.2,12,41.8,+,74,25,,True,26.82,356.1,---,---,---
1350,NGC 4749,NGC 4749,Galaxy,Draco,14.0,1.9,12,51.2,+,71,38,,True,24.24,354.73,---,---,---
1351,NGC 4750,NGC 4750,Galaxy,Draco,12.0,2.3,12,50.1,+,72,52,,True,25.43,355.11,---,---,---
1477,NGC 5283,NGC 5283,Galaxy,Draco,14.0,1.3,13,41.1,+,67,40,,True,21.76,348.97,---,---,---
1509,NGC 5481,NGC 5481,Galaxy,Boötes,13.0,1.7,14,6.7,+,50,43,,True,7.57,338.92,---,---,---
1544,NGC 5608,NGC 5608,Galaxy,Boötes,13.0,2.7,14,23.3,+,41,46,,True,1.08,332.38,16h44m,11h54m,23.13
1551,NGC 5630,NGC 5630,Galaxy,Boötes,14.0,2.5,14,27.6,+,41,16,,True,1.01,331.42,16h54m,11h53m,23.12
1552,NGC 5633,NGC 5633,Galaxy,Boötes,12.3,2.3,14,27.5,+,46,9,,True,5.07,333.76,15h44m,13h03m,0.28
1562,NGC 5660,NGC 5660,Galaxy,Boötes,11.8,2.8,14,29.8,+,49,37,,True,8.26,335.09,---,---,---
1565,NGC 5667,NGC 5667,Galaxy,Draco,13.0,1.8,14,30.4,+,59,29,,True,16.83,339.97,---,---,---
1569,NGC 5673,NGC 5673,Galaxy,Boötes,14.0,2.6,14,31.5,+,49,58,,True,8.68,335.01,---,---,---
1570,NGC 5676,NGC 5676,Galaxy,Boötes,10.9,3.9,14,32.8,+,49,28,,True,8.35,334.58,---,---,---
1571,NGC 5678,NGC 5678,Galaxy,Draco,12.0,3.2,14,32.1,+,57,55,,True,15.6,338.96,---,---,---
1572,NGC 5682,NGC 5682,Galaxy,Boötes,14.0,2.0,14,34.8,+,48,40,,True,7.83,333.91,---,---,---
1573,NGC 5683,NGC 5683,Galaxy,Boötes,14.8,0.7,14,34.9,+,48,40,,True,7.83,333.88,---,---,---
1574,NGC 5687,NGC 5687,Galaxy,Boötes,11.8,2.6,14,34.9,+,54,29,,True,12.83,336.83,---,---,---
1575,NGC 5689,NGC 5689,Galaxy,Boötes,11.9,3.7,14,35.5,+,48,45,,True,7.95,333.83,---,---,---
1579,NGC 5693,NGC 5693,Galaxy,Boötes,15.0,1.9,14,36.2,+,48,35,,True,7.87,333.66,---,---,---
1583,NGC 5707,NGC 5707,Galaxy,Boötes,13.0,2.8,14,37.5,+,51,34,,True,10.53,334.98,---,---,---
1585,NGC 5714,NGC 5714,Galaxy,Boötes,14.0,3.0,14,38.2,+,46,38,,True,6.37,332.38,15h43m,13h25m,0.65
1593,NGC 5739,NGC 5739,Galaxy,Boötes,13.0,2.2,14,42.5,+,41,50,,True,2.74,329.29,17h03m,12h14m,23.47
1602,NGC 5772,NGC 5772,Galaxy,Boötes,14.0,2.3,14,51.7,+,40,36,,True,2.58,327.17,17h25m,12h11m,23.42
1605,NGC 5777,NGC 5777,Galaxy,Draco,14.0,3.3,14,51.3,+,58,58,,True,17.82,337.32,---,---,---
1606,NGC 5783,NGC 5783,Galaxy,Boötes,13.0,3.0,14,53.5,+,52,5,,True,12.25,333.12,---,---,---
1607,NGC 5787,NGC 5787,Galaxy,Boötes,14.0,1.2,14,55.3,+,42,30,,True,4.47,327.62,17h08m,12h35m,23.82
1616,NGC 5820,NGC 5820,Galaxy,Boötes,11.9,2.5,14,58.7,+,53,53,,True,14.18,333.48,---,---,---
1632,NGC 5860,NGC 5860,Galaxy,Boötes,14.0,1.0,15,6.6,+,42,38,,True,5.7,325.95,17h18m,12h47m,0.02
1636,NGC 5874,NGC 5874,Galaxy,Boötes,14.0,2.5,15,7.9,+,54,45,,True,15.65,332.86,---,---,---
1637,NGC 5875,NGC 5875,Galaxy,Boötes,13.0,2.6,15,9.2,+,52,32,,True,13.97,331.34,---,---,---
1638,NGC 5876,NGC 5876,Galaxy,Boötes,14.0,2.6,15,9.5,+,54,30,,True,15.59,332.51,---,---,---
1640,NGC 5879,NGC 5879,Galaxy,Draco,11.5,4.4,15,9.8,+,57,0,,True,17.61,334.02,---,---,---
1643,NGC 5888,NGC 5888,Galaxy,Boötes,14.0,1.5,15,13.1,+,41,16,,True,5.28,324.16,17h40m,12h39m,23.88
1644,NGC 5889,NGC 5889,Galaxy,Boötes,16.0,0.9,15,13.3,+,41,20,,True,5.35,324.17,17h39m,12h39m,23.88
1645,NGC 5893,NGC 5893,Galaxy,Boötes,14.0,1.4,15,13.6,+,41,58,,True,5.88,324.49,17h33m,12h47m,0.02
1646,NGC 5894,NGC 5894,Galaxy,Draco,13.0,3.3,15,11.7,+,59,49,,True,20.0,335.6,---,---,---
1649,NGC 5899,NGC 5899,Galaxy,Boötes,11.8,3.0,15,15.0,+,42,3,,True,6.11,324.32,17h33m,12h49m,0.05
1650,NGC 5900,NGC 5900,Galaxy,Boötes,15.0,1.6,15,15.1,+,42,13,,True,6.24,324.41,17h31m,12h51m,0.08
1652,NGC 5905,NGC 5905,Galaxy,Draco,12.0,4.2,15,15.4,+,55,31,,True,16.9,332.44,---,---,---
1653,NGC 5906,NGC 5906,Galaxy,Draco,14.0,0.5,15,15.8,+,56,20,,True,17.59,332.9,---,---,---
1654,NGC 5908,NGC 5908,Galaxy,Draco,11.9,3.2,15,16.7,+,55,25,,True,16.93,332.21,---,---,---
1659,NGC 5923,NGC 5923,Galaxy,Boötes,15.0,2.0,15,21.2,+,41,43,,True,6.52,323.19,17h43m,12h52m,0.1
1662,NGC 5929,NGC 5929,Galaxy,Boötes,13.0,1.1,15,26.1,+,41,40,,True,7.02,322.43,17h48m,12h56m,0.17
1665,NGC 5949,NGC 5949,Galaxy,Draco,13.0,2.4,15,28.0,+,64,46,,True,25.01,337.45,---,---,---
1671,NGC 5963,NGC 5963,Galaxy,Draco,12.0,3.5,15,33.5,+,56,35,,True,19.29,331.07,---,---,---
1673,NGC 5965,NGC 5965,Galaxy,Draco,13.0,5.4,15,34.0,+,56,42,,True,19.44,331.09,---,---,---
1677,NGC 5976,NGC 5976,Galaxy,Draco,14.8,1.0,15,36.8,+,59,23,,True,21.71,332.71,---,---,---
1679,NGC 5981,NGC 5981,Galaxy,Draco,13.0,2.8,15,37.9,+,59,23,,True,21.8,332.6,---,---,---
1680,NGC 5982,NGC 5982,Galaxy,Draco,11.1,2.9,15,38.7,+,59,21,,True,21.84,332.49,---,---,---
1682,NGC 5985,NGC 5985,Galaxy,Draco,11.0,5.5,15,39.6,+,59,20,,True,21.9,332.38,---,---,---
1684,NGC 5987,NGC 5987,Galaxy,Draco,13.0,4.7,15,39.9,+,58,5,,True,21.01,331.44,---,---,---
1685,NGC 5992,NGC 5992,Galaxy,Boötes,14.0,1.1,15,44.4,+,41,5,,True,8.67,319.36,18h12m,13h08m,0.37
1690,NGC 6015,NGC 6015,Galaxy,Draco,11.2,5.4,15,51.4,+,62,19,,True,25.04,333.5,---,---,---
1709,NGC 6058,NGC 6058,Planetary Nebula,Hercules,13.0,0.4,16,4.4,+,40,41,,True,10.86,316.2,18h37m,13h24m,0.63
1716,NGC 6090,NGC 6090,Galaxy,Draco,14.0,1.9,16,11.7,+,52,27,,True,20.12,323.8,---,---,---
1724,NGC 6140,NGC 6140,Galaxy,Draco,12.0,6.2,16,20.9,+,65,23,,True,29.51,333.69,---,---,---
1725,NGC 6143,NGC 6143,Galaxy,Draco,14.0,1.2,16,21.7,+,55,5,,True,22.99,324.8,---,---,---
1729,NGC 6154,NGC 6154,Galaxy,Hercules,14.0,2.4,16,25.6,+,49,50,,True,19.91,320.2,---,---,---
1730,NGC 6160,NGC 6160,Galaxy,Hercules,15.0,2.1,16,27.7,+,40,55,,True,14.08,313.15,18h57m,13h50m,1.07
1731,NGC 6166,NGC 6166,Galaxy,Hercules,12.0,2.4,16,28.6,+,39,33,,True,13.26,312.0,19h11m,13h37m,0.85
1734,NGC 6173,NGC 6173,Galaxy,Hercules,14.0,2.2,16,29.8,+,40,49,,True,14.28,312.78,19h00m,13h51m,1.08
1737,NGC 6186,NGC 6186,Galaxy,Hercules,14.0,1.8,16,34.4,+,21,33,,True,1.65,298.26,21h06m,11h54m,23.13
1740,NGC 6195,NGC 6195,Galaxy,Hercules,15.0,1.8,16,36.5,+,39,2,,True,13.99,310.53,19h24m,13h41m,0.92
1743,NGC 6207,NGC 6207,Galaxy,Hercules,11.6,3.0,16,43.1,+,36,50,,True,13.43,307.97,19h48m,13h29m,0.72
1745,NGC 6210,NGC 6210,Planetary Nebula,Hercules,9.0,0.2,16,44.5,+,23,49,,True,4.74,298.22,21h06m,12h15m,23.48
1746,NGC 6211,NGC 6211,Galaxy,Draco,14.0,2.0,16,41.5,+,57,47,,True,26.8,325.18,---,---,---
1750,NGC 6223,NGC 6223,Galaxy,Draco,13.0,3.4,16,43.1,+,61,34,,True,29.22,328.5,---,---,---
1751,NGC 6229,NGC 6229,Globular Cluster,Hercules,9.4,4.5,16,47.0,+,47,32,,True,21.05,315.85,17h22m,16h03m,3.28
1754,NGC 6236,NGC 6236,Galaxy,Draco,12.0,3.0,16,44.5,+,70,48,,True,34.34,337.49,---,---,---
1755,NGC 6239,NGC 6239,Galaxy,Hercules,12.3,2.8,16,50.1,+,42,44,,True,18.36,311.6,19h00m,14h32m,1.77
1758,NGC 6246,NGC 6246,Galaxy,Draco,14.1,1.7,16,49.9,+,55,33,,True,26.38,322.4,---,---,---
1759,NGC 6248,NGC 6248,Galaxy,Draco,13.0,3.3,16,46.4,+,70,22,,True,34.26,336.96,---,---,---
1763,NGC 6255,NGC 6255,Galaxy,Hercules,14.0,3.5,16,54.8,+,36,30,,True,14.94,306.09,20h03m,13h38m,0.87
1767,NGC 6285,NGC 6285,Galaxy,Draco,15.0,1.3,16,58.4,+,58,59,,True,29.29,324.79,---,---,---
1768,NGC 6286,NGC 6286,Galaxy,Draco,14.0,1.5,16,58.6,+,58,58,,True,29.29,324.76,---,---,---
1775,NGC 6306,NGC 6306,Galaxy,Draco,14.0,1.2,17,7.6,+,60,44,,True,31.22,325.8,---,---,---
1776,NGC 6307,NGC 6307,Galaxy,Draco,14.0,1.6,17,7.7,+,60,45,,True,31.23,325.81,---,---,---
1777,NGC 6308,NGC 6308,Galaxy,Hercules,14.0,1.3,17,12.0,+,23,23,,True,8.97,293.57,21h35m,12h40m,23.9
1779,NGC 6310,NGC 6310,Galaxy,Draco,14.0,2.1,17,8.0,+,61,0,,True,31.39,326.03,---,---,---
1780,NGC 6314,NGC 6314,Galaxy,Hercules,13.1,1.8,17,12.6,+,23,16,,True,9.01,293.39,21h36m,12h40m,23.9
1781,NGC 6315,NGC 6315,Galaxy,Hercules,13.3,0.9,17,12.8,+,23,13,,True,9.0,293.33,21h37m,12h40m,23.9
1787,NGC 6339,NGC 6339,Galaxy,Hercules,13.0,3.4,17,17.1,+,40,51,,True,21.04,306.65,19h47m,14h38m,1.87
1788,NGC 6340,NGC 6340,Galaxy,Draco,11.0,3.4,17,10.4,+,72,18,,True,36.85,338.01,---,---,---
1793,NGC 6359,NGC 6359,Galaxy,Draco,12.6,1.2,17,17.9,+,61,47,,True,32.81,326.14,---,---,---
1794,NGC 6361,NGC 6361,Galaxy,Draco,14.0,2.4,17,18.6,+,60,37,,True,32.32,324.87,---,---,---
1797,NGC 6368,NGC 6368,Galaxy,Ophiuchus,13.0,4.0,17,27.1,+,11,33,,True,3.8,282.3,22h40m,12h06m,23.33
1799,NGC 6372,NGC 6372,Galaxy,Hercules,14.0,1.9,17,27.5,+,26,28,,True,13.62,293.57,21h36m,13h11m,0.42
1801,NGC 6379,NGC 6379,Galaxy,Hercules,15.0,1.3,17,30.6,+,16,17,,True,7.5,285.3,22h24m,12h28m,23.7
1802,NGC 6381,NGC 6381,Galaxy,Draco,14.0,1.5,17,27.3,+,60,1,,True,32.97,323.64,---,---,---
1803,NGC 6384,NGC 6384,Galaxy,Ophiuchus,10.6,6.0,17,32.4,+,7,4,,True,1.85,278.12,23h01m,11h55m,23.15
1805,NGC 6389,NGC 6389,Galaxy,Hercules,14.0,3.1,17,32.7,+,16,24,,True,7.94,285.05,22h26m,12h31m,23.75
1806,NGC 6395,NGC 6395,Galaxy,Draco,13.0,2.6,17,26.4,+,71,6,,True,37.56,336.0,---,---,---
1812,NGC 6412,NGC 6412,Galaxy,Draco,11.8,2.3,17,29.6,+,75,42,,True,39.28,341.46,---,---,---
1815,NGC 6426,NGC 6426,Globular Cluster,Ophiuchus,11.2,3.2,17,44.9,+,3,0,,True,1.58,273.14,23h28m,11h53m,23.12
1823,NGC 6454,NGC 6454,Galaxy,Draco,15.0,1.4,17,44.9,+,55,42,,True,33.02,317.79,---,---,---
1824,NGC 6467,NGC 6467,Galaxy,Hercules,15.0,2.7,17,50.7,+,17,32,,True,11.9,283.04,22h39m,12h53m,0.12
1826,NGC 6478,NGC 6478,Galaxy,Draco,14.0,1.9,17,48.6,+,51,9,,True,31.32,312.77,---,---,---
1827,NGC 6482,NGC 6482,Galaxy,Hercules,11.3,2.3,17,51.8,+,23,4,,True,15.65,287.22,22h16m,13h18m,0.53
1829,NGC 6500,NGC 6500,Galaxy,Hercules,13.0,2.5,17,56.0,+,18,20,,True,13.37,282.82,22h41m,13h02m,0.27
1830,NGC 6501,NGC 6501,Galaxy,Hercules,12.3,2.0,17,56.1,+,18,22,,True,13.41,282.84,22h41m,13h02m,0.27
1831,NGC 6503,NGC 6503,Galaxy,Draco,10.2,6.2,17,49.4,+,70,9,,True,39.04,334.07,---,---,---
1832,NGC 6504,NGC 6504,Galaxy,Hercules,13.0,2.5,17,56.0,+,33,12,,True,22.63,295.05,21h26m,14h17m,1.52
1834,NGC 6509,NGC 6509,Galaxy,Ophiuchus,13.0,2.3,17,59.4,+,6,17,,True,6.15,273.05,23h31m,12h19m,23.55
1840,NGC 6535,NGC 6535,Globular Cluster,Serpens,10.6,3.6,18,3.8,-,0,18,,True,2.68,267.4,0h03m,11h59m,23.22
1844,NGC 6542,NGC 6542,Galaxy,Draco,14.0,1.5,17,59.7,+,61,22,,True,37.12,323.09,---,---,---
1845,NGC 6543,NGC 6543,Planetary Nebula,Draco,9.0,5.8,17,58.6,+,66,38,,True,38.78,329.44,---,---,---
1849,NGC 6555,NGC 6555,Galaxy,Hercules,12.0,2.1,18,7.8,+,17,36,,True,15.04,280.38,22h56m,13h11m,0.42
1850,NGC 6560,NGC 6560,Galaxy,Hercules,14.0,1.3,18,5.3,+,46,52,,True,31.58,306.84,19h03m,16h59m,4.22
1856,NGC 6570,NGC 6570,Galaxy,Ophiuchus,13.0,1.8,18,11.1,+,14,6,,True,13.39,277.08,23h13m,13h00m,0.23
1857,NGC 6572,NGC 6572,Planetary Nebula,Ophiuchus,9.0,0.1,18,12.1,+,6,51,,True,8.84,271.36,23h42m,12h33m,23.78
1858,NGC 6574,NGC 6574,Galaxy,Hercules,12.0,1.4,18,11.9,+,14,59,,True,14.1,277.66,23h11m,13h04m,0.3
1862,NGC 6587,NGC 6587,Galaxy,Hercules,12.1,2.3,18,13.9,+,18,50,,True,16.92,280.4,22h57m,13h22m,0.6
1864,NGC 6615,NGC 6615,Galaxy,Ophiuchus,15.0,1.2,18,18.6,+,13,16,,True,14.22,275.23,23h24m,13h04m,0.3
1866,NGC 6621,NGC 6621,Galaxy,Draco,13.1,2.5,18,12.9,+,68,22,,True,40.57,331.12,---,---,---
1868,NGC 6627,NGC 6627,Galaxy,Hercules,13.2,1.5,18,22.7,+,15,42,,True,16.54,276.49,23h19m,13h18m,0.53
1871,NGC 6632,NGC 6632,Galaxy,Hercules,13.0,3.1,18,25.0,+,27,32,,True,24.29,286.04,22h28m,14h13m,1.45
1872,NGC 6633,NGC 6633,Open Cluster,Ophiuchus,4.6,27.0,18,27.7,+,6,34,,True,11.49,268.57,0h02m,12h48m,0.03
1873,NGC 6635,NGC 6635,Galaxy,Hercules,15.0,1.3,18,27.6,+,14,49,,True,16.89,274.98,23h27m,13h19m,0.55
1876,NGC 6643,NGC 6643,Galaxy,Draco,11.1,3.9,18,19.8,+,74,34,,True,42.19,339.14,---,---,---
1879,NGC 6649,NGC 6649,Open Cluster,Scutum,8.9,6.0,18,33.5,-,10,24,,True,1.37,254.97,1h10m,11h52m,23.1
1880,NGC 6651,NGC 6651,Galaxy,Draco,14.0,1.8,18,24.3,+,71,36,,True,42.14,335.11,---,---,---
1882,NGC 6654,NGC 6654,Galaxy,Draco,11.6,3.0,18,24.1,+,73,11,,True,42.33,337.23,---,---,---
1883,NGC 6658,NGC 6658,Galaxy,Hercules,12.9,1.9,18,33.9,+,22,53,,True,23.1,280.67,22h59m,14h00m,1.23
1884,NGC 6664,NGC 6664,Open Cluster,Scutum,7.8,16.0,18,36.7,-,8,13,,True,3.31,256.07,1h05m,12h03m,23.28
1885,NGC 6667,NGC 6667,Galaxy,Draco,12.0,2.6,18,30.7,+,67,59,,True,42.11,330.18,---,---,---
1886,NGC 6674,NGC 6674,Galaxy,Hercules,12.1,4.2,18,38.6,+,25,23,,True,25.44,282.15,22h52m,14h16m,1.5
1887,NGC 6683,NGC 6683,Open Cluster,Scutum,10.0,11.0,18,42.2,-,6,17,,True,5.63,256.55,1h03m,12h16m,23.5
1889,NGC 6689,NGC 6689,Galaxy,Draco,12.0,3.9,18,34.9,+,70,32,,True,42.84,333.51,---,---,---
1890,NGC 6691,NGC 6691,Galaxy,Draco,14.0,1.7,18,39.3,+,55,38,,True,40.01,313.98,---,---,---
1892,NGC 6701,NGC 6701,Galaxy,Draco,13.0,1.8,18,43.2,+,60,40,,True,41.93,320.15,---,---,---
1893,NGC 6702,NGC 6702,Galaxy,Lyra,12.2,2.1,18,47.0,+,45,42,,True,37.44,301.57,20h12m,17h13m,4.45
1894,NGC 6703,NGC 6703,Galaxy,Lyra,11.4,2.6,18,47.3,+,45,33,,True,37.43,301.36,20h15m,17h10m,4.4
1895,NGC 6704,NGC 6704,Open Cluster,Scutum,9.2,6.0,18,50.9,-,5,12,,True,7.81,255.8,1h08m,12h28m,23.7
1896,NGC 6709,NGC 6709,Open Cluster,Aquila,6.7,13.0,18,51.5,+,10,21,,True,18.35,267.46,0h12m,13h25m,0.65
1897,NGC 6710,NGC 6710,Galaxy,Lyra,12.8,2.0,18,50.6,+,26,50,,True,28.48,281.7,22h57m,14h35m,1.82
1898,NGC 6711,NGC 6711,Galaxy,Draco,14.0,1.3,18,49.0,+,47,39,,True,38.56,303.64,19h17m,18h12m,5.43
1899,NGC 6712,NGC 6712,Globular Cluster,Scutum,8.2,7.2,18,53.1,-,8,42,,True,5.83,252.86,1h23m,12h18m,23.53
1903,NGC 6738,NGC 6738,Open Cluster,Aquila,8.0,15.0,19,1.4,+,11,36,,True,21.05,266.8,0h17m,13h40m,0.9
1904,NGC 6741,NGC 6741,Planetary Nebula,Aquila,11.0,0.1,19,2.6,-,0,27,,True,13.2,257.22,1h03m,12h57m,0.18
1905,NGC 6742,NGC 6742,Planetary Nebula,Draco,15.0,0.5,18,59.3,+,48,28,,True,40.46,303.76,---,---,---
1907,NGC 6749,NGC 6749,Globular Cluster,Aquila,11.1,6.3,19,5.1,+,1,47,,True,15.28,258.51,0h57m,13h08m,0.37
1908,NGC 6751,NGC 6751,Planetary Nebula,Aquila,13.0,0.3,19,5.9,-,6,0,,True,9.96,252.57,1h26m,12h41m,23.92
1912,NGC 6755,NGC 6755,Open Cluster,Aquila,7.5,15.0,19,7.8,+,4,14,,True,17.36,259.86,0h51m,13h20m,0.57
1913,NGC 6756,NGC 6756,Open Cluster,Aquila,11.0,4.0,19,8.7,+,4,41,,True,17.83,260.04,0h51m,13h20m,0.57
1915,NGC 6760,NGC 6760,Globular Cluster,Aquila,9.1,6.6,19,11.2,+,1,2,,True,15.76,256.79,1h06m,13h11m,0.42
1916,NGC 6764,NGC 6764,Galaxy,Cygnus,13.0,2.5,19,8.3,+,50,56,,True,42.65,306.21,---,---,---
1920,NGC 6772,NGC 6772,Planetary Nebula,Aquila,14.0,1.0,19,14.6,-,2,42,,True,13.78,253.41,1h23m,13h01m,0.25
1922,NGC 6778,NGC 6778,Planetary Nebula,Aquila,13.0,0.3,19,18.4,-,1,36,,True,15.23,253.54,1h22m,13h09m,0.38
1924,NGC 6781,NGC 6781,Planetary Nebula,Aquila,12.0,1.8,19,18.4,+,6,33,,True,20.84,259.72,0h53m,13h38m,0.87
1926,NGC 6790,NGC 6790,Planetary Nebula,Aquila,10.0,0.1,19,23.2,+,1,31,,True,18.2,255.03,1h16m,13h25m,0.65
1927,NGC 6791,NGC 6791,Open Cluster,Lyra,9.5,16.0,19,20.7,+,37,51,,True,39.64,288.91,22h18m,16h14m,3.47
1928,NGC 6796,NGC 6796,Galaxy,Draco,14.0,2.1,19,21.5,+,61,9,,True,46.59,319.71,---,---,---
1929,NGC 6802,NGC 6802,Open Cluster,Vulpecula,8.8,3.0,19,30.6,+,20,16,,True,31.95,269.28,0h11m,14h44m,1.97
1930,NGC 6803,NGC 6803,Planetary Nebula,Aquila,11.0,0.1,19,31.3,+,10,3,,True,25.54,260.23,0h53m,14h04m,1.3
1931,NGC 6804,NGC 6804,Planetary Nebula,Aquila,12.0,1.1,19,31.6,+,9,13,,True,25.04,259.49,0h56m,14h01m,1.25
1934,NGC 6811,NGC 6811,Open Cluster,Cygnus,6.8,13.0,19,38.2,+,46,34,,True,45.79,298.11,20h47m,18h18m,5.53
1935,NGC 6814,NGC 6814,Galaxy,Aquila,11.2,3.2,19,42.7,-,10,19,,True,13.12,242.82,2h19m,13h01m,0.25
1936,NGC 6818,NGC 6818,Planetary Nebula,Sagittarius,10.0,0.3,19,44.0,-,14,9,,True,10.5,239.97,2h35m,12h48m,0.03
1937,NGC 6819,NGC 6819,Open Cluster,Cygnus,7.3,5.0,19,41.3,+,40,11,,True,44.25,289.55,22h17m,16h56m,4.17
1938,NGC 6821,NGC 6821,Galaxy,Aquila,14.0,1.1,19,44.4,-,6,50,,True,15.97,244.93,2h07m,13h16m,0.5
1939,NGC 6822,NGC 6822,Galaxy,Sagittarius,9.0,10.0,19,44.9,-,14,48,,True,10.17,239.36,2h38m,12h46m,24.0
1940,NGC 6823,NGC 6823,Open Cluster,Vulpecula,7.1,12.0,19,43.1,+,23,18,,True,36.1,270.1,0h10m,15h11m,2.42
1941,NGC 6824,NGC 6824,Galaxy,Cygnus,11.9,2.1,19,43.7,+,56,7,,True,48.9,311.8,---,---,---
1942,NGC 6826,NGC 6826,Planetary Nebula,Cygnus,10.0,2.3,19,44.8,+,50,31,,True,48.1,303.46,---,---,---
1943,NGC 6830,NGC 6830,Open Cluster,Vulpecula,7.9,12.0,19,51.0,+,23,4,,True,37.44,268.58,0h19m,15h17m,2.52
1944,NGC 6833,NGC 6833,Planetary Nebula,Cygnus,14.0,0.1,19,49.7,+,48,58,,True,48.52,300.89,---,---,---
1945,NGC 6834,NGC 6834,Open Cluster,Cygnus,7.8,5.0,19,52.2,+,29,25,,True,41.2,275.14,23h44m,15h50m,3.07
1946,NGC 6835,NGC 6835,Galaxy,Sagittarius,12.5,2.7,19,54.5,-,12,34,,True,13.37,239.06,2h39m,13h05m,0.32
1947,NGC 6836,NGC 6836,Galaxy,Sagittarius,13.0,1.2,19,54.7,-,12,41,,True,13.29,238.96,2h40m,13h04m,0.3
1948,NGC 6842,NGC 6842,Planetary Nebula,Vulpecula,14.0,0.8,19,55.0,+,29,17,,True,41.66,274.56,23h48m,15h53m,3.12
1952,NGC 6866,NGC 6866,Open Cluster,Cygnus,7.6,7.0,20,3.7,+,44,0,,True,49.57,292.83,21h54m,18h04m,5.3
1954,NGC 6869,NGC 6869,Galaxy,Draco,13.0,1.7,20,0.7,+,66,13,,True,50.8,327.56,---,---,---
1956,NGC 6871,NGC 6871,Open Cluster,Cygnus,5.2,20.0,20,5.9,+,35,47,,True,46.82,280.92,23h18m,16h44m,3.97
1962,NGC 6879,NGC 6879,Planetary Nebula,Sagitta,13.0,0.1,20,10.5,+,16,55,,True,37.21,258.92,1h05m,15h10m,2.4
1963,NGC 6881,NGC 6881,Planetary Nebula,Cygnus,14.0,0.1,20,10.8,+,37,25,,True,48.4,282.5,23h11m,17h01m,4.25
1964,NGC 6882,NGC 6882,Open Cluster,Vulpecula,8.1,18.0,20,11.7,+,26,33,,True,43.43,269.03,0h22m,15h56m,3.17
1965,NGC 6883,NGC 6883,Open Cluster,Cygnus,8.0,15.0,20,11.3,+,35,51,,True,47.82,280.3,23h23m,16h50m,4.07
1966,NGC 6884,NGC 6884,Planetary Nebula,Cygnus,13.0,0.1,20,10.4,+,46,28,,True,51.29,295.83,21h18m,18h53m,6.12
1967,NGC 6885,NGC 6885,Open Cluster,Vulpecula,6.0,7.0,20,12.0,+,26,29,,True,43.28,268.6,0h24m,15h55m,3.15
1968,NGC 6886,NGC 6886,Planetary Nebula,Sagitta,12.0,0.1,20,12.7,+,19,59,,True,39.57,261.5,0h54m,15h25m,2.65
1971,NGC 6891,NGC 6891,Planetary Nebula,Delphinus,12.0,1.2,20,15.2,+,12,42,,True,35.25,254.08,1h26m,14h58m,2.2
1973,NGC 6894,NGC 6894,Planetary Nebula,Cygnus,14.0,0.7,20,16.4,+,30,34,,True,46.28,272.75,0h06m,16h21m,3.58
1975,NGC 6905,NGC 6905,Planetary Nebula,Delphinus,12.0,1.7,20,22.4,+,20,7,,True,41.41,259.75,1h04m,15h35m,2.82
1976,NGC 6906,NGC 6906,Galaxy,Aquila,12.7,1.8,20,23.6,+,6,27,,True,32.32,246.97,1h58m,14h43m,1.95
1977,NGC 6907,NGC 6907,Galaxy,Capricornus,11.3,3.4,20,25.1,-,24,49,,True,8.27,225.56,4h02m,12h43m,23.95
1979,NGC 6910,NGC 6910,Open Cluster,Cygnus,7.4,8.0,20,23.1,+,40,47,,True,51.86,286.0,22h53m,17h43m,4.95
1980,NGC 6912,NGC 6912,Galaxy,Capricornus,14.0,1.6,20,26.9,-,18,38,,True,13.48,228.93,3h36m,13h12m,0.43
1981,NGC 6921,NGC 6921,Galaxy,Vulpecula,15.0,1.1,20,28.5,+,25,43,,True,45.91,264.8,0h44m,16h07m,3.35
1982,NGC 6923,NGC 6923,Galaxy,Microscopium,12.1,2.5,20,31.7,-,30,50,,True,4.25,220.89,4h40m,12h18m,23.53
1983,NGC 6925,NGC 6925,Galaxy,Microscopium,11.3,4.1,20,34.3,-,31,59,,True,3.65,219.77,4h49m,12h14m,23.47
1984,NGC 6926,NGC 6926,Galaxy,Aquila,12.4,2.1,20,33.1,-,2,1,,True,27.54,238.45,2h38m,14h22m,1.6
1985,NGC 6927,NGC 6927,Galaxy,Delphinus,14.5,0.6,20,32.6,+,9,55,,True,36.37,247.93,1h54m,15h05m,2.32
1986,NGC 6928,NGC 6928,Galaxy,Delphinus,12.6,2.2,20,32.8,+,9,56,,True,36.42,247.89,1h55m,15h05m,2.32
1987,NGC 6929,NGC 6929,Galaxy,Aquila,13.5,0.9,20,33.4,-,2,2,,True,27.57,238.39,2h39m,14h22m,1.6
1988,NGC 6930,NGC 6930,Galaxy,Delphinus,13.1,1.4,20,33.0,+,9,52,,True,36.4,247.82,1h55m,15h05m,2.32
1989,NGC 6934,NGC 6934,Globular Cluster,Delphinus,8.9,5.9,20,34.2,+,7,24,,True,34.82,245.45,2h05m,14h57m,2.18
1991,NGC 6939,NGC 6939,Open Cluster,Cepheus,7.8,8.0,20,31.4,+,60,38,,True,55.08,319.36,---,---,---
1992,NGC 6940,NGC 6940,Open Cluster,Vulpecula,6.3,31.0,20,34.6,+,28,18,,True,48.43,266.85,0h37m,16h26m,3.67
1995,NGC 6944,NGC 6944,Galaxy,Delphinus,13.3,1.7,20,38.4,+,7,0,,True,35.23,244.18,2h11m,15h00m,2.23
1996,NGC 6946,NGC 6946,Galaxy,Cepheus,8.9,11.0,20,34.8,+,60,9,,True,55.57,318.6,---,---,---
1997,NGC 6951,NGC 6951,Galaxy,Cepheus,11.1,3.8,20,37.2,+,66,6,,True,54.41,328.79,---,---,---
1998,NGC 6954,NGC 6954,Galaxy,Delphinus,13.2,1.1,20,44.1,+,3,13,,True,33.31,239.88,2h30m,14h52m,2.1
1999,NGC 6956,NGC 6956,Galaxy,Delphinus,14.0,2.1,20,44.0,+,12,31,,True,40.16,247.74,1h56m,15h26m,2.67
2001,NGC 6962,NGC 6962,Galaxy,Aquarius,12.0,3.0,20,47.3,+,0,19,,True,31.59,236.97,2h44m,14h45m,1.98
2002,NGC 6963,NGC 6963,Galaxy,Aquarius,14.1,0.7,20,47.3,+,0,29,,True,31.74,237.1,2h43m,14h45m,1.98
2003,NGC 6964,NGC 6964,Galaxy,Aquarius,12.7,1.9,20,47.4,+,0,18,,True,31.59,236.93,2h44m,14h45m,1.98
2005,NGC 6972,NGC 6972,Galaxy,Delphinus,14.0,1.4,20,50.0,+,9,54,,True,39.3,243.99,2h12m,15h22m,2.6
2006,NGC 6978,NGC 6978,Galaxy,Aquarius,14.0,1.9,20,52.6,-,5,43,,True,27.58,231.57,3h11m,14h28m,1.7
2008,NGC 6997,NGC 6997,Open Cluster,Cygnus,10.0,15.0,20,56.5,+,44,38,,True,58.78,289.67,22h40m,19h04m,6.3
2009,NGC 7006,NGC 7006,Globular Cluster,Delphinus,10.6,2.8,21,1.5,+,16,11,,True,45.77,247.19,1h59m,15h58m,3.2
2011,NGC 7008,NGC 7008,Planetary Nebula,Cygnus,13.0,1.4,21,0.6,+,54,33,,True,59.8,309.12,---,---,---
2012,NGC 7009,NGC 7009,Planetary Nebula,Aquarius,8.0,1.7,21,4.2,-,11,22,,True,24.52,225.4,3h44m,14h19m,1.55
2013,NGC 7013,NGC 7013,Galaxy,Cygnus,12.0,4.9,21,3.6,+,29,54,,True,54.67,263.6,0h57m,17h04m,4.3
2015,NGC 7015,NGC 7015,Galaxy,Equuleus,13.0,2.0,21,5.7,+,11,25,,True,43.0,241.56,2h22m,15h44m,2.97
2017,NGC 7023,NGC 7023,Cluster Nebulosity,Cepheus,7.0,18.0,21,0.5,+,68,10,,True,55.78,333.71,---,---,---
2018,NGC 7026,NGC 7026,Planetary Nebula,Cygnus,13.0,0.4,21,6.3,+,47,51,,True,60.87,295.64,21h18m,20h44m,7.97
2019,NGC 7027,NGC 7027,Planetary Nebula,Cygnus,10.0,0.3,21,7.1,+,42,14,,True,60.14,284.31,23h21m,18h43m,5.95
2021,NGC 7031,NGC 7031,Open Cluster,Cygnus,9.1,5.0,21,7.3,+,50,50,,True,61.06,301.86,---,---,---
2023,NGC 7039,NGC 7039,Open Cluster,Cygnus,7.6,25.0,21,11.2,+,45,39,,True,61.42,290.87,22h36m,19h35m,6.82
2025,NGC 7042,NGC 7042,Galaxy,Pegasus,13.0,2.2,21,13.8,+,13,33,,True,45.93,241.52,2h21m,16h00m,3.23
2026,NGC 7046,NGC 7046,Galaxy,Equuleus,14.0,2.0,21,14.9,+,2,50,,True,37.76,232.14,3h03m,15h21m,2.58
2027,NGC 7048,NGC 7048,Planetary Nebula,Cygnus,11.0,1.0,21,14.2,+,46,16,,True,62.09,292.14,22h26m,19h52m,7.1
2029,NGC 7052,NGC 7052,Galaxy,Vulpecula,14.0,2.8,21,18.6,+,26,27,,True,55.47,255.38,1h30m,17h01m,4.25
2031,NGC 7062,NGC 7062,Open Cluster,Cygnus,8.3,7.0,21,23.2,+,46,23,,True,63.68,292.08,22h33m,20h04m,7.3
2032,NGC 7063,NGC 7063,Open Cluster,Cygnus,7.0,8.0,21,24.4,+,36,30,,True,61.56,270.92,0h35m,18h07m,5.35
2034,NGC 7067,NGC 7067,Open Cluster,Cygnus,9.7,3.0,21,24.2,+,48,1,,True,63.87,295.75,---,---,---
2037,NGC 7077,NGC 7077,Galaxy,Aquarius,14.0,0.8,21,29.9,+,2,25,,True,39.56,227.87,3h19m,15h35m,2.82
2039,NGC 7080,NGC 7080,Galaxy,Vulpecula,14.0,2.0,21,30.0,+,26,43,,True,57.69,252.97,1h40m,17h14m,4.47
2040,NGC 7082,NGC 7082,Open Cluster,Cygnus,7.2,25.0,21,29.4,+,47,5,,True,64.72,293.67,22h18m,20h30m,7.73
2042,NGC 7086,NGC 7086,Open Cluster,Cygnus,8.4,9.0,21,30.5,+,51,35,,True,64.63,304.14,---,---,---
2045,NGC 7097,NGC 7097,Galaxy,Grus,12.0,2.5,21,40.3,-,42,32,,True,0.95,203.23,7h21m,11h53m,23.12
2046,NGC 7102,NGC 7102,Galaxy,Pegasus,13.1,1.9,21,39.7,+,6,17,,True,44.12,228.03,3h15m,15h58m,3.2
2052,NGC 7128,NGC 7128,Open Cluster,Cygnus,9.7,3.0,21,44.0,+,53,43,,True,66.18,310.16,---,---,---
2053,NGC 7129,NGC 7129,Cluster Nebulosity,Cepheus,12.0,8.0,21,41.3,+,66,6,,True,60.26,334.59,---,---,---
2054,NGC 7137,NGC 7137,Galaxy,Pegasus,12.4,1.5,21,48.2,+,22,10,,True,57.79,241.43,2h20m,17h10m,4.4
2055,NGC 7142,NGC 7142,Open Cluster,Cepheus,9.3,4.0,21,45.9,+,65,48,,True,60.65,334.35,---,---,---
2059,NGC 7156,NGC 7156,Galaxy,Pegasus,13.0,1.7,21,54.6,+,2,57,,True,43.21,221.26,3h42m,16h01m,3.25
2060,NGC 7160,NGC 7160,Open Cluster,Cepheus,6.1,7.0,21,53.7,+,62,36,,True,63.31,330.21,---,---,---
2061,NGC 7162,NGC 7162,Galaxy,Grus,13.0,2.8,21,59.8,-,43,19,,True,1.49,199.64,7h50m,12h03m,23.28
2062,NGC 7166,NGC 7166,Galaxy,Grus,11.8,2.4,22,0.7,-,43,25,,True,1.47,199.46,7h52m,12h03m,23.28
2064,NGC 7171,NGC 7171,Galaxy,Aquarius,12.3,2.8,22,1.0,-,13,16,,True,29.33,210.63,4h48m,15h08m,2.37
2065,NGC 7177,NGC 7177,Galaxy,Pegasus,11.2,3.3,22,0.7,+,17,44,,True,56.4,232.0,2h52m,17h04m,4.3
2066,NGC 7180,NGC 7180,Galaxy,Aquarius,12.5,1.8,22,2.3,-,20,33,,True,22.71,207.27,5h19m,14h39m,1.88
2067,NGC 7184,NGC 7184,Galaxy,Aquarius,12.0,5.8,22,2.7,-,20,49,,True,22.49,207.09,5h20m,14h39m,1.88
2071,NGC 7209,NGC 7209,Open Cluster,Lacerta,6.7,25.0,22,5.2,+,46,30,,True,70.85,292.32,23h12m,20h48m,8.03
2073,NGC 7217,NGC 7217,Galaxy,Pegasus,10.2,3.7,22,7.9,+,31,22,,True,67.09,250.52,1h52m,18h17m,5.52
2074,NGC 7218,NGC 7218,Galaxy,Aquarius,12.1,2.5,22,10.2,-,16,40,,True,27.0,206.88,5h10m,15h04m,2.3
2076,NGC 7226,NGC 7226,Open Cluster,Cepheus,9.6,2.0,22,10.5,+,55,25,,True,69.07,318.14,---,---,---
2078,NGC 7235,NGC 7235,Open Cluster,Cepheus,7.7,4.0,22,12.6,+,57,17,,True,68.32,322.93,---,---,---
2079,NGC 7236,NGC 7236,Galaxy,Pegasus,13.5,1.0,22,14.7,+,13,51,,True,55.13,223.11,3h21m,17h02m,4.27
2080,NGC 7237,NGC 7237,Galaxy,Pegasus,13.7,1.0,22,14.8,+,13,50,,True,55.13,223.1,3h21m,17h02m,4.27
2081,NGC 7240,NGC 7240,Galaxy,Lacerta,13.8,0.8,22,15.4,+,37,17,,True,71.3,263.1,1h20m,19h04m,6.3
2082,NGC 7241,NGC 7241,Galaxy,Pegasus,14.0,3.5,22,15.8,+,19,14,,True,59.76,228.27,3h00m,17h25m,4.65
2083,NGC 7242,NGC 7242,Galaxy,Lacerta,12.0,2.6,22,15.7,+,37,18,,True,71.36,263.09,1h20m,19h05m,6.32
2084,NGC 7243,NGC 7243,Open Cluster,Lacerta,6.4,21.0,22,15.3,+,49,53,,True,71.89,303.79,---,---,---
2085,NGC 7244,NGC 7244,Galaxy,Pegasus,14.4,0.7,22,16.4,+,16,28,,True,57.57,225.02,3h12m,17h14m,4.47
2086,NGC 7245,NGC 7245,Open Cluster,Lacerta,9.2,5.0,22,15.3,+,54,20,,True,70.19,316.43,---,---,---
2087,NGC 7248,NGC 7248,Galaxy,Lacerta,14.0,2.1,22,16.9,+,40,30,,True,72.55,272.74,0h53m,19h34m,6.8
2088,NGC 7252,NGC 7252,Galaxy,Aquarius,12.1,2.2,22,20.7,-,24,41,,True,20.23,201.49,5h56m,14h39m,1.88
2089,NGC 7261,NGC 7261,Open Cluster,Cepheus,8.4,6.0,22,20.4,+,58,5,,True,68.64,326.47,---,---,---
2090,NGC 7274,NGC 7274,Galaxy,Lacerta,14.0,1.8,22,24.2,+,36,8,,True,72.44,257.4,1h37m,19h04m,6.3
2091,NGC 7280,NGC 7280,Galaxy,Pegasus,13.0,2.4,22,26.5,+,16,9,,True,58.56,220.84,3h24m,17h23m,4.62
2092,NGC 7290,NGC 7290,Galaxy,Pegasus,14.0,1.8,22,28.4,+,17,9,,True,59.66,221.04,3h22m,17h29m,4.72
2093,NGC 7292,NGC 7292,Galaxy,Pegasus,13.0,2.1,22,28.4,+,30,18,,True,69.92,240.78,2h19m,18h31m,5.75
2094,NGC 7296,NGC 7296,Open Cluster,Lacerta,10.0,4.0,22,28.2,+,52,17,,True,72.83,313.75,---,---,---
2095,NGC 7298,NGC 7298,Galaxy,Aquarius,14.0,1.5,22,30.8,-,14,11,,True,30.94,202.4,5h21m,15h34m,2.8
2096,NGC 7300,NGC 7300,Galaxy,Aquarius,12.9,2.2,22,31.0,-,14,0,,True,31.12,202.42,5h21m,15h35m,2.82
2097,NGC 7302,NGC 7302,Galaxy,Aquarius,12.1,1.9,22,32.4,-,14,7,,True,31.11,202.01,5h22m,15h36m,2.83
2098,NGC 7307,NGC 7307,Galaxy,Grus,13.0,4.2,22,33.8,-,40,57,,True,5.43,194.27,7h57m,13h04m,0.3
2099,NGC 7309,NGC 7309,Galaxy,Aquarius,12.5,2.1,22,34.3,-,10,21,,True,34.85,202.76,5h10m,15h52m,3.1
2100,NGC 7316,NGC 7316,Galaxy,Pegasus,14.0,1.3,22,35.9,+,20,19,,True,63.29,221.29,3h16m,17h50m,5.07
2101,NGC 7317,NGC 7317,Galaxy,Pegasus,13.6,1.0,22,35.9,+,33,57,,True,73.41,246.86,2h04m,19h01m,6.25
2102,NGC 7318,NGC 7318,Galaxy,Pegasus,13.1,1.9,22,36.0,+,33,58,,True,73.43,246.88,2h04m,19h01m,6.25
2103,NGC 7319,NGC 7319,Galaxy,Pegasus,13.1,1.7,22,36.1,+,33,59,,True,73.46,246.87,2h04m,19h01m,6.25
2104,NGC 7320,NGC 7320,Galaxy,Pegasus,12.7,2.2,22,36.1,+,33,57,,True,73.44,246.79,2h04m,19h01m,6.25
2106,NGC 7331,NGC 7331,Galaxy,Pegasus,9.5,10.0,22,37.1,+,34,25,,True,73.88,247.75,2h02m,19h05m,6.32
2107,NGC 7332,NGC 7332,Galaxy,Pegasus,11.0,4.2,22,37.4,+,23,48,,True,66.38,225.11,3h01m,18h07m,5.35
2108,NGC 7335,NGC 7335,Galaxy,Pegasus,15.0,1.7,22,37.3,+,34,27,,True,73.94,247.74,2h02m,19h06m,6.33
2109,NGC 7339,NGC 7339,Galaxy,Pegasus,12.1,3.0,22,37.8,+,23,47,,True,66.42,224.91,3h02m,18h07m,5.35
2110,NGC 7343,NGC 7343,Galaxy,Pegasus,13.4,1.2,22,38.6,+,34,4,,True,73.95,246.07,2h06m,19h04m,6.3
2111,NGC 7348,NGC 7348,Galaxy,Pegasus,15.0,1.3,22,40.6,+,11,54,,True,56.32,211.59,3h54m,17h20m,4.57
2112,NGC 7354,NGC 7354,Planetary Nebula,Cepheus,13.0,0.3,22,40.4,+,61,17,,True,68.11,337.4,---,---,---
2113,NGC 7363,NGC 7363,Galaxy,Pegasus,15.0,1.1,22,43.3,+,34,0,,True,74.69,243.76,2h11m,19h09m,6.38
2114,NGC 7371,NGC 7371,Galaxy,Aquarius,12.1,2.1,22,46.1,-,11,0,,True,35.01,199.17,5h24m,16h02m,3.27
2115,NGC 7377,NGC 7377,Galaxy,Aquarius,11.6,2.2,22,47.8,-,22,19,,True,24.11,195.69,6h12m,15h17m,2.52
2116,NGC 7380,NGC 7380,Cluster Nebulosity,Cepheus,7.2,25.0,22,47.0,+,58,6,,True,71.16,333.93,---,---,---
2117,NGC 7383,NGC 7383,Galaxy,Pegasus,13.9,1.0,22,49.6,+,11,36,,True,56.82,207.65,4h05m,17h28m,4.7
2118,NGC 7385,NGC 7385,Galaxy,Pegasus,12.3,1.6,22,49.9,+,11,36,,True,56.9,207.55,4h05m,17h28m,4.7
2119,NGC 7386,NGC 7386,Galaxy,Pegasus,12.5,2.1,22,50.0,+,11,42,,True,56.99,207.56,4h05m,17h29m,4.72
2120,NGC 7387,NGC 7387,Galaxy,Pegasus,14.0,0.7,22,50.3,+,11,38,,True,56.96,207.41,4h05m,17h29m,4.72
2121,NGC 7389,NGC 7389,Galaxy,Pegasus,13.4,1.3,22,50.3,+,11,35,,True,56.89,207.37,4h05m,17h28m,4.7
2122,NGC 7392,NGC 7392,Galaxy,Aquarius,11.9,2.0,22,51.8,-,20,36,,True,25.97,195.08,6h09m,15h29m,2.72
2123,NGC 7393,NGC 7393,Galaxy,Aquarius,14.0,2.0,22,51.7,-,5,33,,True,40.62,199.18,5h09m,16h27m,3.68
2124,NGC 7410,NGC 7410,Galaxy,Grus,10.4,5.5,22,55.0,-,39,40,,True,7.48,190.57,8h06m,13h38m,0.87
2125,NGC 7412,NGC 7412,Galaxy,Grus,11.4,4.0,22,55.8,-,42,39,,True,4.63,189.91,8h37m,13h08m,0.37
2126,NGC 7416,NGC 7416,Galaxy,Aquarius,12.3,3.4,22,55.7,-,5,30,,True,40.92,197.9,5h13m,16h32m,3.77
2127,NGC 7418,NGC 7418,Galaxy,Grus,11.4,3.3,22,56.6,-,37,2,,True,10.1,190.73,7h45m,14h01m,1.25
2128,NGC 7419,NGC 7419,Open Cluster,Cepheus,13.0,2.0,22,54.3,+,60,50,,True,69.44,340.59,---,---,---
2129,NGC 7421,NGC 7421,Galaxy,Grus,12.0,2.2,22,56.9,-,37,21,,True,9.8,190.61,7h48m,13h59m,1.22
2130,NGC 7423,NGC 7423,Open Cluster,Cepheus,15.0,6.0,22,55.3,+,57,8,,True,72.62,334.61,---,---,---
2131,NGC 7424,NGC 7424,Galaxy,Grus,11.0,7.6,22,57.3,-,41,4,,True,6.19,189.89,8h22m,13h26m,0.67
2132,NGC 7428,NGC 7428,Galaxy,Pisces,14.0,2.6,22,57.3,-,1,2,,True,45.33,198.79,4h59m,16h49m,4.05
2133,NGC 7437,NGC 7437,Galaxy,Pegasus,13.0,1.9,22,58.2,+,14,18,,True,60.12,205.7,4h03m,17h47m,5.02
2134,NGC 7440,NGC 7440,Galaxy,Andromeda,15.0,1.9,22,58.5,+,35,48,,True,78.28,242.07,2h14m,19h36m,6.83
2135,NGC 7442,NGC 7442,Galaxy,Pegasus,14.0,1.2,22,59.4,+,15,33,,True,61.39,205.95,3h59m,17h53m,5.12
2136,NGC 7443,NGC 7443,Galaxy,Aquarius,14.0,1.8,23,0.1,-,12,48,,True,34.0,194.61,5h45m,16h09m,3.38
2137,NGC 7444,NGC 7444,Galaxy,Aquarius,14.0,2.0,23,0.1,-,12,50,,True,33.98,194.6,5h45m,16h09m,3.38
2138,NGC 7448,NGC 7448,Galaxy,Pegasus,11.7,2.7,23,0.1,+,15,59,,True,61.85,205.97,3h58m,17h56m,5.17
2139,NGC 7454,NGC 7454,Galaxy,Pegasus,14.0,2.0,23,1.1,+,16,23,,True,62.32,205.75,3h57m,17h58m,5.2
2140,NGC 7456,NGC 7456,Galaxy,Grus,12.0,5.9,23,2.1,-,39,35,,True,7.79,189.21,8h12m,13h46m,1.0
2141,NGC 7457,NGC 7457,Galaxy,Pegasus,10.8,4.4,23,1.0,+,30,9,,True,74.6,223.37,2h52m,19h03m,6.28
2142,NGC 7460,NGC 7460,Galaxy,Pisces,14.0,1.3,23,1.8,+,2,16,,True,48.81,198.38,4h51m,17h06m,4.33
2143,NGC 7462,NGC 7462,Galaxy,Grus,13.0,3.7,23,2.8,-,40,50,,True,6.58,188.9,8h25m,13h34m,0.8
2144,NGC 7463,NGC 7463,Galaxy,Pegasus,13.0,3.0,23,1.9,+,15,59,,True,62.0,205.1,4h00m,17h57m,5.18
2145,NGC 7464,NGC 7464,Galaxy,Pegasus,14.0,0.7,23,1.9,+,15,58,,True,61.99,205.08,4h00m,17h57m,5.18
2146,NGC 7465,NGC 7465,Galaxy,Pegasus,13.0,1.6,23,2.0,+,15,58,,True,61.99,205.01,4h00m,17h57m,5.18
2147,NGC 7468,NGC 7468,Galaxy,Pegasus,14.0,1.1,23,3.0,+,16,36,,True,62.67,204.99,3h58m,18h01m,5.25
2148,NGC 7469,NGC 7469,Galaxy,Pegasus,11.9,1.8,23,3.3,+,8,52,,True,55.3,200.44,4h29m,17h31m,4.75
2149,NGC 7479,NGC 7479,Galaxy,Pegasus,11.0,4.1,23,4.9,+,12,19,,True,58.73,201.42,4h17m,17h46m,5.0
2150,NGC 7492,NGC 7492,Globular Cluster,Aquarius,11.5,6.2,23,8.4,-,15,37,,True,31.59,191.68,6h04m,16h06m,3.33
2151,NGC 7495,NGC 7495,Galaxy,Pegasus,15.0,2.1,23,9.0,+,12,4,,True,58.73,199.46,4h22m,17h49m,5.05
2152,NGC 7496,NGC 7496,Galaxy,Grus,11.1,3.5,23,9.8,-,43,26,,True,4.25,187.25,9h01m,13h12m,0.43
2153,NGC 7497,NGC 7497,Galaxy,Pegasus,13.0,5.0,23,9.1,+,18,11,,True,64.62,203.02,3h58m,18h14m,5.47
2154,NGC 7499,NGC 7499,Galaxy,Pisces,13.8,1.4,23,10.4,+,7,35,,True,54.47,196.93,4h40m,17h34m,4.8
2155,NGC 7501,NGC 7501,Galaxy,Pisces,13.8,0.8,23,10.5,+,7,35,,True,54.49,196.88,4h40m,17h34m,4.8
2156,NGC 7503,NGC 7503,Galaxy,Pisces,13.8,0.9,23,10.7,+,7,34,,True,54.48,196.79,4h40m,17h34m,4.8
2157,NGC 7507,NGC 7507,Galaxy,Sculptor,10.4,2.6,23,12.1,-,28,32,,True,18.94,188.72,7h07m,15h11m,2.42
2158,NGC 7510,NGC 7510,Open Cluster,Cepheus,7.9,4.0,23,11.5,+,60,34,,True,70.56,345.62,---,---,---
2159,NGC 7513,NGC 7513,Galaxy,Sculptor,11.8,3.2,23,13.2,-,28,22,,True,19.15,188.48,7h07m,15h13m,2.45
2160,NGC 7518,NGC 7518,Galaxy,Pisces,14.0,1.5,23,13.1,+,6,19,,True,53.39,195.32,4h48m,17h32m,4.77
2161,NGC 7531,NGC 7531,Galaxy,Grus,11.3,3.5,23,14.8,-,43,36,,True,4.19,186.32,9h08m,13h14m,0.47
2162,NGC 7532,NGC 7532,Galaxy,Pisces,15.0,1.8,23,14.4,-,2,42,,True,44.54,192.42,5h22m,17h00m,4.23
2163,NGC 7537,NGC 7537,Galaxy,Pisces,13.2,2.3,23,14.6,+,4,30,,True,51.66,194.2,4h56m,17h27m,4.68
2164,NGC 7541,NGC 7541,Galaxy,Pisces,11.7,3.5,23,14.7,+,4,32,,True,51.7,194.15,4h56m,17h27m,4.68
2165,NGC 7547,NGC 7547,Galaxy,Pegasus,15.0,1.3,23,15.0,+,18,58,,True,65.8,200.32,4h01m,18h23m,5.62
2166,NGC 7549,NGC 7549,Galaxy,Pegasus,14.0,2.9,23,15.3,+,19,2,,True,65.88,200.24,4h00m,18h23m,5.62
2167,NGC 7550,NGC 7550,Galaxy,Pegasus,14.0,1.7,23,15.3,+,18,57,,True,65.8,200.2,4h01m,18h23m,5.62
2168,NGC 7552,NGC 7552,Galaxy,Grus,10.7,3.5,23,16.2,-,42,35,,True,5.2,186.18,8h57m,13h29m,0.72
2169,NGC 7562,NGC 7562,Galaxy,Pisces,11.5,2.3,23,16.0,+,6,41,,True,53.88,194.31,4h49m,17h36m,4.83
2170,NGC 7576,NGC 7576,Galaxy,Aquarius,13.0,1.5,23,17.4,-,4,44,,True,42.67,190.98,5h32m,16h56m,4.17
2171,NGC 7578,NGC 7578,Galaxy,Pegasus,14.0,1.6,23,17.2,+,18,41,,True,65.67,198.95,4h04m,18h24m,5.63
2172,NGC 7580,NGC 7580,Galaxy,Pegasus,15.0,0.9,23,17.6,+,14,0,,True,61.12,196.28,4h23m,18h05m,5.32
2173,NGC 7582,NGC 7582,Galaxy,Grus,10.6,4.6,23,18.4,-,42,22,,True,5.45,185.8,8h57m,13h33m,0.78
2174,NGC 7585,NGC 7585,Galaxy,Aquarius,11.7,2.3,23,18.0,-,4,39,,True,42.78,190.78,5h32m,16h57m,4.18
2175,NGC 7587,NGC 7587,Galaxy,Pegasus,15.0,1.4,23,18.0,+,9,41,,True,56.91,194.42,4h40m,17h49m,5.05
2176,NGC 7590,NGC 7590,Galaxy,Grus,11.6,2.7,23,18.9,-,42,14,,True,5.59,185.72,8h56m,13h35m,0.82
2177,NGC 7592,NGC 7592,Galaxy,Aquarius,14.0,1.4,23,18.4,-,4,25,,True,43.02,190.71,5h32m,16h58m,4.2
2178,NGC 7599,NGC 7599,Galaxy,Grus,11.4,4.4,23,19.3,-,42,15,,True,5.58,185.63,8h56m,13h36m,0.83
2179,NGC 7600,NGC 7600,Galaxy,Aquarius,13.0,2.4,23,18.9,-,7,35,,True,39.9,189.97,5h44m,16h47m,4.02
2180,NGC 7601,NGC 7601,Galaxy,Pegasus,15.0,1.5,23,18.8,+,9,14,,True,56.51,193.92,4h43m,17h48m,5.03
2181,NGC 7603,NGC 7603,Galaxy,Pisces,14.0,1.7,23,19.0,+,0,15,,True,47.65,191.45,5h16m,17h16m,4.5
2182,NGC 7606,NGC 7606,Galaxy,Aquarius,10.8,5.8,23,19.1,-,8,29,,True,39.01,189.76,5h47m,16h44m,3.97
2183,NGC 7609,NGC 7609,Galaxy,Pegasus,15.0,1.5,23,19.5,+,9,29,,True,56.81,193.69,4h42m,17h50m,5.07
2184,NGC 7610,NGC 7610,Galaxy,Pegasus,15.0,3.0,23,19.6,+,10,10,,True,57.48,193.83,4h40m,17h53m,5.12
2185,NGC 7611,NGC 7611,Galaxy,Pisces,12.6,1.5,23,19.6,+,8,4,,True,55.39,193.19,4h48m,17h45m,4.98
2186,NGC 7615,NGC 7615,Galaxy,Pegasus,16.0,1.2,23,19.9,+,8,24,,True,55.73,193.17,4h47m,17h46m,5.0
2187,NGC 7617,NGC 7617,Galaxy,Pisces,13.8,1.0,23,20.2,+,8,10,,True,55.51,192.99,4h48m,17h46m,5.0
2188,NGC 7619,NGC 7619,Galaxy,Pegasus,11.1,2.9,23,20.2,+,8,12,,True,55.56,192.96,4h48m,17h46m,5.0
2189,NGC 7620,NGC 7620,Galaxy,Pegasus,14.0,1.3,23,20.1,+,24,13,,True,71.16,201.33,3h42m,18h51m,6.08
2190,NGC 7623,NGC 7623,Galaxy,Pegasus,12.4,1.9,23,20.5,+,8,24,,True,55.76,192.91,4h48m,17h47m,5.02
2191,NGC 7624,NGC 7624,Galaxy,Pegasus,13.4,1.1,23,20.4,+,27,19,,True,74.11,204.46,3h27m,19h07m,6.35
2192,NGC 7625,NGC 7625,Galaxy,Pegasus,12.1,1.8,23,20.5,+,17,14,,True,64.42,196.33,4h13m,18h21m,5.58
2193,NGC 7626,NGC 7626,Galaxy,Pegasus,11.2,2.5,23,20.7,+,8,13,,True,55.59,192.76,4h48m,17h46m,5.0
2194,NGC 7631,NGC 7631,Galaxy,Pegasus,14.0,1.9,23,21.4,+,8,13,,True,55.62,192.45,4h49m,17h47m,5.02
2195,NGC 7634,NGC 7634,Galaxy,Pegasus,14.0,1.5,23,21.6,+,8,52,,True,56.29,192.53,4h47m,17h50m,5.07
2196,NGC 7640,NGC 7640,Galaxy,Andromeda,10.9,10.0,23,22.1,+,40,51,,True,84.69,259.3,1h55m,20h42m,7.93
2197,NGC 7648,NGC 7648,Galaxy,Pegasus,14.0,1.9,23,23.8,+,9,39,,True,57.14,191.78,4h46m,17h55m,5.15
2198,NGC 7649,NGC 7649,Galaxy,Pegasus,13.7,1.6,23,24.3,+,14,38,,True,62.07,193.19,4h27m,18h14m,5.47
2199,NGC 7662,NGC 7662,Planetary Nebula,Andromeda,9.0,2.2,23,25.9,+,42,33,,True,85.57,278.4,1h40m,21h05m,8.32
2200,NGC 7671,NGC 7671,Galaxy,Pegasus,12.7,1.7,23,27.3,+,12,28,,True,60.04,190.99,4h39m,18h09m,5.38
2201,NGC 7672,NGC 7672,Galaxy,Pegasus,15.0,1.0,23,27.5,+,12,23,,True,59.96,190.87,4h39m,18h09m,5.38
2202,NGC 7673,NGC 7673,Galaxy,Pegasus,12.7,1.7,23,27.7,+,23,35,,True,70.99,195.67,3h53m,18h56m,6.17
2203,NGC 7674,NGC 7674,Galaxy,Pegasus,14.0,1.2,23,27.9,+,8,47,,True,56.41,189.75,4h54m,17h56m,5.17
2204,NGC 7675,NGC 7675,Galaxy,Pegasus,15.0,0.7,23,28.0,+,8,46,,True,56.4,189.68,4h54m,17h56m,5.17
2205,NGC 7677,NGC 7677,Galaxy,Pegasus,14.0,1.9,23,28.1,+,23,32,,True,70.96,195.34,3h53m,18h56m,6.17
2206,NGC 7678,NGC 7678,Galaxy,Pegasus,12.2,2.3,23,28.5,+,22,25,,True,69.89,194.41,3h59m,18h51m,6.08
2207,NGC 7679,NGC 7679,Galaxy,Pisces,12.7,1.9,23,28.8,+,3,31,,True,51.2,188.35,5h14m,17h37m,4.85
2208,NGC 7682,NGC 7682,Galaxy,Pisces,13.4,1.2,23,29.1,+,3,32,,True,51.23,188.24,5h14m,17h38m,4.87
2209,NGC 7685,NGC 7685,Galaxy,Pisces,15.0,2.1,23,30.6,+,3,54,,True,51.64,187.71,5h14m,17h40m,4.9
2210,NGC 7686,NGC 7686,Open Cluster,Andromeda,5.6,15.0,23,30.2,+,49,8,,True,82.06,335.58,---,---,---
2214,NGC 7713,NGC 7713,Galaxy,Sculptor,12.0,4.3,23,36.5,-,37,56,,True,10.05,182.69,8h32m,14h34m,1.8
2215,NGC 7714,NGC 7714,Galaxy,Pisces,13.0,2.1,23,36.2,+,2,9,,True,50.01,185.24,5h26m,17h40m,4.9
2216,NGC 7715,NGC 7715,Galaxy,Pisces,15.0,2.6,23,36.4,+,2,9,,True,50.02,185.19,5h26m,17h40m,4.9
2217,NGC 7716,NGC 7716,Galaxy,Pisces,12.2,2.3,23,36.5,+,0,18,,True,48.17,184.94,5h33m,17h33m,4.78
2218,NGC 7720,NGC 7720,Galaxy,Pegasus,12.6,1.9,23,38.5,+,27,2,,True,74.82,189.59,3h47m,19h24m,6.63
2219,NGC 7721,NGC 7721,Galaxy,Aquarius,11.8,3.4,23,38.8,-,6,31,,True,41.4,183.61,6h00m,17h11m,4.42
2220,NGC 7723,NGC 7723,Galaxy,Aquarius,11.1,3.6,23,38.9,-,12,58,,True,34.97,183.2,6h24m,16h47m,4.02
2221,NGC 7727,NGC 7727,Galaxy,Aquarius,10.7,4.2,23,39.9,-,12,18,,True,35.64,182.95,6h23m,16h50m,4.07
2222,NGC 7731,NGC 7731,Galaxy,Pisces,14.0,1.7,23,41.6,+,3,45,,True,51.67,183.31,5h25m,17h51m,5.08
2223,NGC 7732,NGC 7732,Galaxy,Pisces,15.0,2.0,23,41.7,+,3,44,,True,51.65,183.28,5h26m,17h51m,5.08
2224,NGC 7738,NGC 7738,Galaxy,Pisces,14.0,2.2,23,44.1,+,0,31,,True,48.47,182.14,5h40m,17h42m,4.93
2225,NGC 7741,NGC 7741,Galaxy,Pegasus,11.4,4.0,23,43.9,+,26,5,,True,74.0,184.74,3h57m,19h24m,6.63
2226,NGC 7742,NGC 7742,Galaxy,Pegasus,11.5,2.0,23,44.3,+,10,46,,True,58.71,182.58,5h02m,18h19m,5.55
2227,NGC 7743,NGC 7743,Galaxy,Pegasus,11.2,3.1,23,44.4,+,9,56,,True,57.88,182.48,5h06m,18h16m,5.5
2228,NGC 7744,NGC 7744,Galaxy,Phoenix,13.0,2.3,23,45.0,-,42,55,,True,5.2,180.87,9h30m,13h53m,1.12
2229,NGC 7750,NGC 7750,Galaxy,Pisces,14.0,1.8,23,46.7,+,3,47,,True,51.77,181.24,5h30m,17h56m,5.17
2230,NGC 7752,NGC 7752,Galaxy,Pegasus,14.0,0.7,23,47.0,+,29,27,,True,77.41,182.74,3h42m,19h45m,6.98
2231,NGC 7753,NGC 7753,Galaxy,Pegasus,13.0,3.4,23,47.1,+,29,29,,True,77.44,182.64,3h42m,19h45m,6.98
2232,NGC 7755,NGC 7755,Galaxy,Sculptor,12.0,3.7,23,47.9,-,30,31,,True,17.49,180.42,7h53m,15h35m,2.82
2233,NGC 7762,NGC 7762,Open Cluster,Cepheus,10.0,11.0,23,49.8,+,68,2,,True,64.02,0.02,---,---,---
2234,NGC 7764,NGC 7764,Galaxy,Phoenix,12.3,1.5,23,50.9,-,40,44,,True,7.35,179.77,9h12m,14h23m,1.62
2235,NGC 7768,NGC 7768,Galaxy,Pegasus,14.0,1.7,23,50.9,+,27,10,,True,75.11,178.91,3h58m,19h37m,6.85
2236,NGC 7769,NGC 7769,Galaxy,Pegasus,12.1,1.8,23,51.1,+,20,9,,True,68.12,179.15,4h31m,19h04m,6.3
2237,NGC 7770,NGC 7770,Galaxy,Pegasus,15.0,1.0,23,51.4,+,20,6,,True,68.06,178.96,4h32m,19h04m,6.3
2238,NGC 7771,NGC 7771,Galaxy,Pegasus,12.3,2.7,23,51.4,+,20,7,,True,68.08,178.93,4h32m,19h04m,6.3
2239,NGC 7779,NGC 7779,Galaxy,Pisces,14.0,1.6,23,53.4,+,7,52,,True,55.84,178.35,5h22m,18h18m,5.53
2240,NGC 7780,NGC 7780,Galaxy,Pisces,15.0,1.2,23,53.6,+,8,7,,True,56.08,178.31,5h21m,18h19m,5.55
2241,NGC 7782,NGC 7782,Galaxy,Pisces,13.0,2.4,23,53.9,+,7,58,,True,55.93,178.15,5h22m,18h18m,5.53
2242,NGC 7783,NGC 7783,Galaxy,Pisces,14.0,1.9,23,54.2,+,0,23,,True,48.35,178.32,5h50m,17h51m,5.08
2243,NGC 7785,NGC 7785,Galaxy,Pisces,11.6,2.3,23,55.3,+,5,55,,True,53.87,177.64,5h31m,18h12m,5.43
2244,NGC 7788,NGC 7788,Open Cluster,Cassiopeia,9.0,9.0,23,56.7,+,61,24,,True,70.62,2.48,---,---,---
2245,NGC 7789,NGC 7789,Open Cluster,Cassiopeia,6.7,16.0,23,57.0,+,56,44,,True,75.28,4.13,---,---,---
2246,NGC 7790,NGC 7790,Open Cluster,Cassiopeia,8.5,17.0,23,58.4,+,61,13,,True,70.79,3.16,---,---,---
2247,NGC 7793,NGC 7793,Galaxy,Sculptor,9.1,9.1,23,57.8,-,32,35,,True,15.41,178.23,8h16m,15h33m,2.78
2249,NGC 7798,NGC 7798,Galaxy,Pegasus,13.0,1.5,23,59.4,+,20,45,,True,68.62,173.77,4h37m,19h15m,6.48
2250,NGC 7800,NGC 7800,Galaxy,Pegasus,13.0,2.6,23,59.6,+,14,49,,True,62.69,174.79,5h02m,18h50m,6.07
2251,NGC 7805,NGC 7805,Galaxy,Pegasus,14.0,1.4,0,1.4,+,31,26,,True,79.14,166.61,3h45m,20h11m,7.42
2252,NGC 7806,NGC 7806,Galaxy,Pegasus,14.0,1.3,0,1.5,+,31,27,,True,79.15,166.55,3h45m,20h11m,7.42
2253,NGC 7814,NGC 7814,Galaxy,Pegasus,10.5,6.3,0,3.3,+,16,9,,True,63.95,172.59,5h00m,18h59m,6.22
2254,NGC 7816,NGC 7816,Galaxy,Pisces,14.0,1.9,0,3.8,+,7,28,,True,55.31,173.85,5h34m,18h27m,5.68
2255,NGC 7817,NGC 7817,Galaxy,Pegasus,12.0,3.7,0,4.0,+,20,45,,True,68.51,170.87,4h42m,19h19m,6.55
2256,NGC 7819,NGC 7819,Galaxy,Pegasus,14.0,2.0,0,4.4,+,31,29,,True,79.04,163.32,3h48m,20h14m,7.47
2257,M1,NGC 1952 Crab Nebula,Supernova Remnant,Taurus,8.4,6.0,5,34.5,+,22,1.0,"6,300",True,17.3,75.61,10h06m,0h59m,12.22
2258,M2,NGC 7089  ,Globular Cluster,Aquarius,6.5,12.9,21,33.5,-,0,49.0,"37,500",True,37.29,224.73,3h34m,15h26m,2.67
2262,M11,NGC 6705 Wild Duck Cluster,Open Cluster,Scutum,6.3,14.0,18,51.1,-,6,16.0,"6,000",True,7.14,254.97,1h12m,12h25m,23.65
2263,M13,NGC 6205 Hercules Globular Cluster,Globular Cluster,Hercules,5.8,16.6,16,41.7,+,36,28.0,"22,800",True,12.97,307.9,19h50m,13h25m,0.65
2264,M15,NGC 7078  ,Globular Cluster,Pegasus,6.2,12.3,21,30.0,+,12,10.0,"33,600",True,47.43,235.82,2h43m,16h11m,3.42
2272,M26,NGC 6694  ,Open Cluster,Scutum,8.0,15.0,18,45.2,-,9,24.0,"5,000",True,4.02,253.71,1h18m,12h08m,23.37
2273,M27,NGC 6853 Dumbbell Nebula,Planetary Nebula,Vulpecula,7.4,8.0,19,59.6,+,22,43.0,"1,250",True,38.81,266.7,0h29m,15h24m,2.63
2275,M29,NGC 6913  ,Open Cluster,Cygnus,7.1,7.0,20,23.9,+,38,32.0,"4,000",True,51.2,282.53,23h15m,17h23m,4.62
2276,M30,NGC 7099  ,Globular Cluster,Capricornus,7.2,11.0,21,40.4,-,23,11.0,"24,800",True,18.31,211.18,5h09m,14h06m,1.33
2277,M32,NGC 221 Satellite of M31,Elliptical Galaxy,Andromeda,8.1,8.0,0,42.7,+,40,52.0,"2,900,000",True,80.02,92.32,3h15m,22h03m,9.28
2278,M34,NGC 1039  ,Open Cluster,Perseus,5.5,35.0,2,42.0,+,42,47.0,"1,400",True,58.53,73.85,4h53m,0h27m,11.68
2279,M35,NGC 2168  ,Open Cluster,Gemini,5.3,28.0,6,8.9,+,24,20.0,"2,800",True,12.74,68.53,10h29m,1h43m,12.95
2280,M36,NGC 1960  ,Open Cluster,Auriga,6.3,12.0,5,36.1,+,34,8.0,"4,100",True,24.35,65.05,9h02m,2h05m,13.32
2281,M37,NGC 2099  ,Open Cluster,Auriga,6.2,24.0,5,52.4,+,32,33.0,"4,400",True,20.73,64.27,9h29m,2h11m,13.42
2282,M38,NGC 1912  ,Open Cluster,Auriga,7.4,21.0,5,28.7,+,35,50.0,"4,200",True,26.6,64.47,8h43m,2h10m,13.4
2283,M39,NGC 7092  ,Open Cluster,Cygnus,5.2,32.0,21,32.2,+,48,26.0,825,True,65.13,296.75,---,---,---
2284,M40,Winecke 4,Double Star,Ursa Major,9.0,0.82,12,22.2,+,58,5.0,510,True,10.44,355.63,---,---,---
2290,M51,NGC 5194 Whirlpool Galaxy,Spiral Galaxy,Canes Venatici,8.4,11.0,13,29.9,+,47,12.0,"37,000,000",True,2.23,343.26,14h19m,12h33m,23.78
2291,M52,NGC 7654  ,Open Cluster,Cassiopeia,7.3,13.0,23,24.2,+,61,35.0,"5,000",True,70.1,351.26,---,---,---
2295,M56,NGC 6779  ,Globular Cluster,Lyra,8.3,7.1,19,16.6,+,30,11.0,"31,600",True,35.07,281.21,23h05m,15h19m,2.55
2296,M57,NGC 6720 Ring Nebula,Planetary Nebula,Lyra,8.8,1.4,18,53.6,+,33,2.0,"4,100",True,32.45,287.25,22h25m,15h13m,2.45
2309,M71,NGC 6838  ,Globular Cluster,Sagitta,8.3,7.2,19,53.8,+,18,47.0,"11,700",True,35.32,263.83,0h41m,15h01m,2.25
2310,M72,NGC 6981,Globular Cluster,Aquarius,9.3,5.9,20,53.5,-,12,32.0,"52,800",True,22.1,227.09,3h38m,14h03m,1.28
2311,M73,NGC 6994  Group of 4 stars,Group/Asterism,Aquarius,9.0,2.8,20,59.0,-,12,38.0,"2,000",True,22.77,225.82,3h44m,14h09m,1.38
2312,M74,NGC 628 ,Spiral Galaxy,Pisces,9.4,10.2,1,36.7,+,15,47.0,"35,000,000",True,55.14,130.77,6h35m,20h31m,7.75
2313,M75,NGC 6864  ,Globular Cluster,Sagittarius,8.5,6.0,20,6.1,-,21,55.0,"57,700",True,7.94,230.85,3h29m,12h37m,23.85
2314,M76,"NGC 650 Little Dumbell, Cork, Butterfly Nebula",Planetary Nebula,Perseus,10.1,2.7,1,42.3,+,51,34.0,"3,400",True,68.69,53.75,---,---,---
2315,M77,NGC 1068 Cetus A,Spiral Galaxy,Cetus,8.9,7.0,2,42.7,+,0,1.0,"60,000,000",True,32.77,125.46,8h40m,20h38m,7.87
2316,M78,NGC 2068  ,Diffuse Nebula,Orion,8.3,8.0,5,46.7,+,0,3.0,"1,600",True,0.96,90.48,11h43m,23h41m,10.92
2319,M81,NGC 3031 Bode¹s Galaxy,Spiral Galaxy,Ursa Major,6.9,21.0,9,55.6,+,69,4.0,"12,000,000",True,23.14,10.69,---,---,---
2320,M82,NGC 3034 Cigar Galaxy,Irregular Galaxy,Ursa Major,8.4,9.0,9,55.8,+,69,41.0,"12,000,000",True,23.69,10.4,---,---,---
2330,M92,NGC 6341  ,Globular Cluster,Hercules,6.4,11.2,17,17.1,+,43,8.0,"26,400",True,22.44,308.61,19h22m,15h04m,2.3
2335,M97,NGC 3587 Owl Nebula,Planetary Nebula,Ursa Major,9.9,3.4,11,14.8,+,55,1.0,"2,600",True,7.46,5.02,---,---,---
2339,M101,NGC 5457 Pinwheel Galaxy,Spiral Galaxy,Ursa Major,7.9,22.0,14,3.2,+,54,21.0,"27,000,000",True,10.61,340.96,---,---,---
2340,M102,NGC 5866 Spindle Galaxy,Lenticular (S0) Galaxy,Draco,9.9,5.2,15,6.5,+,55,46.0,"40,000,000",True,16.35,333.65,---,---,---
2341,M103,NGC 581,Open Cluster,Cassiopeia,7.4,6.0,1,33.2,+,60,42.0,"8,000",True,65.67,31.3,---,---,---
2345,M108,NGC 3556,Spiral Galaxy,Ursa Major,10.0,8.0,11,11.5,+,55,40.0,"45,000,000",True,8.15,5.41,---,---,---
2346,M109,NGC 3992,Spiral Galaxy,Ursa Major,9.8,7.0,11,57.6,+,53,23.0,"55,000,000",True,5.58,358.81,---,---,---
2347,M110,NGC 205 Satellite of M31,Elliptical Galaxy,Andromeda,8.5,17.0,0,40.4,+,41,41.0,"2,900,000",True,80.58,87.9,3h04m,22h09m,9.38
2348,Mercury,Mercury,Planet,---,-1.05,0.1,---,---,---,---,---,0.0,True,51.93,152.54,6h28m,19h20m,6.57
2349,Venus,Venus,Planet,---,-4.37,0.36,---,---,---,---,---,0.0,True,45.34,106.66,7h36m,22h02m,9.27
2350,Mars,Mars,Planet,---,1.29,0.09,---,---,---,---,---,0.0,True,36.24,93.38,8h24m,23h06m,10.33
2352,Saturn,Saturn,Planet,---,-0.02,0.73,---,---,---,---,---,0.0,True,8.53,66.79,10h55m,1h55m,13.15
2353,Uranus,Uranus,Planet,---,6.0,0.21,---,---,---,---,---,0.0,True,33.95,205.12,5h02m,15h43m,2.95
2354,Neptune,Neptune,Planet,---,7.84,0.09,---,---,---,---,---,0.0,True,20.59,221.66,4h08m,14h02m,1.27
2355,Moon,Moon,Moon,---,-3.14,31.25,---,---,---,---,---,0.0,True,43.15,177.1,6h08m,17h53m,5.12
